<?xml version='1.0' encoding='UTF-8'?>
<gpx version="1.1" creator="https://www.komoot.de" xmlns="http://www.topografix.com/GPX/1/1" xmlns:xsi="http://www.w3.org/2001/XMLSchema-instance" xsi:schemaLocation="http://www.topografix.com/GPX/1/1 http://www.topografix.com/GPX/1/1/gpx.xsd">
  <metadata>
    <name>Пицунда. Шоссе группа</name>
    <author>
      <link href="https://www.komoot.de">
        <text>komoot</text>
        <type>text/html</type>
      </link>
    </author>
  </metadata>
  <trk>
    <name>Пицунда. Шоссе группа</name>
    <type>touring_bicycle</type>
    <trkseg>
      <trkpt lat="43.272645" lon="40.274134">
        <ele>6.499956</ele>
        <time>2026-04-30T13:09:02.766Z</time>
      </trkpt>
      <trkpt lat="43.272387" lon="40.274408">
        <ele>6.499956</ele>
        <time>2026-04-30T13:09:08.877Z</time>
      </trkpt>
      <trkpt lat="43.272060" lon="40.274909">
        <ele>6.499956</ele>
        <time>2026-04-30T13:09:18.336Z</time>
      </trkpt>
      <trkpt lat="43.271480" lon="40.275530">
        <ele>7.293881</ele>
        <time>2026-04-30T13:09:33.749Z</time>
      </trkpt>
      <trkpt lat="43.270214" lon="40.276868">
        <ele>9.237662</ele>
        <time>2026-04-30T13:10:11.351Z</time>
      </trkpt>
      <trkpt lat="43.269347" lon="40.277750">
        <ele>10.548756</ele>
        <time>2026-04-30T13:10:36.369Z</time>
      </trkpt>
      <trkpt lat="43.268616" lon="40.278275">
        <ele>10.342329</ele>
        <time>2026-04-30T13:10:52.472Z</time>
      </trkpt>
      <trkpt lat="43.267954" lon="40.278701">
        <ele>9.641708</ele>
        <time>2026-04-30T13:11:03.772Z</time>
      </trkpt>
      <trkpt lat="43.267888" lon="40.278738">
        <ele>9.573390</ele>
        <time>2026-04-30T13:11:04.838Z</time>
      </trkpt>
      <trkpt lat="43.267854" lon="40.278718">
        <ele>9.537943</ele>
        <time>2026-04-30T13:11:05.381Z</time>
      </trkpt>
      <trkpt lat="43.267650" lon="40.278182">
        <ele>9.110588</ele>
        <time>2026-04-30T13:11:11.886Z</time>
      </trkpt>
      <trkpt lat="43.267043" lon="40.278622">
        <ele>8.355069</ele>
        <time>2026-04-30T13:11:29.256Z</time>
      </trkpt>
      <trkpt lat="43.266308" lon="40.279129">
        <ele>7.449691</ele>
        <time>2026-04-30T13:11:51.611Z</time>
      </trkpt>
      <trkpt lat="43.265768" lon="40.279582">
        <ele>7.810180</ele>
        <time>2026-04-30T13:12:10.193Z</time>
      </trkpt>
      <trkpt lat="43.265473" lon="40.280038">
        <ele>8.555878</ele>
        <time>2026-04-30T13:12:25.465Z</time>
      </trkpt>
      <trkpt lat="43.265082" lon="40.280495">
        <ele>9.417884</ele>
        <time>2026-04-30T13:12:44.728Z</time>
      </trkpt>
      <trkpt lat="43.265141" lon="40.280594">
        <ele>9.574281</ele>
        <time>2026-04-30T13:12:48.342Z</time>
      </trkpt>
      <trkpt lat="43.265309" lon="40.280869">
        <ele>10.013121</ele>
        <time>2026-04-30T13:12:58.566Z</time>
      </trkpt>
      <trkpt lat="43.265432" lon="40.281031">
        <ele>10.319777</ele>
        <time>2026-04-30T13:13:03.210Z</time>
      </trkpt>
      <trkpt lat="43.265530" lon="40.280982">
        <ele>10.528219</ele>
        <time>2026-04-30T13:13:06.052Z</time>
      </trkpt>
      <trkpt lat="43.265600" lon="40.280908">
        <ele>10.704773</ele>
        <time>2026-04-30T13:13:08.471Z</time>
      </trkpt>
      <trkpt lat="43.265717" lon="40.280904">
        <ele>10.938683</ele>
        <time>2026-04-30T13:13:11.623Z</time>
      </trkpt>
      <trkpt lat="43.265764" lon="40.280930">
        <ele>11.039953</ele>
        <time>2026-04-30T13:13:13.078Z</time>
      </trkpt>
      <trkpt lat="43.265097" lon="40.281866">
        <ele>12.945925</ele>
        <time>2026-04-30T13:13:36.738Z</time>
      </trkpt>
      <trkpt lat="43.264643" lon="40.282604">
        <ele>14.235977</ele>
        <time>2026-04-30T13:13:50.555Z</time>
      </trkpt>
      <trkpt lat="43.264284" lon="40.283212">
        <ele>15.141634</ele>
        <time>2026-04-30T13:14:02.612Z</time>
      </trkpt>
      <trkpt lat="43.264087" lon="40.283498">
        <ele>15.597124</ele>
        <time>2026-04-30T13:14:09.101Z</time>
      </trkpt>
      <trkpt lat="43.263732" lon="40.284097">
        <ele>16.490696</ele>
        <time>2026-04-30T13:14:22.710Z</time>
      </trkpt>
      <trkpt lat="43.263529" lon="40.284560">
        <ele>17.618779</ele>
        <time>2026-04-30T13:14:33.493Z</time>
      </trkpt>
      <trkpt lat="43.263358" lon="40.285102">
        <ele>19.030246</ele>
        <time>2026-04-30T13:14:45.924Z</time>
      </trkpt>
      <trkpt lat="43.263279" lon="40.285348">
        <ele>19.672699</ele>
        <time>2026-04-30T13:14:51.643Z</time>
      </trkpt>
      <trkpt lat="43.263136" lon="40.285838">
        <ele>20.934111</ele>
        <time>2026-04-30T13:15:02.952Z</time>
      </trkpt>
      <trkpt lat="43.263067" lon="40.286028">
        <ele>21.441454</ele>
        <time>2026-04-30T13:15:07.450Z</time>
      </trkpt>
      <trkpt lat="43.262898" lon="40.286532">
        <ele>22.708376</ele>
        <time>2026-04-30T13:15:19.212Z</time>
      </trkpt>
      <trkpt lat="43.262764" lon="40.286886">
        <ele>23.407648</ele>
        <time>2026-04-30T13:15:27.568Z</time>
      </trkpt>
      <trkpt lat="43.262570" lon="40.287306">
        <ele>24.279378</ele>
        <time>2026-04-30T13:15:37.723Z</time>
      </trkpt>
      <trkpt lat="43.262539" lon="40.287352">
        <ele>24.389229</ele>
        <time>2026-04-30T13:15:38.933Z</time>
      </trkpt>
      <trkpt lat="43.262316" lon="40.287847">
        <ele>25.409418</ele>
        <time>2026-04-30T13:15:50.086Z</time>
      </trkpt>
      <trkpt lat="43.262036" lon="40.288345">
        <ele>26.512155</ele>
        <time>2026-04-30T13:16:00.924Z</time>
      </trkpt>
      <trkpt lat="43.261635" lon="40.289060">
        <ele>26.178802</ele>
        <time>2026-04-30T13:16:13.489Z</time>
      </trkpt>
      <trkpt lat="43.261311" lon="40.289486">
        <ele>25.561974</ele>
        <time>2026-04-30T13:16:20.288Z</time>
      </trkpt>
      <trkpt lat="43.260898" lon="40.289923">
        <ele>24.845017</ele>
        <time>2026-04-30T13:16:27.438Z</time>
      </trkpt>
      <trkpt lat="43.260036" lon="40.290672">
        <ele>22.103576</ele>
        <time>2026-04-30T13:16:40.561Z</time>
      </trkpt>
      <trkpt lat="43.259370" lon="40.291094">
        <ele>19.687737</ele>
        <time>2026-04-30T13:16:49.868Z</time>
      </trkpt>
      <trkpt lat="43.258839" lon="40.291458">
        <ele>18.136837</ele>
        <time>2026-04-30T13:16:57.758Z</time>
      </trkpt>
      <trkpt lat="43.258452" lon="40.291834">
        <ele>17.422073</ele>
        <time>2026-04-30T13:17:04.543Z</time>
      </trkpt>
      <trkpt lat="43.257752" lon="40.292686">
        <ele>16.011753</ele>
        <time>2026-04-30T13:17:18.919Z</time>
      </trkpt>
      <trkpt lat="43.257271" lon="40.293284">
        <ele>15.478899</ele>
        <time>2026-04-30T13:17:29.455Z</time>
      </trkpt>
      <trkpt lat="43.257134" lon="40.293447">
        <ele>15.371791</ele>
        <time>2026-04-30T13:17:32.306Z</time>
      </trkpt>
      <trkpt lat="43.256848" lon="40.293708">
        <ele>15.168887</ele>
        <time>2026-04-30T13:17:37.655Z</time>
      </trkpt>
      <trkpt lat="43.256407" lon="40.294062">
        <ele>14.867058</ele>
        <time>2026-04-30T13:17:45.708Z</time>
      </trkpt>
      <trkpt lat="43.255885" lon="40.294359">
        <ele>14.864991</ele>
        <time>2026-04-30T13:17:55.738Z</time>
      </trkpt>
      <trkpt lat="43.255566" lon="40.294487">
        <ele>15.051821</ele>
        <time>2026-04-30T13:18:02.226Z</time>
      </trkpt>
      <trkpt lat="43.255115" lon="40.294607">
        <ele>15.310071</ele>
        <time>2026-04-30T13:18:11.517Z</time>
      </trkpt>
      <trkpt lat="43.254508" lon="40.294613">
        <ele>15.651311</ele>
        <time>2026-04-30T13:18:24.021Z</time>
      </trkpt>
      <trkpt lat="43.253401" lon="40.294547">
        <ele>16.633857</ele>
        <time>2026-04-30T13:18:46.839Z</time>
      </trkpt>
      <trkpt lat="43.252651" lon="40.294595">
        <ele>17.327074</ele>
        <time>2026-04-30T13:19:02.563Z</time>
      </trkpt>
      <trkpt lat="43.252288" lon="40.294584">
        <ele>17.727931</ele>
        <time>2026-04-30T13:19:10.170Z</time>
      </trkpt>
      <trkpt lat="43.251539" lon="40.294579">
        <ele>18.577440</ele>
        <time>2026-04-30T13:19:25.758Z</time>
      </trkpt>
      <trkpt lat="43.251426" lon="40.294582">
        <ele>18.705626</ele>
        <time>2026-04-30T13:19:28.173Z</time>
      </trkpt>
      <trkpt lat="43.250905" lon="40.294640">
        <ele>19.298472</ele>
        <time>2026-04-30T13:19:39.346Z</time>
      </trkpt>
      <trkpt lat="43.249881" lon="40.294848">
        <ele>21.491944</ele>
        <time>2026-04-30T13:20:03.881Z</time>
      </trkpt>
      <trkpt lat="43.249529" lon="40.294971">
        <ele>22.301023</ele>
        <time>2026-04-30T13:20:13.404Z</time>
      </trkpt>
      <trkpt lat="43.249232" lon="40.295140">
        <ele>23.017165</ele>
        <time>2026-04-30T13:20:21.965Z</time>
      </trkpt>
      <trkpt lat="43.248983" lon="40.295378">
        <ele>23.795750</ele>
        <time>2026-04-30T13:20:30.154Z</time>
      </trkpt>
      <trkpt lat="43.248504" lon="40.295962">
        <ele>25.762762</ele>
        <time>2026-04-30T13:20:47.766Z</time>
      </trkpt>
      <trkpt lat="43.248044" lon="40.296462">
        <ele>27.564287</ele>
        <time>2026-04-30T13:21:04.080Z</time>
      </trkpt>
      <trkpt lat="43.247402" lon="40.297213">
        <ele>30.126909</ele>
        <time>2026-04-30T13:21:27.715Z</time>
      </trkpt>
      <trkpt lat="43.247116" lon="40.297549">
        <ele>31.256749</ele>
        <time>2026-04-30T13:21:38.220Z</time>
      </trkpt>
      <trkpt lat="43.246471" lon="40.298214">
        <ele>33.677869</ele>
        <time>2026-04-30T13:22:00.312Z</time>
      </trkpt>
      <trkpt lat="43.246244" lon="40.298422">
        <ele>34.467810</ele>
        <time>2026-04-30T13:22:07.619Z</time>
      </trkpt>
      <trkpt lat="43.245225" lon="40.299036">
        <ele>37.174805</ele>
        <time>2026-04-30T13:22:36.126Z</time>
      </trkpt>
      <trkpt lat="43.244885" lon="40.299420">
        <ele>38.245785</ele>
        <time>2026-04-30T13:22:46.737Z</time>
      </trkpt>
      <trkpt lat="43.244088" lon="40.300372">
        <ele>41.307184</ele>
        <time>2026-04-30T13:23:14.228Z</time>
      </trkpt>
      <trkpt lat="43.243898" lon="40.300605">
        <ele>42.072142</ele>
        <time>2026-04-30T13:23:21.527Z</time>
      </trkpt>
      <trkpt lat="43.243122" lon="40.301382">
        <ele>44.814311</ele>
        <time>2026-04-30T13:23:50.133Z</time>
      </trkpt>
      <trkpt lat="43.241626" lon="40.302510">
        <ele>48.682187</ele>
        <time>2026-04-30T13:24:33.541Z</time>
      </trkpt>
      <trkpt lat="43.241279" lon="40.302799">
        <ele>48.849579</ele>
        <time>2026-04-30T13:24:40.735Z</time>
      </trkpt>
      <trkpt lat="43.240982" lon="40.303128">
        <ele>49.006979</ele>
        <time>2026-04-30T13:24:47.176Z</time>
      </trkpt>
      <trkpt lat="43.240734" lon="40.303474">
        <ele>49.152815</ele>
        <time>2026-04-30T13:24:52.997Z</time>
      </trkpt>
      <trkpt lat="43.240515" lon="40.303848">
        <ele>49.296982</ele>
        <time>2026-04-30T13:24:58.976Z</time>
      </trkpt>
      <trkpt lat="43.240081" lon="40.304693">
        <ele>50.258714</ele>
        <time>2026-04-30T13:25:14.499Z</time>
      </trkpt>
      <trkpt lat="43.239759" lon="40.305623">
        <ele>51.340525</ele>
        <time>2026-04-30T13:25:32.225Z</time>
      </trkpt>
      <trkpt lat="43.239447" lon="40.308285">
        <ele>55.813758</ele>
        <time>2026-04-30T13:26:20.745Z</time>
      </trkpt>
      <trkpt lat="43.239249" lon="40.309045">
        <ele>57.673920</ele>
        <time>2026-04-30T13:26:38.241Z</time>
      </trkpt>
      <trkpt lat="43.239096" lon="40.309391">
        <ele>58.751706</ele>
        <time>2026-04-30T13:26:47.572Z</time>
      </trkpt>
      <trkpt lat="43.237816" lon="40.312187">
        <ele>65.936998</ele>
        <time>2026-04-30T13:27:58.767Z</time>
      </trkpt>
      <trkpt lat="43.237394" lon="40.312640">
        <ele>67.200006</ele>
        <time>2026-04-30T13:28:08.636Z</time>
      </trkpt>
      <trkpt lat="43.237254" lon="40.312749">
        <ele>67.089921</ele>
        <time>2026-04-30T13:28:11.235Z</time>
      </trkpt>
      <trkpt lat="43.234669" lon="40.314753">
        <ele>62.441343</ele>
        <time>2026-04-30T13:28:54.778Z</time>
      </trkpt>
      <trkpt lat="43.233489" lon="40.315635">
        <ele>58.236393</ele>
        <time>2026-04-30T13:29:12.254Z</time>
      </trkpt>
      <trkpt lat="43.232770" lon="40.316172">
        <ele>55.151074</ele>
        <time>2026-04-30T13:29:22.402Z</time>
      </trkpt>
      <trkpt lat="43.232200" lon="40.316781">
        <ele>51.765017</ele>
        <time>2026-04-30T13:29:31.275Z</time>
      </trkpt>
      <trkpt lat="43.232002" lon="40.317026">
        <ele>50.462801</ele>
        <time>2026-04-30T13:29:34.544Z</time>
      </trkpt>
      <trkpt lat="43.231388" lon="40.317801">
        <ele>46.388055</ele>
        <time>2026-04-30T13:29:44.692Z</time>
      </trkpt>
      <trkpt lat="43.230874" lon="40.318420">
        <ele>42.548740</ele>
        <time>2026-04-30T13:29:52.685Z</time>
      </trkpt>
      <trkpt lat="43.230032" lon="40.317829">
        <ele>37.116209</ele>
        <time>2026-04-30T13:30:03.709Z</time>
      </trkpt>
      <trkpt lat="43.229745" lon="40.317660">
        <ele>35.397702</ele>
        <time>2026-04-30T13:30:07.397Z</time>
      </trkpt>
      <trkpt lat="43.228174" lon="40.316740">
        <ele>28.811396</ele>
        <time>2026-04-30T13:30:29.086Z</time>
      </trkpt>
      <trkpt lat="43.227759" lon="40.316561">
        <ele>27.786579</ele>
        <time>2026-04-30T13:30:34.943Z</time>
      </trkpt>
      <trkpt lat="43.223872" lon="40.315460">
        <ele>20.276051</ele>
        <time>2026-04-30T13:31:31.654Z</time>
      </trkpt>
      <trkpt lat="43.223535" lon="40.315394">
        <ele>19.736893</ele>
        <time>2026-04-30T13:31:36.622Z</time>
      </trkpt>
      <trkpt lat="43.219849" lon="40.314519">
        <ele>14.682158</ele>
        <time>2026-04-30T13:32:31.989Z</time>
      </trkpt>
      <trkpt lat="43.219743" lon="40.314493">
        <ele>14.556977</ele>
        <time>2026-04-30T13:32:33.680Z</time>
      </trkpt>
      <trkpt lat="43.219281" lon="40.314378">
        <ele>14.025914</ele>
        <time>2026-04-30T13:32:41.155Z</time>
      </trkpt>
      <trkpt lat="43.218287" lon="40.314199">
        <ele>13.664057</ele>
        <time>2026-04-30T13:32:57.914Z</time>
      </trkpt>
      <trkpt lat="43.217963" lon="40.314073">
        <ele>13.542505</ele>
        <time>2026-04-30T13:33:03.643Z</time>
      </trkpt>
      <trkpt lat="43.217291" lon="40.313937">
        <ele>13.408450</ele>
        <time>2026-04-30T13:33:15.443Z</time>
      </trkpt>
      <trkpt lat="43.213334" lon="40.314788">
        <ele>13.841278</ele>
        <time>2026-04-30T13:34:28.716Z</time>
      </trkpt>
      <trkpt lat="43.212111" lon="40.315002">
        <ele>13.693967</ele>
        <time>2026-04-30T13:34:50.417Z</time>
      </trkpt>
      <trkpt lat="43.212001" lon="40.314957">
        <ele>13.588837</ele>
        <time>2026-04-30T13:34:52.289Z</time>
      </trkpt>
      <trkpt lat="43.211878" lon="40.314860">
        <ele>13.458902</ele>
        <time>2026-04-30T13:34:54.575Z</time>
      </trkpt>
      <trkpt lat="43.211788" lon="40.314731">
        <ele>13.339698</ele>
        <time>2026-04-30T13:34:56.645Z</time>
      </trkpt>
      <trkpt lat="43.211728" lon="40.314550">
        <ele>13.206967</ele>
        <time>2026-04-30T13:34:58.919Z</time>
      </trkpt>
      <trkpt lat="43.211427" lon="40.312624">
        <ele>12.027462</ele>
        <time>2026-04-30T13:35:20.485Z</time>
      </trkpt>
      <trkpt lat="43.209273" lon="40.298205">
        <ele>7.990075</ele>
        <time>2026-04-30T13:38:20.973Z</time>
      </trkpt>
      <trkpt lat="43.209149" lon="40.297525">
        <ele>7.620352</ele>
        <time>2026-04-30T13:38:29.267Z</time>
      </trkpt>
      <trkpt lat="43.209083" lon="40.297015">
        <ele>7.347144</ele>
        <time>2026-04-30T13:38:35.307Z</time>
      </trkpt>
      <trkpt lat="43.209014" lon="40.296585">
        <ele>7.114907</ele>
        <time>2026-04-30T13:38:40.364Z</time>
      </trkpt>
      <trkpt lat="43.208619" lon="40.294415">
        <ele>5.537070</ele>
        <time>2026-04-30T13:39:05.291Z</time>
      </trkpt>
      <trkpt lat="43.208367" lon="40.293861">
        <ele>5.038078</ele>
        <time>2026-04-30T13:39:12.593Z</time>
      </trkpt>
      <trkpt lat="43.208189" lon="40.293539">
        <ele>4.829490</ele>
        <time>2026-04-30T13:39:17.159Z</time>
      </trkpt>
      <trkpt lat="43.208026" lon="40.293310">
        <ele>4.702991</ele>
        <time>2026-04-30T13:39:20.813Z</time>
      </trkpt>
      <trkpt lat="43.207633" lon="40.292832">
        <ele>4.418218</ele>
        <time>2026-04-30T13:39:29.265Z</time>
      </trkpt>
      <trkpt lat="43.207276" lon="40.292530">
        <ele>4.190807</ele>
        <time>2026-04-30T13:39:36.382Z</time>
      </trkpt>
      <trkpt lat="43.206891" lon="40.292311">
        <ele>3.964821</ele>
        <time>2026-04-30T13:39:43.610Z</time>
      </trkpt>
      <trkpt lat="43.206488" lon="40.292194">
        <ele>3.899584</ele>
        <time>2026-04-30T13:39:50.760Z</time>
      </trkpt>
      <trkpt lat="43.206043" lon="40.292189">
        <ele>3.831612</ele>
        <time>2026-04-30T13:39:58.476Z</time>
      </trkpt>
      <trkpt lat="43.205772" lon="40.292221">
        <ele>3.790066</ele>
        <time>2026-04-30T13:40:03.153Z</time>
      </trkpt>
      <trkpt lat="43.204000" lon="40.292840">
        <ele>3.821305</ele>
        <time>2026-04-30T13:40:34.821Z</time>
      </trkpt>
      <trkpt lat="43.201079" lon="40.293967">
        <ele>4.817317</ele>
        <time>2026-04-30T13:41:34.711Z</time>
      </trkpt>
      <trkpt lat="43.197158" lon="40.295507">
        <ele>3.964849</ele>
        <time>2026-04-30T13:42:43.198Z</time>
      </trkpt>
      <trkpt lat="43.196389" lon="40.295733">
        <ele>3.739773</ele>
        <time>2026-04-30T13:42:56.840Z</time>
      </trkpt>
      <trkpt lat="43.195346" lon="40.295845">
        <ele>3.395563</ele>
        <time>2026-04-30T13:43:14.363Z</time>
      </trkpt>
      <trkpt lat="43.194899" lon="40.295894">
        <ele>3.248025</ele>
        <time>2026-04-30T13:43:21.771Z</time>
      </trkpt>
      <trkpt lat="43.194699" lon="40.295915">
        <ele>3.182030</ele>
        <time>2026-04-30T13:43:25.108Z</time>
      </trkpt>
      <trkpt lat="43.193936" lon="40.295891">
        <ele>3.313835</ele>
        <time>2026-04-30T13:43:38.244Z</time>
      </trkpt>
      <trkpt lat="43.192695" lon="40.295914">
        <ele>3.606923</ele>
        <time>2026-04-30T13:44:02.465Z</time>
      </trkpt>
      <trkpt lat="43.192372" lon="40.295904">
        <ele>3.753379</ele>
        <time>2026-04-30T13:44:08.788Z</time>
      </trkpt>
      <trkpt lat="43.192148" lon="40.295837">
        <ele>3.857307</ele>
        <time>2026-04-30T13:44:13.221Z</time>
      </trkpt>
      <trkpt lat="43.192372" lon="40.295904">
        <ele>3.961234</ele>
        <time>2026-04-30T13:44:17.594Z</time>
      </trkpt>
      <trkpt lat="43.192140" lon="40.297535">
        <ele>4.474194</ele>
        <time>2026-04-30T13:44:54.952Z</time>
      </trkpt>
      <trkpt lat="43.192106" lon="40.297814">
        <ele>4.546673</ele>
        <time>2026-04-30T13:45:01.349Z</time>
      </trkpt>
      <trkpt lat="43.192105" lon="40.298069">
        <ele>4.612012</ele>
        <time>2026-04-30T13:45:07.124Z</time>
      </trkpt>
      <trkpt lat="43.192124" lon="40.298225">
        <ele>4.652537</ele>
        <time>2026-04-30T13:45:10.701Z</time>
      </trkpt>
      <trkpt lat="43.192246" lon="40.298714">
        <ele>4.784965</ele>
        <time>2026-04-30T13:45:22.415Z</time>
      </trkpt>
      <trkpt lat="43.192662" lon="40.300178">
        <ele>5.207159</ele>
        <time>2026-04-30T13:45:57.186Z</time>
      </trkpt>
      <trkpt lat="43.192819" lon="40.300887">
        <ele>5.415054</ele>
        <time>2026-04-30T13:46:13.309Z</time>
      </trkpt>
      <trkpt lat="43.192890" lon="40.301371">
        <ele>5.553570</ele>
        <time>2026-04-30T13:46:24.411Z</time>
      </trkpt>
      <trkpt lat="43.192895" lon="40.301573">
        <ele>5.610277</ele>
        <time>2026-04-30T13:46:29.157Z</time>
      </trkpt>
      <trkpt lat="43.192731" lon="40.301993">
        <ele>5.988129</ele>
        <time>2026-04-30T13:46:40.533Z</time>
      </trkpt>
      <trkpt lat="43.192640" lon="40.302449">
        <ele>6.580460</ele>
        <time>2026-04-30T13:46:52.138Z</time>
      </trkpt>
      <trkpt lat="43.192628" lon="40.303013">
        <ele>7.287387</ele>
        <time>2026-04-30T13:47:06.339Z</time>
      </trkpt>
      <trkpt lat="43.192639" lon="40.303366">
        <ele>7.730058</ele>
        <time>2026-04-30T13:47:15.407Z</time>
      </trkpt>
      <trkpt lat="43.192664" lon="40.303458">
        <ele>7.853070</ele>
        <time>2026-04-30T13:47:17.947Z</time>
      </trkpt>
      <trkpt lat="43.193363" lon="40.305339">
        <ele>12.533887</ele>
        <time>2026-04-30T13:48:16.168Z</time>
      </trkpt>
      <trkpt lat="43.193425" lon="40.305498">
        <ele>13.025047</ele>
        <time>2026-04-30T13:48:21.828Z</time>
      </trkpt>
      <trkpt lat="43.193614" lon="40.305981">
        <ele>14.518223</ele>
        <time>2026-04-30T13:48:39.823Z</time>
      </trkpt>
      <trkpt lat="43.194531" lon="40.305917">
        <ele>19.046021</ele>
        <time>2026-04-30T13:49:24.915Z</time>
      </trkpt>
      <trkpt lat="43.195171" lon="40.305922">
        <ele>22.502019</ele>
        <time>2026-04-30T13:49:56.008Z</time>
      </trkpt>
      <trkpt lat="43.195899" lon="40.305924">
        <ele>25.966791</ele>
        <time>2026-04-30T13:50:28.328Z</time>
      </trkpt>
      <trkpt lat="43.196260" lon="40.305952">
        <ele>27.182554</ele>
        <time>2026-04-30T13:50:43.286Z</time>
      </trkpt>
      <trkpt lat="43.196667" lon="40.306081">
        <ele>28.587105</ele>
        <time>2026-04-30T13:50:59.826Z</time>
      </trkpt>
      <trkpt lat="43.196804" lon="40.306161">
        <ele>29.087755</ele>
        <time>2026-04-30T13:51:05.599Z</time>
      </trkpt>
      <trkpt lat="43.196952" lon="40.306306">
        <ele>29.699282</ele>
        <time>2026-04-30T13:51:12.568Z</time>
      </trkpt>
      <trkpt lat="43.197163" lon="40.306612">
        <ele>30.731726</ele>
        <time>2026-04-30T13:51:24.188Z</time>
      </trkpt>
      <trkpt lat="43.198018" lon="40.308889">
        <ele>36.188018</ele>
        <time>2026-04-30T13:52:36.335Z</time>
      </trkpt>
      <trkpt lat="43.198687" lon="40.310699">
        <ele>40.745103</ele>
        <time>2026-04-30T13:53:36.981Z</time>
      </trkpt>
      <trkpt lat="43.199501" lon="40.312802">
        <ele>44.395179</ele>
        <time>2026-04-30T13:54:40.492Z</time>
      </trkpt>
      <trkpt lat="43.199885" lon="40.313773">
        <ele>45.408428</ele>
        <time>2026-04-30T13:55:06.340Z</time>
      </trkpt>
      <trkpt lat="43.200198" lon="40.314481">
        <ele>45.715430</ele>
        <time>2026-04-30T13:55:24.814Z</time>
      </trkpt>
      <trkpt lat="43.200644" lon="40.316069">
        <ele>46.347173</ele>
        <time>2026-04-30T13:56:03.163Z</time>
      </trkpt>
      <trkpt lat="43.200757" lon="40.316332">
        <ele>46.460814</ele>
        <time>2026-04-30T13:56:10.118Z</time>
      </trkpt>
      <trkpt lat="43.200879" lon="40.316507">
        <ele>46.550952</ele>
        <time>2026-04-30T13:56:15.616Z</time>
      </trkpt>
      <trkpt lat="43.201340" lon="40.317169">
        <ele>46.891752</ele>
        <time>2026-04-30T13:56:36.481Z</time>
      </trkpt>
      <trkpt lat="43.201438" lon="40.317346">
        <ele>46.974489</ele>
        <time>2026-04-30T13:56:41.542Z</time>
      </trkpt>
      <trkpt lat="43.202126" lon="40.318719">
        <ele>48.270915</ele>
        <time>2026-04-30T13:57:20.630Z</time>
      </trkpt>
      <trkpt lat="43.202560" lon="40.319760">
        <ele>49.468486</ele>
        <time>2026-04-30T13:57:50.962Z</time>
      </trkpt>
      <trkpt lat="43.202738" lon="40.320130">
        <ele>50.392616</ele>
        <time>2026-04-30T13:58:02.908Z</time>
      </trkpt>
      <trkpt lat="43.202902" lon="40.320404">
        <ele>51.131671</ele>
        <time>2026-04-30T13:58:12.690Z</time>
      </trkpt>
      <trkpt lat="43.203171" lon="40.320743">
        <ele>52.176260</ele>
        <time>2026-04-30T13:58:26.825Z</time>
      </trkpt>
      <trkpt lat="43.203837" lon="40.321579">
        <ele>54.875646</ele>
        <time>2026-04-30T13:59:03.729Z</time>
      </trkpt>
      <trkpt lat="43.203973" lon="40.321807">
        <ele>55.652676</ele>
        <time>2026-04-30T13:59:12.820Z</time>
      </trkpt>
      <trkpt lat="43.204081" lon="40.322036">
        <ele>56.372055</ele>
        <time>2026-04-30T13:59:21.233Z</time>
      </trkpt>
      <trkpt lat="43.204351" lon="40.322753">
        <ele>58.500570</ele>
        <time>2026-04-30T13:59:45.920Z</time>
      </trkpt>
      <trkpt lat="43.204433" lon="40.323016">
        <ele>59.255016</ele>
        <time>2026-04-30T13:59:54.436Z</time>
      </trkpt>
      <trkpt lat="43.204523" lon="40.323435">
        <ele>60.407096</ele>
        <time>2026-04-30T14:00:07.304Z</time>
      </trkpt>
      <trkpt lat="43.204535" lon="40.323805">
        <ele>61.378257</ele>
        <time>2026-04-30T14:00:18.097Z</time>
      </trkpt>
      <trkpt lat="43.204485" lon="40.324400">
        <ele>62.942022</ele>
        <time>2026-04-30T14:00:35.225Z</time>
      </trkpt>
      <trkpt lat="43.204261" lon="40.326814">
        <ele>70.596374</ele>
        <time>2026-04-30T14:01:49.059Z</time>
      </trkpt>
      <trkpt lat="43.204249" lon="40.327238">
        <ele>72.413668</ele>
        <time>2026-04-30T14:02:04.326Z</time>
      </trkpt>
      <trkpt lat="43.204308" lon="40.327587">
        <ele>73.948054</ele>
        <time>2026-04-30T14:02:17.560Z</time>
      </trkpt>
      <trkpt lat="43.204636" lon="40.328488">
        <ele>78.301981</ele>
        <time>2026-04-30T14:02:56.737Z</time>
      </trkpt>
      <trkpt lat="43.204797" lon="40.329040">
        <ele>81.089423</ele>
        <time>2026-04-30T14:03:20.450Z</time>
      </trkpt>
      <trkpt lat="43.204812" lon="40.329287">
        <ele>82.251448</ele>
        <time>2026-04-30T14:03:30.026Z</time>
      </trkpt>
      <trkpt lat="43.204712" lon="40.329754">
        <ele>84.533410</ele>
        <time>2026-04-30T14:03:48.018Z</time>
      </trkpt>
      <trkpt lat="43.204527" lon="40.330434">
        <ele>87.936292</ele>
        <time>2026-04-30T14:04:13.441Z</time>
      </trkpt>
      <trkpt lat="43.204370" lon="40.330816">
        <ele>89.660864</ele>
        <time>2026-04-30T14:04:28.643Z</time>
      </trkpt>
      <trkpt lat="43.204276" lon="40.330966">
        <ele>90.068298</ele>
        <time>2026-04-30T14:04:35.274Z</time>
      </trkpt>
      <trkpt lat="43.203789" lon="40.331476">
        <ele>91.799511</ele>
        <time>2026-04-30T14:05:01.505Z</time>
      </trkpt>
      <trkpt lat="43.203706" lon="40.331567">
        <ele>92.099737</ele>
        <time>2026-04-30T14:05:05.803Z</time>
      </trkpt>
      <trkpt lat="43.203652" lon="40.331700">
        <ele>92.413307</ele>
        <time>2026-04-30T14:05:10.263Z</time>
      </trkpt>
      <trkpt lat="43.203686" lon="40.333445">
        <ele>94.180302</ele>
        <time>2026-04-30T14:05:50.931Z</time>
      </trkpt>
      <trkpt lat="43.203753" lon="40.334228">
        <ele>93.857455</ele>
        <time>2026-04-30T14:06:05.004Z</time>
      </trkpt>
      <trkpt lat="43.203772" lon="40.334346">
        <ele>93.807969</ele>
        <time>2026-04-30T14:06:07.185Z</time>
      </trkpt>
      <trkpt lat="43.204104" lon="40.335376">
        <ele>94.637133</ele>
        <time>2026-04-30T14:06:29.136Z</time>
      </trkpt>
      <trkpt lat="43.204151" lon="40.335585">
        <ele>95.462672</ele>
        <time>2026-04-30T14:06:34.505Z</time>
      </trkpt>
      <trkpt lat="43.204330" lon="40.337345">
        <ele>102.169965</ele>
        <time>2026-04-30T14:07:40.548Z</time>
      </trkpt>
      <trkpt lat="43.204335" lon="40.338406">
        <ele>106.462799</ele>
        <time>2026-04-30T14:08:26.444Z</time>
      </trkpt>
      <trkpt lat="43.204361" lon="40.338557">
        <ele>107.098218</ele>
        <time>2026-04-30T14:08:32.506Z</time>
      </trkpt>
      <trkpt lat="43.204550" lon="40.339152">
        <ele>109.756277</ele>
        <time>2026-04-30T14:08:56.749Z</time>
      </trkpt>
      <trkpt lat="43.204563" lon="40.339283">
        <ele>110.297716</ele>
        <time>2026-04-30T14:09:01.131Z</time>
      </trkpt>
      <trkpt lat="43.204499" lon="40.339426">
        <ele>110.984932</ele>
        <time>2026-04-30T14:09:06.219Z</time>
      </trkpt>
      <trkpt lat="43.204847" lon="40.339731">
        <ele>112.583402</ele>
        <time>2026-04-30T14:09:20.638Z</time>
      </trkpt>
      <trkpt lat="43.205199" lon="40.339892">
        <ele>111.024740</ele>
        <time>2026-04-30T14:09:30.369Z</time>
      </trkpt>
      <trkpt lat="43.205633" lon="40.340359">
        <ele>108.707762</ele>
        <time>2026-04-30T14:09:43.084Z</time>
      </trkpt>
      <trkpt lat="43.206169" lon="40.340869">
        <ele>105.967670</ele>
        <time>2026-04-30T14:09:56.788Z</time>
      </trkpt>
      <trkpt lat="43.206279" lon="40.341024">
        <ele>105.268030</ele>
        <time>2026-04-30T14:09:59.936Z</time>
      </trkpt>
      <trkpt lat="43.206521" lon="40.341475">
        <ele>101.510315</ele>
        <time>2026-04-30T14:10:07.992Z</time>
      </trkpt>
      <trkpt lat="43.206680" lon="40.341915">
        <ele>98.215073</ele>
        <time>2026-04-30T14:10:15.027Z</time>
      </trkpt>
      <trkpt lat="43.206845" lon="40.342500">
        <ele>94.006193</ele>
        <time>2026-04-30T14:10:23.988Z</time>
      </trkpt>
      <trkpt lat="43.207276" lon="40.343326">
        <ele>87.412783</ele>
        <time>2026-04-30T14:10:38.693Z</time>
      </trkpt>
      <trkpt lat="43.207389" lon="40.343862">
        <ele>84.193570</ele>
        <time>2026-04-30T14:10:46.946Z</time>
      </trkpt>
      <trkpt lat="43.207475" lon="40.344141">
        <ele>82.445856</ele>
        <time>2026-04-30T14:10:51.436Z</time>
      </trkpt>
      <trkpt lat="43.207807" lon="40.344903">
        <ele>77.323939</ele>
        <time>2026-04-30T14:11:04.482Z</time>
      </trkpt>
      <trkpt lat="43.207944" lon="40.345278">
        <ele>74.903831</ele>
        <time>2026-04-30T14:11:10.695Z</time>
      </trkpt>
      <trkpt lat="43.207975" lon="40.345482">
        <ele>74.472876</ele>
        <time>2026-04-30T14:11:13.867Z</time>
      </trkpt>
      <trkpt lat="43.207964" lon="40.345573">
        <ele>74.429248</ele>
        <time>2026-04-30T14:11:15.296Z</time>
      </trkpt>
      <trkpt lat="43.207698" lon="40.346351">
        <ele>74.022800</ele>
        <time>2026-04-30T14:11:29.660Z</time>
      </trkpt>
      <trkpt lat="43.207628" lon="40.346460">
        <ele>73.954090</ele>
        <time>2026-04-30T14:11:32.458Z</time>
      </trkpt>
      <trkpt lat="43.207497" lon="40.346550">
        <ele>73.859020</ele>
        <time>2026-04-30T14:11:36.659Z</time>
      </trkpt>
      <trkpt lat="43.207128" lon="40.346694">
        <ele>73.610074</ele>
        <time>2026-04-30T14:11:50.273Z</time>
      </trkpt>
      <trkpt lat="43.207003" lon="40.346705">
        <ele>73.528793</ele>
        <time>2026-04-30T14:11:55.590Z</time>
      </trkpt>
      <trkpt lat="43.206911" lon="40.346654">
        <ele>73.464404</ele>
        <time>2026-04-30T14:12:00.099Z</time>
      </trkpt>
      <trkpt lat="43.206586" lon="40.346347">
        <ele>74.517851</ele>
        <time>2026-04-30T14:12:20.446Z</time>
      </trkpt>
      <trkpt lat="43.206521" lon="40.346319">
        <ele>74.821881</ele>
        <time>2026-04-30T14:12:24.177Z</time>
      </trkpt>
      <trkpt lat="43.206397" lon="40.346328">
        <ele>75.376014</ele>
        <time>2026-04-30T14:12:31.023Z</time>
      </trkpt>
      <trkpt lat="43.205711" lon="40.346796">
        <ele>78.794948</ele>
        <time>2026-04-30T14:13:10.568Z</time>
      </trkpt>
      <trkpt lat="43.205275" lon="40.347026">
        <ele>80.879511</ele>
        <time>2026-04-30T14:13:29.035Z</time>
      </trkpt>
      <trkpt lat="43.205153" lon="40.347004">
        <ele>81.373951</ele>
        <time>2026-04-30T14:13:32.851Z</time>
      </trkpt>
      <trkpt lat="43.205275" lon="40.347026">
        <ele>80.829043</ele>
        <time>2026-04-30T14:13:36.317Z</time>
      </trkpt>
      <trkpt lat="43.205711" lon="40.346796">
        <ele>78.760464</ele>
        <time>2026-04-30T14:13:47.432Z</time>
      </trkpt>
      <trkpt lat="43.206397" lon="40.346328">
        <ele>75.367746</ele>
        <time>2026-04-30T14:14:03.403Z</time>
      </trkpt>
      <trkpt lat="43.206521" lon="40.346319">
        <ele>74.817862</ele>
        <time>2026-04-30T14:14:05.927Z</time>
      </trkpt>
      <trkpt lat="43.206586" lon="40.346347">
        <ele>74.516163</ele>
        <time>2026-04-30T14:14:07.317Z</time>
      </trkpt>
      <trkpt lat="43.206911" lon="40.346654">
        <ele>73.522462</ele>
        <time>2026-04-30T14:14:15.547Z</time>
      </trkpt>
      <trkpt lat="43.207003" lon="40.346705">
        <ele>73.579299</ele>
        <time>2026-04-30T14:14:17.724Z</time>
      </trkpt>
      <trkpt lat="43.207128" lon="40.346694">
        <ele>73.651046</ele>
        <time>2026-04-30T14:14:20.608Z</time>
      </trkpt>
      <trkpt lat="43.207497" lon="40.346550">
        <ele>73.870792</ele>
        <time>2026-04-30T14:14:30.378Z</time>
      </trkpt>
      <trkpt lat="43.207628" lon="40.346460">
        <ele>73.954711</ele>
        <time>2026-04-30T14:14:34.877Z</time>
      </trkpt>
      <trkpt lat="43.207698" lon="40.346351">
        <ele>74.015363</ele>
        <time>2026-04-30T14:14:38.405Z</time>
      </trkpt>
      <trkpt lat="43.207964" lon="40.345573">
        <ele>74.374137</ele>
        <time>2026-04-30T14:15:04.707Z</time>
      </trkpt>
      <trkpt lat="43.207975" lon="40.345482">
        <ele>74.412648</ele>
        <time>2026-04-30T14:15:08.060Z</time>
      </trkpt>
      <trkpt lat="43.207944" lon="40.345278">
        <ele>74.924750</ele>
        <time>2026-04-30T14:15:15.859Z</time>
      </trkpt>
      <trkpt lat="43.207807" lon="40.344903">
        <ele>77.339123</ele>
        <time>2026-04-30T14:15:32.830Z</time>
      </trkpt>
      <trkpt lat="43.207475" lon="40.344141">
        <ele>82.448902</ele>
        <time>2026-04-30T14:16:09.496Z</time>
      </trkpt>
      <trkpt lat="43.207389" lon="40.343862">
        <ele>84.192475</ele>
        <time>2026-04-30T14:16:21.677Z</time>
      </trkpt>
      <trkpt lat="43.207276" lon="40.343326">
        <ele>87.404059</ele>
        <time>2026-04-30T14:16:44.377Z</time>
      </trkpt>
      <trkpt lat="43.206845" lon="40.342500">
        <ele>94.012970</ele>
        <time>2026-04-30T14:17:28.161Z</time>
      </trkpt>
      <trkpt lat="43.206680" lon="40.341915">
        <ele>98.223931</ele>
        <time>2026-04-30T14:17:56.428Z</time>
      </trkpt>
      <trkpt lat="43.206521" lon="40.341475">
        <ele>101.520803</ele>
        <time>2026-04-30T14:18:18.395Z</time>
      </trkpt>
      <trkpt lat="43.206279" lon="40.341024">
        <ele>105.256355</ele>
        <time>2026-04-30T14:18:43.094Z</time>
      </trkpt>
      <trkpt lat="43.206169" lon="40.340869">
        <ele>105.928601</ele>
        <time>2026-04-30T14:18:52.281Z</time>
      </trkpt>
      <trkpt lat="43.205633" lon="40.340359">
        <ele>108.709489</ele>
        <time>2026-04-30T14:19:25.264Z</time>
      </trkpt>
      <trkpt lat="43.205199" lon="40.339892">
        <ele>111.060963</ele>
        <time>2026-04-30T14:19:48.200Z</time>
      </trkpt>
      <trkpt lat="43.204847" lon="40.339731">
        <ele>112.642832</ele>
        <time>2026-04-30T14:20:00.848Z</time>
      </trkpt>
      <trkpt lat="43.204499" lon="40.339426">
        <ele>110.943837</ele>
        <time>2026-04-30T14:20:11.505Z</time>
      </trkpt>
      <trkpt lat="43.204563" lon="40.339283">
        <ele>110.262331</ele>
        <time>2026-04-30T14:20:14.313Z</time>
      </trkpt>
      <trkpt lat="43.204550" lon="40.339152">
        <ele>109.725390</ele>
        <time>2026-04-30T14:20:16.438Z</time>
      </trkpt>
      <trkpt lat="43.204361" lon="40.338557">
        <ele>107.089416</ele>
        <time>2026-04-30T14:20:26.335Z</time>
      </trkpt>
      <trkpt lat="43.204335" lon="40.338406">
        <ele>106.459277</ele>
        <time>2026-04-30T14:20:28.655Z</time>
      </trkpt>
      <trkpt lat="43.204330" lon="40.337345">
        <ele>102.195875</ele>
        <time>2026-04-30T14:20:44.010Z</time>
      </trkpt>
      <trkpt lat="43.204151" lon="40.335585">
        <ele>95.429870</ele>
        <time>2026-04-30T14:21:11.164Z</time>
      </trkpt>
      <trkpt lat="43.204104" lon="40.335376">
        <ele>94.597105</ele>
        <time>2026-04-30T14:21:15.392Z</time>
      </trkpt>
      <trkpt lat="43.203772" lon="40.334346">
        <ele>93.825432</ele>
        <time>2026-04-30T14:21:42.720Z</time>
      </trkpt>
      <trkpt lat="43.203753" lon="40.334228">
        <ele>93.874416</ele>
        <time>2026-04-30T14:21:45.993Z</time>
      </trkpt>
      <trkpt lat="43.203686" lon="40.333445">
        <ele>94.193979</ele>
        <time>2026-04-30T14:22:07.606Z</time>
      </trkpt>
      <trkpt lat="43.203652" lon="40.331700">
        <ele>92.406650</ele>
        <time>2026-04-30T14:22:42.774Z</time>
      </trkpt>
      <trkpt lat="43.203706" lon="40.331567">
        <ele>92.096706</ele>
        <time>2026-04-30T14:22:45.378Z</time>
      </trkpt>
      <trkpt lat="43.203789" lon="40.331476">
        <ele>91.799952</ele>
        <time>2026-04-30T14:22:47.883Z</time>
      </trkpt>
      <trkpt lat="43.204276" lon="40.330966">
        <ele>90.088760</ele>
        <time>2026-04-30T14:23:01.799Z</time>
      </trkpt>
      <trkpt lat="43.204370" lon="40.330816">
        <ele>89.686038</ele>
        <time>2026-04-30T14:23:04.958Z</time>
      </trkpt>
      <trkpt lat="43.204527" lon="40.330434">
        <ele>87.923255</ele>
        <time>2026-04-30T14:23:11.847Z</time>
      </trkpt>
      <trkpt lat="43.204712" lon="40.329754">
        <ele>84.528183</ele>
        <time>2026-04-30T14:23:23.222Z</time>
      </trkpt>
      <trkpt lat="43.204812" lon="40.329287">
        <ele>82.251458</ele>
        <time>2026-04-30T14:23:30.667Z</time>
      </trkpt>
      <trkpt lat="43.204797" lon="40.329040">
        <ele>81.092100</ele>
        <time>2026-04-30T14:23:34.394Z</time>
      </trkpt>
      <trkpt lat="43.204636" lon="40.328488">
        <ele>78.311056</ele>
        <time>2026-04-30T14:23:43.239Z</time>
      </trkpt>
      <trkpt lat="43.204308" lon="40.327587">
        <ele>73.950775</ele>
        <time>2026-04-30T14:23:58.364Z</time>
      </trkpt>
      <trkpt lat="43.204249" lon="40.327238">
        <ele>72.410925</ele>
        <time>2026-04-30T14:24:03.842Z</time>
      </trkpt>
      <trkpt lat="43.204261" lon="40.326814">
        <ele>70.587158</ele>
        <time>2026-04-30T14:24:10.406Z</time>
      </trkpt>
      <trkpt lat="43.204485" lon="40.324400">
        <ele>62.943049</ele>
        <time>2026-04-30T14:24:51.287Z</time>
      </trkpt>
      <trkpt lat="43.204535" lon="40.323805">
        <ele>61.377006</ele>
        <time>2026-04-30T14:25:01.710Z</time>
      </trkpt>
      <trkpt lat="43.204523" lon="40.323435">
        <ele>60.404826</ele>
        <time>2026-04-30T14:25:08.081Z</time>
      </trkpt>
      <trkpt lat="43.204433" lon="40.323016">
        <ele>59.253188</ele>
        <time>2026-04-30T14:25:15.526Z</time>
      </trkpt>
      <trkpt lat="43.204351" lon="40.322753">
        <ele>58.499031</ele>
        <time>2026-04-30T14:25:20.381Z</time>
      </trkpt>
      <trkpt lat="43.204081" lon="40.322036">
        <ele>56.371331</ele>
        <time>2026-04-30T14:25:33.899Z</time>
      </trkpt>
      <trkpt lat="43.203973" lon="40.321807">
        <ele>55.652228</ele>
        <time>2026-04-30T14:25:38.425Z</time>
      </trkpt>
      <trkpt lat="43.203837" lon="40.321579">
        <ele>54.875496</ele>
        <time>2026-04-30T14:25:43.334Z</time>
      </trkpt>
      <trkpt lat="43.203171" lon="40.320743">
        <ele>52.176907</ele>
        <time>2026-04-30T14:26:04.342Z</time>
      </trkpt>
      <trkpt lat="43.202902" lon="40.320404">
        <ele>51.128120</ele>
        <time>2026-04-30T14:26:13.118Z</time>
      </trkpt>
      <trkpt lat="43.202738" lon="40.320130">
        <ele>50.386096</ele>
        <time>2026-04-30T14:26:19.416Z</time>
      </trkpt>
      <trkpt lat="43.202560" lon="40.319760">
        <ele>49.458252</ele>
        <time>2026-04-30T14:26:27.435Z</time>
      </trkpt>
      <trkpt lat="43.202126" lon="40.318719">
        <ele>48.273478</ele>
        <time>2026-04-30T14:26:50.063Z</time>
      </trkpt>
      <trkpt lat="43.201438" lon="40.317346">
        <ele>46.975807</ele>
        <time>2026-04-30T14:27:23.464Z</time>
      </trkpt>
      <trkpt lat="43.201340" lon="40.317169">
        <ele>46.892832</ele>
        <time>2026-04-30T14:27:28.031Z</time>
      </trkpt>
      <trkpt lat="43.200879" lon="40.316507">
        <ele>46.551051</ele>
        <time>2026-04-30T14:27:46.861Z</time>
      </trkpt>
      <trkpt lat="43.200757" lon="40.316332">
        <ele>46.460653</ele>
        <time>2026-04-30T14:27:51.826Z</time>
      </trkpt>
      <trkpt lat="43.200644" lon="40.316069">
        <ele>46.346685</ele>
        <time>2026-04-30T14:27:58.108Z</time>
      </trkpt>
      <trkpt lat="43.200198" lon="40.314481">
        <ele>45.717548</ele>
        <time>2026-04-30T14:28:33.443Z</time>
      </trkpt>
      <trkpt lat="43.199885" lon="40.313773">
        <ele>45.412720</ele>
        <time>2026-04-30T14:28:50.801Z</time>
      </trkpt>
      <trkpt lat="43.199693" lon="40.313288">
        <ele>45.112237</ele>
        <time>2026-04-30T14:29:02.042Z</time>
      </trkpt>
      <trkpt lat="43.199501" lon="40.312802">
        <ele>44.389949</ele>
        <time>2026-04-30T14:29:13.004Z</time>
      </trkpt>
      <trkpt lat="43.198687" lon="40.310699">
        <ele>40.740245</ele>
        <time>2026-04-30T14:29:56.289Z</time>
      </trkpt>
      <trkpt lat="43.198018" lon="40.308889">
        <ele>36.191472</ele>
        <time>2026-04-30T14:30:30.666Z</time>
      </trkpt>
      <trkpt lat="43.197163" lon="40.306612">
        <ele>30.726246</ele>
        <time>2026-04-30T14:31:15.614Z</time>
      </trkpt>
      <trkpt lat="43.196952" lon="40.306306">
        <ele>29.697367</ele>
        <time>2026-04-30T14:31:23.103Z</time>
      </trkpt>
      <trkpt lat="43.196804" lon="40.306161">
        <ele>29.087951</ele>
        <time>2026-04-30T14:31:27.520Z</time>
      </trkpt>
      <trkpt lat="43.196667" lon="40.306081">
        <ele>28.589030</ele>
        <time>2026-04-30T14:31:31.098Z</time>
      </trkpt>
      <trkpt lat="43.196260" lon="40.305952">
        <ele>27.189329</ele>
        <time>2026-04-30T14:31:40.991Z</time>
      </trkpt>
      <trkpt lat="43.195899" lon="40.305924">
        <ele>25.977764</ele>
        <time>2026-04-30T14:31:49.361Z</time>
      </trkpt>
      <trkpt lat="43.195171" lon="40.305922">
        <ele>22.493755</ele>
        <time>2026-04-30T14:32:05.570Z</time>
      </trkpt>
      <trkpt lat="43.194531" lon="40.305917">
        <ele>19.041899</ele>
        <time>2026-04-30T14:32:19.254Z</time>
      </trkpt>
      <trkpt lat="43.193614" lon="40.305981">
        <ele>14.533153</ele>
        <time>2026-04-30T14:32:38.801Z</time>
      </trkpt>
      <trkpt lat="43.193425" lon="40.305498">
        <ele>13.031719</ele>
        <time>2026-04-30T14:32:47.646Z</time>
      </trkpt>
      <trkpt lat="43.193363" lon="40.305339">
        <ele>12.537843</ele>
        <time>2026-04-30T14:32:50.625Z</time>
      </trkpt>
      <trkpt lat="43.192664" lon="40.303458">
        <ele>7.855811</ele>
        <time>2026-04-30T14:33:28.164Z</time>
      </trkpt>
      <trkpt lat="43.192639" lon="40.303366">
        <ele>7.732082</ele>
        <time>2026-04-30T14:33:29.989Z</time>
      </trkpt>
      <trkpt lat="43.192628" lon="40.303013">
        <ele>7.286828</ele>
        <time>2026-04-30T14:33:36.592Z</time>
      </trkpt>
      <trkpt lat="43.192640" lon="40.302449">
        <ele>6.575778</ele>
        <time>2026-04-30T14:33:47.270Z</time>
      </trkpt>
      <trkpt lat="43.192731" lon="40.301993">
        <ele>5.979993</ele>
        <time>2026-04-30T14:33:56.406Z</time>
      </trkpt>
      <trkpt lat="43.192895" lon="40.301573">
        <ele>5.615978</ele>
        <time>2026-04-30T14:34:05.817Z</time>
      </trkpt>
      <trkpt lat="43.192890" lon="40.301371">
        <ele>5.558558</ele>
        <time>2026-04-30T14:34:09.880Z</time>
      </trkpt>
      <trkpt lat="43.192819" lon="40.300887">
        <ele>5.418300</ele>
        <time>2026-04-30T14:34:20.142Z</time>
      </trkpt>
      <trkpt lat="43.192662" lon="40.300178">
        <ele>5.207789</ele>
        <time>2026-04-30T14:34:36.073Z</time>
      </trkpt>
      <trkpt lat="43.192246" lon="40.298714">
        <ele>4.795251</ele>
        <time>2026-04-30T14:35:09.277Z</time>
      </trkpt>
      <trkpt lat="43.192124" lon="40.298225">
        <ele>4.670759</ele>
        <time>2026-04-30T14:35:19.963Z</time>
      </trkpt>
      <trkpt lat="43.192105" lon="40.298069">
        <ele>4.632662</ele>
        <time>2026-04-30T14:35:23.226Z</time>
      </trkpt>
      <trkpt lat="43.192106" lon="40.297814">
        <ele>4.571239</ele>
        <time>2026-04-30T14:35:28.507Z</time>
      </trkpt>
      <trkpt lat="43.192140" lon="40.297535">
        <ele>4.503104</ele>
        <time>2026-04-30T14:35:34.344Z</time>
      </trkpt>
      <trkpt lat="43.192372" lon="40.295904">
        <ele>4.085703</ele>
        <time>2026-04-30T14:36:09.147Z</time>
      </trkpt>
      <trkpt lat="43.192148" lon="40.295837">
        <ele>4.005432</ele>
        <time>2026-04-30T14:36:13.086Z</time>
      </trkpt>
      <trkpt lat="43.191981" lon="40.295787">
        <ele>3.945585</ele>
        <time>2026-04-30T14:36:16.010Z</time>
      </trkpt>
      <trkpt lat="43.191817" lon="40.295698">
        <ele>3.883835</ele>
        <time>2026-04-30T14:36:18.986Z</time>
      </trkpt>
      <trkpt lat="43.191662" lon="40.295560">
        <ele>3.819135</ele>
        <time>2026-04-30T14:36:22.115Z</time>
      </trkpt>
      <trkpt lat="43.191438" lon="40.295299">
        <ele>3.696951</ele>
        <time>2026-04-30T14:36:26.971Z</time>
      </trkpt>
      <trkpt lat="43.190956" lon="40.294605">
        <ele>3.344283</ele>
        <time>2026-04-30T14:36:38.260Z</time>
      </trkpt>
      <trkpt lat="43.190563" lon="40.294040">
        <ele>3.056961</ele>
        <time>2026-04-30T14:36:47.524Z</time>
      </trkpt>
      <trkpt lat="43.190486" lon="40.293929">
        <ele>3.000586</ele>
        <time>2026-04-30T14:36:49.360Z</time>
      </trkpt>
      <trkpt lat="43.189289" lon="40.292205">
        <ele>2.323907</ele>
        <time>2026-04-30T14:37:18.625Z</time>
      </trkpt>
      <trkpt lat="43.187683" lon="40.291386">
        <ele>1.541560</ele>
        <time>2026-04-30T14:37:46.826Z</time>
      </trkpt>
      <trkpt lat="43.187564" lon="40.291334">
        <ele>1.481570</ele>
        <time>2026-04-30T14:37:48.883Z</time>
      </trkpt>
      <trkpt lat="43.187480" lon="40.291304">
        <ele>1.439877</ele>
        <time>2026-04-30T14:37:50.314Z</time>
      </trkpt>
      <trkpt lat="43.187391" lon="40.291272">
        <ele>1.395683</ele>
        <time>2026-04-30T14:37:51.810Z</time>
      </trkpt>
      <trkpt lat="43.187061" lon="40.291160">
        <ele>1.298306</ele>
        <time>2026-04-30T14:37:57.397Z</time>
      </trkpt>
      <trkpt lat="43.186794" lon="40.291161">
        <ele>1.257413</ele>
        <time>2026-04-30T14:38:01.828Z</time>
      </trkpt>
      <trkpt lat="43.186177" lon="40.291304">
        <ele>1.161578</ele>
        <time>2026-04-30T14:38:12.565Z</time>
      </trkpt>
      <trkpt lat="43.185296" lon="40.291604">
        <ele>1.117250</ele>
        <time>2026-04-30T14:38:28.903Z</time>
      </trkpt>
      <trkpt lat="43.183022" lon="40.292304">
        <ele>1.785597</ele>
        <time>2026-04-30T14:39:13.264Z</time>
      </trkpt>
      <trkpt lat="43.182764" lon="40.292400">
        <ele>1.847268</ele>
        <time>2026-04-30T14:39:18.312Z</time>
      </trkpt>
      <trkpt lat="43.182639" lon="40.292572">
        <ele>1.888118</ele>
        <time>2026-04-30T14:39:21.602Z</time>
      </trkpt>
      <trkpt lat="43.182444" lon="40.293117">
        <ele>1.990239</ele>
        <time>2026-04-30T14:39:29.693Z</time>
      </trkpt>
      <trkpt lat="43.182147" lon="40.293997">
        <ele>1.860727</ele>
        <time>2026-04-30T14:39:41.875Z</time>
      </trkpt>
      <trkpt lat="43.181926" lon="40.294850">
        <ele>1.649063</ele>
        <time>2026-04-30T14:39:52.783Z</time>
      </trkpt>
      <trkpt lat="43.181403" lon="40.297101">
        <ele>1.106999</ele>
        <time>2026-04-30T14:40:21.609Z</time>
      </trkpt>
      <trkpt lat="43.181209" lon="40.297912">
        <ele>0.913198</ele>
        <time>2026-04-30T14:40:32.253Z</time>
      </trkpt>
      <trkpt lat="43.181193" lon="40.297979">
        <ele>0.897189</ele>
        <time>2026-04-30T14:40:33.137Z</time>
      </trkpt>
      <trkpt lat="43.181065" lon="40.298622">
        <ele>0.825258</ele>
        <time>2026-04-30T14:40:41.504Z</time>
      </trkpt>
      <trkpt lat="43.180984" lon="40.298923">
        <ele>0.791431</ele>
        <time>2026-04-30T14:40:45.550Z</time>
      </trkpt>
      <trkpt lat="43.180825" lon="40.299260">
        <ele>0.749112</ele>
        <time>2026-04-30T14:40:50.630Z</time>
      </trkpt>
      <trkpt lat="43.180664" lon="40.299522">
        <ele>0.712989</ele>
        <time>2026-04-30T14:40:54.988Z</time>
      </trkpt>
      <trkpt lat="43.180211" lon="40.300314">
        <ele>0.622450</ele>
        <time>2026-04-30T14:41:07.724Z</time>
      </trkpt>
      <trkpt lat="43.178921" lon="40.302415">
        <ele>0.518102</ele>
        <time>2026-04-30T14:41:42.993Z</time>
      </trkpt>
      <trkpt lat="43.178748" lon="40.302721">
        <ele>0.514468</ele>
        <time>2026-04-30T14:41:48.063Z</time>
      </trkpt>
      <trkpt lat="43.178564" lon="40.303147">
        <ele>0.509821</ele>
        <time>2026-04-30T14:41:54.549Z</time>
      </trkpt>
      <trkpt lat="43.177360" lon="40.306470">
        <ele>0.570633</ele>
        <time>2026-04-30T14:42:42.789Z</time>
      </trkpt>
      <trkpt lat="43.176988" lon="40.307274">
        <ele>0.691224</ele>
        <time>2026-04-30T14:42:55.718Z</time>
      </trkpt>
      <trkpt lat="43.176464" lon="40.308232">
        <ele>0.842889</ele>
        <time>2026-04-30T14:43:11.927Z</time>
      </trkpt>
      <trkpt lat="43.175748" lon="40.309594">
        <ele>1.012137</ele>
        <time>2026-04-30T14:43:33.752Z</time>
      </trkpt>
      <trkpt lat="43.175469" lon="40.310073">
        <ele>1.072722</ele>
        <time>2026-04-30T14:43:41.710Z</time>
      </trkpt>
      <trkpt lat="43.174519" lon="40.311420">
        <ele>2.203920</ele>
        <time>2026-04-30T14:44:08.506Z</time>
      </trkpt>
      <trkpt lat="43.174458" lon="40.311512">
        <ele>2.290640</ele>
        <time>2026-04-30T14:44:10.379Z</time>
      </trkpt>
      <trkpt lat="43.174309" lon="40.311702">
        <ele>2.485229</ele>
        <time>2026-04-30T14:44:14.626Z</time>
      </trkpt>
      <trkpt lat="43.174253" lon="40.311769">
        <ele>2.556305</ele>
        <time>2026-04-30T14:44:16.190Z</time>
      </trkpt>
      <trkpt lat="43.173712" lon="40.312491">
        <ele>3.759238</ele>
        <time>2026-04-30T14:44:34.518Z</time>
      </trkpt>
      <trkpt lat="43.173328" lon="40.312892">
        <ele>4.707267</ele>
        <time>2026-04-30T14:44:48.120Z</time>
      </trkpt>
      <trkpt lat="43.172725" lon="40.313446">
        <ele>6.132892</ele>
        <time>2026-04-30T14:45:06.046Z</time>
      </trkpt>
      <trkpt lat="43.172640" lon="40.313531">
        <ele>6.339521</ele>
        <time>2026-04-30T14:45:08.420Z</time>
      </trkpt>
      <trkpt lat="43.172400" lon="40.313769">
        <ele>6.049401</ele>
        <time>2026-04-30T14:45:14.496Z</time>
      </trkpt>
      <trkpt lat="43.171335" lon="40.314713">
        <ele>4.708077</ele>
        <time>2026-04-30T14:45:32.657Z</time>
      </trkpt>
      <trkpt lat="43.171094" lon="40.314851">
        <ele>4.434899</ele>
        <time>2026-04-30T14:45:36.268Z</time>
      </trkpt>
      <trkpt lat="43.170642" lon="40.315018">
        <ele>4.014430</ele>
        <time>2026-04-30T14:45:43.010Z</time>
      </trkpt>
      <trkpt lat="43.169491" lon="40.315430">
        <ele>2.945948</ele>
        <time>2026-04-30T14:46:02.243Z</time>
      </trkpt>
      <trkpt lat="43.167429" lon="40.317269">
        <ele>2.995201</ele>
        <time>2026-04-30T14:46:46.637Z</time>
      </trkpt>
      <trkpt lat="43.167361" lon="40.317332">
        <ele>3.013314</ele>
        <time>2026-04-30T14:46:48.181Z</time>
      </trkpt>
      <trkpt lat="43.166335" lon="40.318280">
        <ele>3.284165</ele>
        <time>2026-04-30T14:47:11.136Z</time>
      </trkpt>
      <trkpt lat="43.164538" lon="40.320084">
        <ele>3.567162</ele>
        <time>2026-04-30T14:47:52.002Z</time>
      </trkpt>
      <trkpt lat="43.164193" lon="40.320496">
        <ele>3.532850</ele>
        <time>2026-04-30T14:48:00.250Z</time>
      </trkpt>
      <trkpt lat="43.163828" lon="40.320879">
        <ele>3.498380</ele>
        <time>2026-04-30T14:48:08.138Z</time>
      </trkpt>
      <trkpt lat="43.163152" lon="40.321567">
        <ele>3.418456</ele>
        <time>2026-04-30T14:48:22.300Z</time>
      </trkpt>
      <trkpt lat="43.163117" lon="40.321605">
        <ele>3.413440</ele>
        <time>2026-04-30T14:48:23.038Z</time>
      </trkpt>
      <trkpt lat="43.160025" lon="40.324936">
        <ele>3.487782</ele>
        <time>2026-04-30T14:49:32.765Z</time>
      </trkpt>
      <trkpt lat="43.159866" lon="40.325103">
        <ele>3.552052</ele>
        <time>2026-04-30T14:49:36.588Z</time>
      </trkpt>
      <trkpt lat="43.159491" lon="40.325579">
        <ele>3.716037</ele>
        <time>2026-04-30T14:49:46.508Z</time>
      </trkpt>
      <trkpt lat="43.159193" lon="40.326106">
        <ele>3.856620</ele>
        <time>2026-04-30T14:49:56.294Z</time>
      </trkpt>
      <trkpt lat="43.158650" lon="40.326913">
        <ele>4.059204</ele>
        <time>2026-04-30T14:50:13.321Z</time>
      </trkpt>
      <trkpt lat="43.158071" lon="40.327930">
        <ele>4.003686</ele>
        <time>2026-04-30T14:50:29.011Z</time>
      </trkpt>
      <trkpt lat="43.158215" lon="40.328065">
        <ele>3.748921</ele>
        <time>2026-04-30T14:50:31.532Z</time>
      </trkpt>
      <trkpt lat="43.158302" lon="40.328150">
        <ele>3.592904</ele>
        <time>2026-04-30T14:50:33.052Z</time>
      </trkpt>
      <trkpt lat="43.158628" lon="40.328461">
        <ele>3.012894</ele>
        <time>2026-04-30T14:50:38.656Z</time>
      </trkpt>
      <trkpt lat="43.158813" lon="40.328652">
        <ele>2.674679</ele>
        <time>2026-04-30T14:50:41.893Z</time>
      </trkpt>
      <trkpt lat="43.158844" lon="40.328703">
        <ele>2.603960</ele>
        <time>2026-04-30T14:50:42.564Z</time>
      </trkpt>
      <trkpt lat="43.158904" lon="40.328800">
        <ele>2.468480</ele>
        <time>2026-04-30T14:50:43.839Z</time>
      </trkpt>
      <trkpt lat="43.159037" lon="40.329057">
        <ele>2.132805</ele>
        <time>2026-04-30T14:50:47.027Z</time>
      </trkpt>
      <trkpt lat="43.159082" lon="40.329336">
        <ele>1.828416</ele>
        <time>2026-04-30T14:50:50.026Z</time>
      </trkpt>
      <trkpt lat="43.159073" lon="40.329380">
        <ele>1.779736</ele>
        <time>2026-04-30T14:50:50.529Z</time>
      </trkpt>
      <trkpt lat="43.159098" lon="40.329512">
        <ele>1.634458</ele>
        <time>2026-04-30T14:50:52.023Z</time>
      </trkpt>
      <trkpt lat="43.159140" lon="40.330082">
        <ele>1.594399</ele>
        <time>2026-04-30T14:50:58.836Z</time>
      </trkpt>
      <trkpt lat="43.159143" lon="40.330136">
        <ele>1.591257</ele>
        <time>2026-04-30T14:50:59.550Z</time>
      </trkpt>
      <trkpt lat="43.159256" lon="40.330854">
        <ele>1.548647</ele>
        <time>2026-04-30T14:51:09.838Z</time>
      </trkpt>
      <trkpt lat="43.159421" lon="40.331714">
        <ele>1.497061</ele>
        <time>2026-04-30T14:51:21.970Z</time>
      </trkpt>
      <trkpt lat="43.159512" lon="40.332305">
        <ele>1.527992</ele>
        <time>2026-04-30T14:51:29.952Z</time>
      </trkpt>
      <trkpt lat="43.159469" lon="40.332635">
        <ele>1.566387</ele>
        <time>2026-04-30T14:51:34.555Z</time>
      </trkpt>
      <trkpt lat="43.159410" lon="40.332824">
        <ele>1.589932</ele>
        <time>2026-04-30T14:51:37.364Z</time>
      </trkpt>
      <trkpt lat="43.159201" lon="40.333343">
        <ele>1.657831</ele>
        <time>2026-04-30T14:51:45.586Z</time>
      </trkpt>
      <trkpt lat="43.159102" lon="40.333768">
        <ele>1.708930</ele>
        <time>2026-04-30T14:51:51.645Z</time>
      </trkpt>
      <trkpt lat="43.159086" lon="40.334020">
        <ele>1.737902</ele>
        <time>2026-04-30T14:51:54.943Z</time>
      </trkpt>
      <trkpt lat="43.159080" lon="40.334213">
        <ele>1.760027</ele>
        <time>2026-04-30T14:51:57.585Z</time>
      </trkpt>
      <trkpt lat="43.159113" lon="40.334513">
        <ele>1.797968</ele>
        <time>2026-04-30T14:52:01.806Z</time>
      </trkpt>
      <trkpt lat="43.159120" lon="40.334535">
        <ele>1.801028</ele>
        <time>2026-04-30T14:52:02.133Z</time>
      </trkpt>
      <trkpt lat="43.159343" lon="40.335256">
        <ele>1.900890</ele>
        <time>2026-04-30T14:52:13.254Z</time>
      </trkpt>
      <trkpt lat="43.159443" lon="40.335563">
        <ele>1.943763</ele>
        <time>2026-04-30T14:52:17.818Z</time>
      </trkpt>
      <trkpt lat="43.159484" lon="40.335805">
        <ele>1.975443</ele>
        <time>2026-04-30T14:52:21.088Z</time>
      </trkpt>
      <trkpt lat="43.159478" lon="40.336009">
        <ele>2.001477</ele>
        <time>2026-04-30T14:52:23.750Z</time>
      </trkpt>
      <trkpt lat="43.159434" lon="40.336856">
        <ele>2.098580</ele>
        <time>2026-04-30T14:52:35.853Z</time>
      </trkpt>
      <trkpt lat="43.159403" lon="40.337407">
        <ele>2.141633</ele>
        <time>2026-04-30T14:52:43.927Z</time>
      </trkpt>
      <trkpt lat="43.159460" lon="40.337442">
        <ele>2.148304</ele>
        <time>2026-04-30T14:52:45.171Z</time>
      </trkpt>
      <trkpt lat="43.159788" lon="40.337657">
        <ele>2.187132</ele>
        <time>2026-04-30T14:52:52.096Z</time>
      </trkpt>
      <trkpt lat="43.160448" lon="40.338127">
        <ele>2.266562</ele>
        <time>2026-04-30T14:53:05.718Z</time>
      </trkpt>
      <trkpt lat="43.160746" lon="40.338316">
        <ele>2.265784</ele>
        <time>2026-04-30T14:53:11.570Z</time>
      </trkpt>
      <trkpt lat="43.161065" lon="40.338524">
        <ele>2.256069</ele>
        <time>2026-04-30T14:53:17.919Z</time>
      </trkpt>
      <trkpt lat="43.161126" lon="40.338563">
        <ele>2.254218</ele>
        <time>2026-04-30T14:53:19.141Z</time>
      </trkpt>
      <trkpt lat="43.161225" lon="40.338627">
        <ele>2.251208</ele>
        <time>2026-04-30T14:53:21.166Z</time>
      </trkpt>
      <trkpt lat="43.161510" lon="40.338820">
        <ele>2.242466</ele>
        <time>2026-04-30T14:53:27.117Z</time>
      </trkpt>
      <trkpt lat="43.161605" lon="40.338884">
        <ele>2.239555</ele>
        <time>2026-04-30T14:53:29.129Z</time>
      </trkpt>
      <trkpt lat="43.161710" lon="40.338954">
        <ele>2.236345</ele>
        <time>2026-04-30T14:53:31.338Z</time>
      </trkpt>
      <trkpt lat="43.162100" lon="40.339207">
        <ele>2.224479</ele>
        <time>2026-04-30T14:53:39.435Z</time>
      </trkpt>
      <trkpt lat="43.162408" lon="40.339406">
        <ele>2.267883</ele>
        <time>2026-04-30T14:53:45.664Z</time>
      </trkpt>
      <trkpt lat="43.162768" lon="40.339554">
        <ele>2.321378</ele>
        <time>2026-04-30T14:53:52.868Z</time>
      </trkpt>
      <trkpt lat="43.162990" lon="40.339643">
        <ele>2.354299</ele>
        <time>2026-04-30T14:53:57.415Z</time>
      </trkpt>
      <trkpt lat="43.163363" lon="40.339808">
        <ele>2.410085</ele>
        <time>2026-04-30T14:54:04.897Z</time>
      </trkpt>
      <trkpt lat="43.163464" lon="40.339853">
        <ele>2.425201</ele>
        <time>2026-04-30T14:54:06.888Z</time>
      </trkpt>
      <trkpt lat="43.163629" lon="40.339718">
        <ele>2.452551</ele>
        <time>2026-04-30T14:54:10.297Z</time>
      </trkpt>
      <trkpt lat="43.163908" lon="40.340212">
        <ele>2.477613</ele>
        <time>2026-04-30T14:54:18.589Z</time>
      </trkpt>
      <trkpt lat="43.164110" lon="40.340671">
        <ele>2.474581</ele>
        <time>2026-04-30T14:54:25.997Z</time>
      </trkpt>
      <trkpt lat="43.164231" lon="40.340923">
        <ele>2.472875</ele>
        <time>2026-04-30T14:54:30.237Z</time>
      </trkpt>
      <trkpt lat="43.164617" lon="40.341562">
        <ele>2.468183</ele>
        <time>2026-04-30T14:54:40.793Z</time>
      </trkpt>
      <trkpt lat="43.164709" lon="40.341679">
        <ele>2.467210</ele>
        <time>2026-04-30T14:54:42.861Z</time>
      </trkpt>
      <trkpt lat="43.164926" lon="40.341969">
        <ele>2.406817</ele>
        <time>2026-04-30T14:54:47.864Z</time>
      </trkpt>
      <trkpt lat="43.165197" lon="40.342411">
        <ele>2.183929</ele>
        <time>2026-04-30T14:54:54.688Z</time>
      </trkpt>
      <trkpt lat="43.165260" lon="40.342607">
        <ele>2.101251</ele>
        <time>2026-04-30T14:54:57.221Z</time>
      </trkpt>
      <trkpt lat="43.165277" lon="40.342912">
        <ele>1.983176</ele>
        <time>2026-04-30T14:55:00.813Z</time>
      </trkpt>
      <trkpt lat="43.165236" lon="40.343198">
        <ele>1.870666</ele>
        <time>2026-04-30T14:55:04.191Z</time>
      </trkpt>
      <trkpt lat="43.165010" lon="40.343843">
        <ele>1.594452</ele>
        <time>2026-04-30T14:55:12.632Z</time>
      </trkpt>
      <trkpt lat="43.164965" lon="40.344065">
        <ele>1.514257</ele>
        <time>2026-04-30T14:55:15.458Z</time>
      </trkpt>
      <trkpt lat="43.164991" lon="40.344228">
        <ele>1.517488</ele>
        <time>2026-04-30T14:55:17.508Z</time>
      </trkpt>
      <trkpt lat="43.165218" lon="40.344639">
        <ele>1.527473</ele>
        <time>2026-04-30T14:55:23.994Z</time>
      </trkpt>
      <trkpt lat="43.165727" lon="40.345465">
        <ele>1.548417</ele>
        <time>2026-04-30T14:55:38.256Z</time>
      </trkpt>
      <trkpt lat="43.165960" lon="40.345952">
        <ele>1.559697</ele>
        <time>2026-04-30T14:55:46.215Z</time>
      </trkpt>
      <trkpt lat="43.166063" lon="40.346314">
        <ele>1.625209</ele>
        <time>2026-04-30T14:55:51.606Z</time>
      </trkpt>
      <trkpt lat="43.166177" lon="40.346623">
        <ele>1.701083</ele>
        <time>2026-04-30T14:55:56.409Z</time>
      </trkpt>
      <trkpt lat="43.166303" lon="40.346831">
        <ele>1.760327</ele>
        <time>2026-04-30T14:56:00.180Z</time>
      </trkpt>
      <trkpt lat="43.166962" lon="40.347580">
        <ele>2.017476</ele>
        <time>2026-04-30T14:56:16.418Z</time>
      </trkpt>
      <trkpt lat="43.167708" lon="40.348391">
        <ele>2.149859</ele>
        <time>2026-04-30T14:56:33.695Z</time>
      </trkpt>
      <trkpt lat="43.168641" lon="40.349598">
        <ele>2.247888</ele>
        <time>2026-04-30T14:56:56.355Z</time>
      </trkpt>
      <trkpt lat="43.169300" lon="40.350652">
        <ele>2.361992</ele>
        <time>2026-04-30T14:57:15.059Z</time>
      </trkpt>
      <trkpt lat="43.169365" lon="40.350757">
        <ele>2.373311</ele>
        <time>2026-04-30T14:57:16.935Z</time>
      </trkpt>
      <trkpt lat="43.169492" lon="40.351033">
        <ele>2.400133</ele>
        <time>2026-04-30T14:57:21.334Z</time>
      </trkpt>
      <trkpt lat="43.169999" lon="40.352364">
        <ele>2.421161</ele>
        <time>2026-04-30T14:57:40.764Z</time>
      </trkpt>
      <trkpt lat="43.170707" lon="40.354006">
        <ele>2.406078</ele>
        <time>2026-04-30T14:58:05.494Z</time>
      </trkpt>
      <trkpt lat="43.171213" lon="40.355371">
        <ele>2.405369</ele>
        <time>2026-04-30T14:58:25.622Z</time>
      </trkpt>
      <trkpt lat="43.171379" lon="40.355884">
        <ele>2.354549</ele>
        <time>2026-04-30T14:58:32.688Z</time>
      </trkpt>
      <trkpt lat="43.171777" lon="40.357114">
        <ele>1.948769</ele>
        <time>2026-04-30T14:58:48.906Z</time>
      </trkpt>
      <trkpt lat="43.171999" lon="40.357824">
        <ele>1.715819</ele>
        <time>2026-04-30T14:58:58.097Z</time>
      </trkpt>
      <trkpt lat="43.172070" lon="40.357950">
        <ele>1.667803</ele>
        <time>2026-04-30T14:59:00.015Z</time>
      </trkpt>
      <trkpt lat="43.172175" lon="40.358080">
        <ele>1.646815</ele>
        <time>2026-04-30T14:59:02.451Z</time>
      </trkpt>
      <trkpt lat="43.172426" lon="40.358292">
        <ele>1.612544</ele>
        <time>2026-04-30T14:59:07.578Z</time>
      </trkpt>
      <trkpt lat="43.172624" lon="40.358415">
        <ele>1.587274</ele>
        <time>2026-04-30T14:59:11.388Z</time>
      </trkpt>
      <trkpt lat="43.173570" lon="40.358886">
        <ele>1.470274</ele>
        <time>2026-04-30T14:59:29.733Z</time>
      </trkpt>
      <trkpt lat="43.174632" lon="40.359395">
        <ele>2.130173</ele>
        <time>2026-04-30T14:59:52.197Z</time>
      </trkpt>
      <trkpt lat="43.175121" lon="40.359448">
        <ele>2.472521</ele>
        <time>2026-04-30T15:00:02.850Z</time>
      </trkpt>
      <trkpt lat="43.175482" lon="40.359436">
        <ele>2.739738</ele>
        <time>2026-04-30T15:00:10.849Z</time>
      </trkpt>
      <trkpt lat="43.175853" lon="40.359382">
        <ele>3.234967</ele>
        <time>2026-04-30T15:00:19.288Z</time>
      </trkpt>
      <trkpt lat="43.175946" lon="40.359365">
        <ele>3.359506</ele>
        <time>2026-04-30T15:00:21.428Z</time>
      </trkpt>
      <trkpt lat="43.176055" lon="40.359358">
        <ele>3.504350</ele>
        <time>2026-04-30T15:00:23.935Z</time>
      </trkpt>
      <trkpt lat="43.176960" lon="40.359226">
        <ele>4.712415</ele>
        <time>2026-04-30T15:00:44.441Z</time>
      </trkpt>
      <trkpt lat="43.177250" lon="40.359362">
        <ele>5.117550</ele>
        <time>2026-04-30T15:00:51.057Z</time>
      </trkpt>
      <trkpt lat="43.177385" lon="40.359482">
        <ele>5.316031</ele>
        <time>2026-04-30T15:00:54.532Z</time>
      </trkpt>
      <trkpt lat="43.177413" lon="40.359522">
        <ele>5.365914</ele>
        <time>2026-04-30T15:00:55.416Z</time>
      </trkpt>
      <trkpt lat="43.177487" lon="40.359625">
        <ele>5.495997</ele>
        <time>2026-04-30T15:00:57.711Z</time>
      </trkpt>
      <trkpt lat="43.177619" lon="40.359881">
        <ele>5.778069</ele>
        <time>2026-04-30T15:01:02.673Z</time>
      </trkpt>
      <trkpt lat="43.177825" lon="40.360456">
        <ele>6.354432</ele>
        <time>2026-04-30T15:01:12.826Z</time>
      </trkpt>
      <trkpt lat="43.177894" lon="40.360845">
        <ele>6.714604</ele>
        <time>2026-04-30T15:01:19.408Z</time>
      </trkpt>
      <trkpt lat="43.177906" lon="40.361278">
        <ele>7.104438</ele>
        <time>2026-04-30T15:01:26.179Z</time>
      </trkpt>
      <trkpt lat="43.177911" lon="40.361475">
        <ele>7.281779</ele>
        <time>2026-04-30T15:01:29.131Z</time>
      </trkpt>
      <trkpt lat="43.177907" lon="40.362195">
        <ele>7.553433</ele>
        <time>2026-04-30T15:01:40.425Z</time>
      </trkpt>
      <trkpt lat="43.177888" lon="40.363029">
        <ele>7.845278</ele>
        <time>2026-04-30T15:01:52.623Z</time>
      </trkpt>
      <trkpt lat="43.177858" lon="40.363251">
        <ele>7.924247</ele>
        <time>2026-04-30T15:01:55.778Z</time>
      </trkpt>
      <trkpt lat="43.177852" lon="40.363295">
        <ele>7.939903</ele>
        <time>2026-04-30T15:01:56.399Z</time>
      </trkpt>
      <trkpt lat="43.177837" lon="40.363405">
        <ele>7.979044</ele>
        <time>2026-04-30T15:01:57.867Z</time>
      </trkpt>
      <trkpt lat="43.177830" lon="40.363461">
        <ele>7.998917</ele>
        <time>2026-04-30T15:01:58.620Z</time>
      </trkpt>
      <trkpt lat="43.177687" lon="40.363840">
        <ele>8.148170</ele>
        <time>2026-04-30T15:02:03.889Z</time>
      </trkpt>
      <trkpt lat="43.177462" lon="40.364161">
        <ele>7.930818</ele>
        <time>2026-04-30T15:02:09.237Z</time>
      </trkpt>
      <trkpt lat="43.177428" lon="40.364138">
        <ele>7.895589</ele>
        <time>2026-04-30T15:02:09.837Z</time>
      </trkpt>
      <trkpt lat="43.177356" lon="40.364159">
        <ele>7.827188</ele>
        <time>2026-04-30T15:02:11.030Z</time>
      </trkpt>
      <trkpt lat="43.177322" lon="40.364249">
        <ele>7.758504</ele>
        <time>2026-04-30T15:02:12.246Z</time>
      </trkpt>
      <trkpt lat="43.177362" lon="40.364352">
        <ele>7.679429</ele>
        <time>2026-04-30T15:02:13.613Z</time>
      </trkpt>
      <trkpt lat="43.177403" lon="40.364370">
        <ele>7.639426</ele>
        <time>2026-04-30T15:02:14.317Z</time>
      </trkpt>
      <trkpt lat="43.177415" lon="40.364497">
        <ele>7.552648</ele>
        <time>2026-04-30T15:02:15.740Z</time>
      </trkpt>
      <trkpt lat="43.177426" lon="40.364782">
        <ele>7.359254</ele>
        <time>2026-04-30T15:02:18.887Z</time>
      </trkpt>
      <trkpt lat="43.177397" lon="40.366044">
        <ele>6.504147</ele>
        <time>2026-04-30T15:02:32.789Z</time>
      </trkpt>
      <trkpt lat="43.177390" lon="40.366361">
        <ele>6.344182</ele>
        <time>2026-04-30T15:02:36.243Z</time>
      </trkpt>
      <trkpt lat="43.177342" lon="40.366735">
        <ele>6.152640</ele>
        <time>2026-04-30T15:02:40.426Z</time>
      </trkpt>
      <trkpt lat="43.177285" lon="40.366923">
        <ele>6.049945</ele>
        <time>2026-04-30T15:02:42.704Z</time>
      </trkpt>
      <trkpt lat="43.176986" lon="40.367623">
        <ele>5.640761</ele>
        <time>2026-04-30T15:02:52.107Z</time>
      </trkpt>
      <trkpt lat="43.176893" lon="40.367984">
        <ele>5.447647</ele>
        <time>2026-04-30T15:02:56.675Z</time>
      </trkpt>
      <trkpt lat="43.176855" lon="40.368262">
        <ele>5.304983</ele>
        <time>2026-04-30T15:03:00.187Z</time>
      </trkpt>
      <trkpt lat="43.176791" lon="40.369208">
        <ele>5.740599</ele>
        <time>2026-04-30T15:03:13.260Z</time>
      </trkpt>
      <trkpt lat="43.176797" lon="40.369383">
        <ele>5.837769</ele>
        <time>2026-04-30T15:03:15.862Z</time>
      </trkpt>
      <trkpt lat="43.176832" lon="40.369574">
        <ele>5.947001</ele>
        <time>2026-04-30T15:03:18.864Z</time>
      </trkpt>
      <trkpt lat="43.177340" lon="40.370906">
        <ele>6.582834</ele>
        <time>2026-04-30T15:03:42.997Z</time>
      </trkpt>
      <trkpt lat="43.177518" lon="40.371308">
        <ele>6.502358</ele>
        <time>2026-04-30T15:03:50.079Z</time>
      </trkpt>
      <trkpt lat="43.177654" lon="40.371795">
        <ele>6.413123</ele>
        <time>2026-04-30T15:03:57.035Z</time>
      </trkpt>
      <trkpt lat="43.177707" lon="40.372136">
        <ele>6.353462</ele>
        <time>2026-04-30T15:04:01.206Z</time>
      </trkpt>
      <trkpt lat="43.177730" lon="40.372832">
        <ele>6.234243</ele>
        <time>2026-04-30T15:04:08.829Z</time>
      </trkpt>
      <trkpt lat="43.177715" lon="40.373781">
        <ele>5.333916</ele>
        <time>2026-04-30T15:04:18.540Z</time>
      </trkpt>
      <trkpt lat="43.177637" lon="40.374581">
        <ele>4.444365</ele>
        <time>2026-04-30T15:04:26.855Z</time>
      </trkpt>
      <trkpt lat="43.177611" lon="40.374759">
        <ele>4.244288</ele>
        <time>2026-04-30T15:04:28.806Z</time>
      </trkpt>
      <trkpt lat="43.177516" lon="40.375411">
        <ele>3.511493</ele>
        <time>2026-04-30T15:04:36.276Z</time>
      </trkpt>
      <trkpt lat="43.177462" lon="40.375575">
        <ele>3.466038</ele>
        <time>2026-04-30T15:04:38.394Z</time>
      </trkpt>
      <trkpt lat="43.177373" lon="40.376749">
        <ele>3.295809</ele>
        <time>2026-04-30T15:05:03.324Z</time>
      </trkpt>
      <trkpt lat="43.177436" lon="40.377772">
        <ele>3.147744</ele>
        <time>2026-04-30T15:05:25.799Z</time>
      </trkpt>
      <trkpt lat="43.177440" lon="40.378198">
        <ele>3.182801</ele>
        <time>2026-04-30T15:05:35.037Z</time>
      </trkpt>
      <trkpt lat="43.177423" lon="40.378376">
        <ele>3.210031</ele>
        <time>2026-04-30T15:05:38.936Z</time>
      </trkpt>
      <trkpt lat="43.177245" lon="40.379261">
        <ele>3.349283</ele>
        <time>2026-04-30T15:05:58.820Z</time>
      </trkpt>
      <trkpt lat="43.177208" lon="40.379751">
        <ele>3.424005</ele>
        <time>2026-04-30T15:06:09.760Z</time>
      </trkpt>
      <trkpt lat="43.177214" lon="40.380245">
        <ele>3.498947</ele>
        <time>2026-04-30T15:06:20.966Z</time>
      </trkpt>
      <trkpt lat="43.177248" lon="40.380662">
        <ele>3.676947</ele>
        <time>2026-04-30T15:06:30.598Z</time>
      </trkpt>
      <trkpt lat="43.177423" lon="40.381651">
        <ele>4.151468</ele>
        <time>2026-04-30T15:06:54.105Z</time>
      </trkpt>
      <trkpt lat="43.177496" lon="40.382346">
        <ele>4.478869</ele>
        <time>2026-04-30T15:07:10.500Z</time>
      </trkpt>
      <trkpt lat="43.177433" lon="40.383417">
        <ele>4.802209</ele>
        <time>2026-04-30T15:07:35.908Z</time>
      </trkpt>
      <trkpt lat="43.177411" lon="40.383851">
        <ele>4.893270</ele>
        <time>2026-04-30T15:07:45.645Z</time>
      </trkpt>
      <trkpt lat="43.177398" lon="40.384088">
        <ele>4.943018</ele>
        <time>2026-04-30T15:07:50.928Z</time>
      </trkpt>
      <trkpt lat="43.177340" lon="40.384183">
        <ele>4.968951</ele>
        <time>2026-04-30T15:07:53.641Z</time>
      </trkpt>
      <trkpt lat="43.177157" lon="40.384274">
        <ele>5.024825</ele>
        <time>2026-04-30T15:07:59.533Z</time>
      </trkpt>
      <trkpt lat="43.176817" lon="40.384477">
        <ele>5.131264</ele>
        <time>2026-04-30T15:08:10.684Z</time>
      </trkpt>
      <trkpt lat="43.176544" lon="40.384767">
        <ele>4.994004</ele>
        <time>2026-04-30T15:08:20.685Z</time>
      </trkpt>
      <trkpt lat="43.176455" lon="40.384904">
        <ele>4.872095</ele>
        <time>2026-04-30T15:08:24.370Z</time>
      </trkpt>
      <trkpt lat="43.176239" lon="40.385400">
        <ele>4.488240</ele>
        <time>2026-04-30T15:08:35.603Z</time>
      </trkpt>
      <trkpt lat="43.176162" lon="40.385524">
        <ele>4.380026</ele>
        <time>2026-04-30T15:08:38.723Z</time>
      </trkpt>
      <trkpt lat="43.175992" lon="40.385628">
        <ele>4.210419</ele>
        <time>2026-04-30T15:08:43.686Z</time>
      </trkpt>
      <trkpt lat="43.175898" lon="40.385636">
        <ele>4.124607</ele>
        <time>2026-04-30T15:08:46.246Z</time>
      </trkpt>
      <trkpt lat="43.175816" lon="40.385599">
        <ele>4.045954</ele>
        <time>2026-04-30T15:08:48.582Z</time>
      </trkpt>
      <trkpt lat="43.175502" lon="40.385376">
        <ele>3.723765</ele>
        <time>2026-04-30T15:08:58.161Z</time>
      </trkpt>
      <trkpt lat="43.175415" lon="40.385384">
        <ele>3.644319</ele>
        <time>2026-04-30T15:09:00.539Z</time>
      </trkpt>
      <trkpt lat="43.175354" lon="40.385458">
        <ele>3.570112</ele>
        <time>2026-04-30T15:09:02.735Z</time>
      </trkpt>
      <trkpt lat="43.175322" lon="40.385598">
        <ele>3.483772</ele>
        <time>2026-04-30T15:09:04.360Z</time>
      </trkpt>
      <trkpt lat="43.175248" lon="40.385705">
        <ele>3.403308</ele>
        <time>2026-04-30T15:09:06.008Z</time>
      </trkpt>
      <trkpt lat="43.174994" lon="40.385919">
        <ele>3.180255</ele>
        <time>2026-04-30T15:09:10.508Z</time>
      </trkpt>
      <trkpt lat="43.174900" lon="40.386027">
        <ele>3.088497</ele>
        <time>2026-04-30T15:09:12.356Z</time>
      </trkpt>
      <trkpt lat="43.174833" lon="40.386156">
        <ele>3.002081</ele>
        <time>2026-04-30T15:09:14.104Z</time>
      </trkpt>
      <trkpt lat="43.174770" lon="40.386398">
        <ele>2.861872</ele>
        <time>2026-04-30T15:09:17.003Z</time>
      </trkpt>
      <trkpt lat="43.174692" lon="40.386930">
        <ele>2.565777</ele>
        <time>2026-04-30T15:09:23.236Z</time>
      </trkpt>
      <trkpt lat="43.174729" lon="40.387481">
        <ele>2.263850</ele>
        <time>2026-04-30T15:09:29.955Z</time>
      </trkpt>
      <trkpt lat="43.174738" lon="40.387545">
        <ele>2.228285</ele>
        <time>2026-04-30T15:09:30.761Z</time>
      </trkpt>
      <trkpt lat="43.174790" lon="40.388013">
        <ele>2.274372</ele>
        <time>2026-04-30T15:09:36.791Z</time>
      </trkpt>
      <trkpt lat="43.174790" lon="40.388339">
        <ele>2.343501</ele>
        <time>2026-04-30T15:09:41.151Z</time>
      </trkpt>
      <trkpt lat="43.174762" lon="40.389260">
        <ele>2.538969</ele>
        <time>2026-04-30T15:09:54.974Z</time>
      </trkpt>
      <trkpt lat="43.174746" lon="40.389804">
        <ele>2.654419</ele>
        <time>2026-04-30T15:10:02.636Z</time>
      </trkpt>
      <trkpt lat="43.174735" lon="40.390154">
        <ele>2.685207</ele>
        <time>2026-04-30T15:10:07.341Z</time>
      </trkpt>
      <trkpt lat="43.174707" lon="40.390775">
        <ele>2.469922</ele>
        <time>2026-04-30T15:10:15.075Z</time>
      </trkpt>
      <trkpt lat="43.174659" lon="40.391655">
        <ele>2.164580</ele>
        <time>2026-04-30T15:10:25.366Z</time>
      </trkpt>
      <trkpt lat="43.174613" lon="40.392079">
        <ele>2.016256</ele>
        <time>2026-04-30T15:10:30.072Z</time>
      </trkpt>
      <trkpt lat="43.174368" lon="40.394020">
        <ele>3.578334</ele>
        <time>2026-04-30T15:10:54.184Z</time>
      </trkpt>
      <trkpt lat="43.174247" lon="40.394706">
        <ele>4.379536</ele>
        <time>2026-04-30T15:11:06.338Z</time>
      </trkpt>
      <trkpt lat="43.174098" lon="40.395218">
        <ele>6.691466</ele>
        <time>2026-04-30T15:11:22.509Z</time>
      </trkpt>
      <trkpt lat="43.174090" lon="40.395533">
        <ele>8.789177</ele>
        <time>2026-04-30T15:11:33.114Z</time>
      </trkpt>
      <trkpt lat="43.174005" lon="40.395897">
        <ele>11.332893</ele>
        <time>2026-04-30T15:11:46.836Z</time>
      </trkpt>
      <trkpt lat="43.173924" lon="40.396518">
        <ele>15.531468</ele>
        <time>2026-04-30T15:12:11.092Z</time>
      </trkpt>
      <trkpt lat="43.173867" lon="40.397008">
        <ele>18.833833</ele>
        <time>2026-04-30T15:12:35.786Z</time>
      </trkpt>
      <trkpt lat="43.173808" lon="40.397260">
        <ele>20.595302</ele>
        <time>2026-04-30T15:12:49.076Z</time>
      </trkpt>
      <trkpt lat="43.173519" lon="40.398022">
        <ele>22.681625</ele>
        <time>2026-04-30T15:13:24.228Z</time>
      </trkpt>
      <trkpt lat="43.173405" lon="40.398420">
        <ele>23.555541</ele>
        <time>2026-04-30T15:13:36.209Z</time>
      </trkpt>
      <trkpt lat="43.173343" lon="40.398869">
        <ele>24.489506</ele>
        <time>2026-04-30T15:13:46.769Z</time>
      </trkpt>
      <trkpt lat="43.173237" lon="40.400119">
        <ele>25.931562</ele>
        <time>2026-04-30T15:14:09.094Z</time>
      </trkpt>
      <trkpt lat="43.173186" lon="40.400436">
        <ele>25.804199</ele>
        <time>2026-04-30T15:14:14.549Z</time>
      </trkpt>
      <trkpt lat="43.173147" lon="40.400602">
        <ele>25.735774</ele>
        <time>2026-04-30T15:14:17.562Z</time>
      </trkpt>
      <trkpt lat="43.172975" lon="40.401052">
        <ele>25.536440</ele>
        <time>2026-04-30T15:14:27.045Z</time>
      </trkpt>
      <trkpt lat="43.172920" lon="40.401551">
        <ele>25.338437</ele>
        <time>2026-04-30T15:14:38.409Z</time>
      </trkpt>
      <trkpt lat="43.172776" lon="40.402072">
        <ele>25.263408</ele>
        <time>2026-04-30T15:14:53.914Z</time>
      </trkpt>
      <trkpt lat="43.172560" lon="40.403005">
        <ele>26.995159</ele>
        <time>2026-04-30T15:15:25.781Z</time>
      </trkpt>
      <trkpt lat="43.172356" lon="40.403704">
        <ele>28.327112</ele>
        <time>2026-04-30T15:15:48.355Z</time>
      </trkpt>
      <trkpt lat="43.172059" lon="40.404493">
        <ele>29.088559</ele>
        <time>2026-04-30T15:16:07.950Z</time>
      </trkpt>
      <trkpt lat="43.171770" lon="40.405044">
        <ele>27.790425</ele>
        <time>2026-04-30T15:16:20.117Z</time>
      </trkpt>
      <trkpt lat="43.171668" lon="40.405328">
        <ele>27.184924</ele>
        <time>2026-04-30T15:16:25.591Z</time>
      </trkpt>
      <trkpt lat="43.171289" lon="40.406041">
        <ele>25.497379</ele>
        <time>2026-04-30T15:16:40.878Z</time>
      </trkpt>
      <trkpt lat="43.170802" lon="40.407223">
        <ele>19.730366</ele>
        <time>2026-04-30T15:17:03.010Z</time>
      </trkpt>
      <trkpt lat="43.170521" lon="40.407679">
        <ele>16.674263</ele>
        <time>2026-04-30T15:17:11.912Z</time>
      </trkpt>
      <trkpt lat="43.169810" lon="40.408959">
        <ele>9.578684</ele>
        <time>2026-04-30T15:17:34.985Z</time>
      </trkpt>
      <trkpt lat="43.169483" lon="40.409462">
        <ele>7.184786</ele>
        <time>2026-04-30T15:17:45.176Z</time>
      </trkpt>
      <trkpt lat="43.169454" lon="40.409505">
        <ele>6.976714</ele>
        <time>2026-04-30T15:17:46.119Z</time>
      </trkpt>
      <trkpt lat="43.169364" lon="40.409635">
        <ele>6.339914</ele>
        <time>2026-04-30T15:17:49.067Z</time>
      </trkpt>
      <trkpt lat="43.169138" lon="40.410078">
        <ele>4.419227</ele>
        <time>2026-04-30T15:17:58.969Z</time>
      </trkpt>
      <trkpt lat="43.169364" lon="40.409635">
        <ele>4.693838</ele>
        <time>2026-04-30T15:18:13.214Z</time>
      </trkpt>
      <trkpt lat="43.169454" lon="40.409505">
        <ele>5.599009</ele>
        <time>2026-04-30T15:18:18.898Z</time>
      </trkpt>
      <trkpt lat="43.169483" lon="40.409462">
        <ele>5.894769</ele>
        <time>2026-04-30T15:18:20.858Z</time>
      </trkpt>
      <trkpt lat="43.169810" lon="40.408959">
        <ele>9.297540</ele>
        <time>2026-04-30T15:18:46.533Z</time>
      </trkpt>
      <trkpt lat="43.170521" lon="40.407679">
        <ele>17.185500</ele>
        <time>2026-04-30T15:19:58.473Z</time>
      </trkpt>
      <trkpt lat="43.170802" lon="40.407223">
        <ele>19.742791</ele>
        <time>2026-04-30T15:20:22.071Z</time>
      </trkpt>
      <trkpt lat="43.171289" lon="40.406041">
        <ele>25.558226</ele>
        <time>2026-04-30T15:21:05.774Z</time>
      </trkpt>
      <trkpt lat="43.171668" lon="40.405328">
        <ele>27.203118</ele>
        <time>2026-04-30T15:21:31.237Z</time>
      </trkpt>
      <trkpt lat="43.171770" lon="40.405044">
        <ele>27.565858</ele>
        <time>2026-04-30T15:21:40.390Z</time>
      </trkpt>
      <trkpt lat="43.172059" lon="40.404493">
        <ele>28.343536</ele>
        <time>2026-04-30T15:21:58.871Z</time>
      </trkpt>
      <trkpt lat="43.172356" lon="40.403704">
        <ele>29.056418</ele>
        <time>2026-04-30T15:22:17.689Z</time>
      </trkpt>
      <trkpt lat="43.172560" lon="40.403005">
        <ele>27.559952</ele>
        <time>2026-04-30T15:22:30.434Z</time>
      </trkpt>
      <trkpt lat="43.172776" lon="40.402072">
        <ele>25.614308</ele>
        <time>2026-04-30T15:22:46.304Z</time>
      </trkpt>
      <trkpt lat="43.172920" lon="40.401551">
        <ele>24.506888</ele>
        <time>2026-04-30T15:22:56.152Z</time>
      </trkpt>
      <trkpt lat="43.172975" lon="40.401052">
        <ele>24.760806</ele>
        <time>2026-04-30T15:23:06.644Z</time>
      </trkpt>
      <trkpt lat="43.173147" lon="40.400602">
        <ele>25.255399</ele>
        <time>2026-04-30T15:23:19.740Z</time>
      </trkpt>
      <trkpt lat="43.173186" lon="40.400436">
        <ele>25.425177</ele>
        <time>2026-04-30T15:23:24.816Z</time>
      </trkpt>
      <trkpt lat="43.173237" lon="40.400119">
        <ele>25.741195</ele>
        <time>2026-04-30T15:23:34.627Z</time>
      </trkpt>
      <trkpt lat="43.173343" lon="40.398869">
        <ele>25.868482</ele>
        <time>2026-04-30T15:24:09.481Z</time>
      </trkpt>
      <trkpt lat="43.173405" lon="40.398420">
        <ele>24.070890</ele>
        <time>2026-04-30T15:24:18.766Z</time>
      </trkpt>
      <trkpt lat="43.173519" lon="40.398022">
        <ele>22.388874</ele>
        <time>2026-04-30T15:24:26.318Z</time>
      </trkpt>
      <trkpt lat="43.173808" lon="40.397260">
        <ele>19.010337</ele>
        <time>2026-04-30T15:24:38.986Z</time>
      </trkpt>
      <trkpt lat="43.173867" lon="40.397008">
        <ele>17.969233</ele>
        <time>2026-04-30T15:24:42.662Z</time>
      </trkpt>
      <trkpt lat="43.173924" lon="40.396518">
        <ele>15.535614</ele>
        <time>2026-04-30T15:24:49.563Z</time>
      </trkpt>
      <trkpt lat="43.174005" lon="40.395897">
        <ele>11.892776</ele>
        <time>2026-04-30T15:24:54.516Z</time>
      </trkpt>
      <trkpt lat="43.174090" lon="40.395533">
        <ele>9.685754</ele>
        <time>2026-04-30T15:24:57.558Z</time>
      </trkpt>
      <trkpt lat="43.174098" lon="40.395218">
        <ele>7.865703</ele>
        <time>2026-04-30T15:25:00.096Z</time>
      </trkpt>
      <trkpt lat="43.174247" lon="40.394706">
        <ele>4.682491</ele>
        <time>2026-04-30T15:25:04.691Z</time>
      </trkpt>
      <trkpt lat="43.174368" lon="40.394020">
        <ele>2.698964</ele>
        <time>2026-04-30T15:25:12.051Z</time>
      </trkpt>
      <trkpt lat="43.174613" lon="40.392079">
        <ele>2.149270</ele>
        <time>2026-04-30T15:25:39.224Z</time>
      </trkpt>
      <trkpt lat="43.174659" lon="40.391655">
        <ele>2.179564</ele>
        <time>2026-04-30T15:25:46.038Z</time>
      </trkpt>
      <trkpt lat="43.174707" lon="40.390775">
        <ele>2.356174</ele>
        <time>2026-04-30T15:25:58.947Z</time>
      </trkpt>
      <trkpt lat="43.174735" lon="40.390154">
        <ele>2.480696</ele>
        <time>2026-04-30T15:26:07.394Z</time>
      </trkpt>
      <trkpt lat="43.174746" lon="40.389804">
        <ele>2.550808</ele>
        <time>2026-04-30T15:26:11.770Z</time>
      </trkpt>
      <trkpt lat="43.174762" lon="40.389260">
        <ele>2.582133</ele>
        <time>2026-04-30T15:26:18.332Z</time>
      </trkpt>
      <trkpt lat="43.174790" lon="40.388339">
        <ele>2.475583</ele>
        <time>2026-04-30T15:26:28.868Z</time>
      </trkpt>
      <trkpt lat="43.174790" lon="40.388013">
        <ele>2.437901</ele>
        <time>2026-04-30T15:26:32.975Z</time>
      </trkpt>
      <trkpt lat="43.174738" lon="40.387545">
        <ele>2.383181</ele>
        <time>2026-04-30T15:26:39.249Z</time>
      </trkpt>
      <trkpt lat="43.174729" lon="40.387481">
        <ele>2.375647</ele>
        <time>2026-04-30T15:26:40.139Z</time>
      </trkpt>
      <trkpt lat="43.174692" lon="40.386930">
        <ele>2.367919</ele>
        <time>2026-04-30T15:26:47.842Z</time>
      </trkpt>
      <trkpt lat="43.174770" lon="40.386398">
        <ele>2.561069</ele>
        <time>2026-04-30T15:26:55.929Z</time>
      </trkpt>
      <trkpt lat="43.174833" lon="40.386156">
        <ele>2.652531</ele>
        <time>2026-04-30T15:26:59.893Z</time>
      </trkpt>
      <trkpt lat="43.174900" lon="40.386027">
        <ele>2.708902</ele>
        <time>2026-04-30T15:27:02.300Z</time>
      </trkpt>
      <trkpt lat="43.174994" lon="40.385919">
        <ele>2.768758</ele>
        <time>2026-04-30T15:27:04.837Z</time>
      </trkpt>
      <trkpt lat="43.175248" lon="40.385705">
        <ele>2.914261</ele>
        <time>2026-04-30T15:27:10.854Z</time>
      </trkpt>
      <trkpt lat="43.175322" lon="40.385598">
        <ele>2.966749</ele>
        <time>2026-04-30T15:27:12.967Z</time>
      </trkpt>
      <trkpt lat="43.175354" lon="40.385458">
        <ele>3.018971</ele>
        <time>2026-04-30T15:27:15.023Z</time>
      </trkpt>
      <trkpt lat="43.175346" lon="40.385238">
        <ele>3.097375</ele>
        <time>2026-04-30T15:27:18.002Z</time>
      </trkpt>
      <trkpt lat="43.175287" lon="40.385136">
        <ele>3.143715</ele>
        <time>2026-04-30T15:27:19.677Z</time>
      </trkpt>
      <trkpt lat="43.175025" lon="40.384847">
        <ele>3.165965</ele>
        <time>2026-04-30T15:27:25.384Z</time>
      </trkpt>
      <trkpt lat="43.174680" lon="40.384532">
        <ele>3.093566</ele>
        <time>2026-04-30T15:27:32.496Z</time>
      </trkpt>
      <trkpt lat="43.174610" lon="40.384312">
        <ele>3.062991</ele>
        <time>2026-04-30T15:27:35.494Z</time>
      </trkpt>
      <trkpt lat="43.174616" lon="40.384057">
        <ele>3.030491</ele>
        <time>2026-04-30T15:27:38.589Z</time>
      </trkpt>
      <trkpt lat="43.174629" lon="40.383834">
        <ele>3.001994</ele>
        <time>2026-04-30T15:27:41.327Z</time>
      </trkpt>
      <trkpt lat="43.174639" lon="40.383627">
        <ele>2.975568</ele>
        <time>2026-04-30T15:27:43.877Z</time>
      </trkpt>
      <trkpt lat="43.174661" lon="40.382960">
        <ele>2.890516</ele>
        <time>2026-04-30T15:27:52.203Z</time>
      </trkpt>
      <trkpt lat="43.174645" lon="40.382345">
        <ele>2.991814</ele>
        <time>2026-04-30T15:28:00.283Z</time>
      </trkpt>
      <trkpt lat="43.174606" lon="40.381885">
        <ele>3.070385</ele>
        <time>2026-04-30T15:28:06.813Z</time>
      </trkpt>
      <trkpt lat="43.174436" lon="40.380769">
        <ele>3.263816</ele>
        <time>2026-04-30T15:28:22.407Z</time>
      </trkpt>
      <trkpt lat="43.173870" lon="40.377776">
        <ele>3.920531</ele>
        <time>2026-04-30T15:29:04.018Z</time>
      </trkpt>
      <trkpt lat="43.173499" lon="40.376150">
        <ele>4.799799</ele>
        <time>2026-04-30T15:29:29.696Z</time>
      </trkpt>
      <trkpt lat="43.173244" lon="40.376149">
        <ele>4.980254</ele>
        <time>2026-04-30T15:29:34.969Z</time>
      </trkpt>
      <trkpt lat="43.173204" lon="40.376109">
        <ele>5.014763</ele>
        <time>2026-04-30T15:29:35.927Z</time>
      </trkpt>
      <trkpt lat="43.173174" lon="40.376016">
        <ele>5.064853</ele>
        <time>2026-04-30T15:29:37.478Z</time>
      </trkpt>
      <trkpt lat="43.173067" lon="40.375399">
        <ele>5.377241</ele>
        <time>2026-04-30T15:29:46.311Z</time>
      </trkpt>
      <trkpt lat="43.173044" lon="40.375358">
        <ele>5.402720</ele>
        <time>2026-04-30T15:29:46.980Z</time>
      </trkpt>
      <trkpt lat="43.172892" lon="40.375404">
        <ele>5.507853</ele>
        <time>2026-04-30T15:29:49.977Z</time>
      </trkpt>
      <trkpt lat="43.172829" lon="40.375370">
        <ele>5.553580</ele>
        <time>2026-04-30T15:29:51.308Z</time>
      </trkpt>
      <trkpt lat="43.172499" lon="40.374333">
        <ele>6.110887</ele>
        <time>2026-04-30T15:30:07.366Z</time>
      </trkpt>
      <trkpt lat="43.172503" lon="40.374037">
        <ele>6.320151</ele>
        <time>2026-04-30T15:30:11.825Z</time>
      </trkpt>
      <trkpt lat="43.172543" lon="40.373494">
        <ele>7.036105</ele>
        <time>2026-04-30T15:30:20.533Z</time>
      </trkpt>
      <trkpt lat="43.172465" lon="40.373010">
        <ele>7.686353</ele>
        <time>2026-04-30T15:30:29.239Z</time>
      </trkpt>
      <trkpt lat="43.172345" lon="40.372728">
        <ele>8.114662</ele>
        <time>2026-04-30T15:30:35.294Z</time>
      </trkpt>
      <trkpt lat="43.171877" lon="40.372163">
        <ele>9.236286</ele>
        <time>2026-04-30T15:30:51.098Z</time>
      </trkpt>
      <trkpt lat="43.171739" lon="40.371966">
        <ele>9.452538</ele>
        <time>2026-04-30T15:30:55.978Z</time>
      </trkpt>
      <trkpt lat="43.171562" lon="40.371685">
        <ele>9.447735</ele>
        <time>2026-04-30T15:31:02.286Z</time>
      </trkpt>
      <trkpt lat="43.171487" lon="40.371474">
        <ele>9.444698</ele>
        <time>2026-04-30T15:31:06.042Z</time>
      </trkpt>
      <trkpt lat="43.171430" lon="40.371059">
        <ele>9.439235</ele>
        <time>2026-04-30T15:31:12.199Z</time>
      </trkpt>
      <trkpt lat="43.171372" lon="40.370830">
        <ele>9.436099</ele>
        <time>2026-04-30T15:31:15.411Z</time>
      </trkpt>
      <trkpt lat="43.171276" lon="40.370521">
        <ele>9.431754</ele>
        <time>2026-04-30T15:31:19.521Z</time>
      </trkpt>
      <trkpt lat="43.171143" lon="40.370204">
        <ele>9.427023</ele>
        <time>2026-04-30T15:31:23.664Z</time>
      </trkpt>
      <trkpt lat="43.170619" lon="40.367339">
        <ele>4.702290</ele>
        <time>2026-04-30T15:31:52.620Z</time>
      </trkpt>
      <trkpt lat="43.170553" lon="40.366925">
        <ele>4.165360</ele>
        <time>2026-04-30T15:31:56.761Z</time>
      </trkpt>
      <trkpt lat="43.170570" lon="40.366840">
        <ele>4.053687</ele>
        <time>2026-04-30T15:31:57.629Z</time>
      </trkpt>
      <trkpt lat="43.170594" lon="40.366803">
        <ele>3.990949</ele>
        <time>2026-04-30T15:31:58.126Z</time>
      </trkpt>
      <trkpt lat="43.170668" lon="40.366743">
        <ele>3.841597</ele>
        <time>2026-04-30T15:31:59.306Z</time>
      </trkpt>
      <trkpt lat="43.171117" lon="40.366659">
        <ele>3.054342</ele>
        <time>2026-04-30T15:32:05.685Z</time>
      </trkpt>
      <trkpt lat="43.171282" lon="40.366583">
        <ele>2.751953</ele>
        <time>2026-04-30T15:32:08.215Z</time>
      </trkpt>
      <trkpt lat="43.171413" lon="40.366413">
        <ele>2.438607</ele>
        <time>2026-04-30T15:32:10.910Z</time>
      </trkpt>
      <trkpt lat="43.171491" lon="40.366190">
        <ele>2.125252</ele>
        <time>2026-04-30T15:32:13.702Z</time>
      </trkpt>
      <trkpt lat="43.171406" lon="40.365941">
        <ele>1.776921</ele>
        <time>2026-04-30T15:32:16.856Z</time>
      </trkpt>
      <trkpt lat="43.171329" lon="40.365501">
        <ele>1.681331</ele>
        <time>2026-04-30T15:32:22.238Z</time>
      </trkpt>
      <trkpt lat="43.171204" lon="40.363979">
        <ele>1.588341</ele>
        <time>2026-04-30T15:32:42.101Z</time>
      </trkpt>
      <trkpt lat="43.171131" lon="40.363066">
        <ele>1.716202</ele>
        <time>2026-04-30T15:32:54.662Z</time>
      </trkpt>
      <trkpt lat="43.171074" lon="40.362679">
        <ele>1.883069</ele>
        <time>2026-04-30T15:33:00.239Z</time>
      </trkpt>
      <trkpt lat="43.170277" lon="40.359669">
        <ele>3.280264</ele>
        <time>2026-04-30T15:33:47.188Z</time>
      </trkpt>
      <trkpt lat="43.170231" lon="40.359500">
        <ele>3.361731</ele>
        <time>2026-04-30T15:33:49.786Z</time>
      </trkpt>
      <trkpt lat="43.169695" lon="40.357546">
        <ele>3.917192</ele>
        <time>2026-04-30T15:34:18.917Z</time>
      </trkpt>
      <trkpt lat="43.169155" lon="40.355596">
        <ele>4.017094</ele>
        <time>2026-04-30T15:34:46.039Z</time>
      </trkpt>
      <trkpt lat="43.168785" lon="40.354774">
        <ele>3.933541</ele>
        <time>2026-04-30T15:34:58.021Z</time>
      </trkpt>
      <trkpt lat="43.168696" lon="40.354574">
        <ele>3.913275</ele>
        <time>2026-04-30T15:35:00.929Z</time>
      </trkpt>
      <trkpt lat="43.168105" lon="40.353013">
        <ele>3.624251</ele>
        <time>2026-04-30T15:35:23.037Z</time>
      </trkpt>
      <trkpt lat="43.167730" lon="40.351790">
        <ele>3.336855</ele>
        <time>2026-04-30T15:35:39.487Z</time>
      </trkpt>
      <trkpt lat="43.166738" lon="40.349915">
        <ele>2.599422</ele>
        <time>2026-04-30T15:36:07.052Z</time>
      </trkpt>
      <trkpt lat="43.166684" lon="40.349813">
        <ele>2.604562</ele>
        <time>2026-04-30T15:36:08.597Z</time>
      </trkpt>
      <trkpt lat="43.166465" lon="40.349522">
        <ele>2.621615</ele>
        <time>2026-04-30T15:36:13.802Z</time>
      </trkpt>
      <trkpt lat="43.166164" lon="40.349266">
        <ele>2.641422</ele>
        <time>2026-04-30T15:36:20.041Z</time>
      </trkpt>
      <trkpt lat="43.166089" lon="40.349192">
        <ele>2.646589</ele>
        <time>2026-04-30T15:36:21.698Z</time>
      </trkpt>
      <trkpt lat="43.164430" lon="40.347583">
        <ele>3.062007</ele>
        <time>2026-04-30T15:37:00.398Z</time>
      </trkpt>
      <trkpt lat="43.164313" lon="40.347440">
        <ele>3.110988</ele>
        <time>2026-04-30T15:37:03.384Z</time>
      </trkpt>
      <trkpt lat="43.163541" lon="40.346281">
        <ele>3.101066</ele>
        <time>2026-04-30T15:37:24.268Z</time>
      </trkpt>
      <trkpt lat="43.162911" lon="40.345413">
        <ele>2.896632</ele>
        <time>2026-04-30T15:37:39.265Z</time>
      </trkpt>
      <trkpt lat="43.162059" lon="40.344543">
        <ele>2.334744</ele>
        <time>2026-04-30T15:37:56.128Z</time>
      </trkpt>
      <trkpt lat="43.161981" lon="40.344478">
        <ele>2.279052</ele>
        <time>2026-04-30T15:37:57.575Z</time>
      </trkpt>
      <trkpt lat="43.162097" lon="40.344234">
        <ele>2.149434</ele>
        <time>2026-04-30T15:38:01.119Z</time>
      </trkpt>
      <trkpt lat="43.162151" lon="40.344010">
        <ele>2.044441</ele>
        <time>2026-04-30T15:38:04.033Z</time>
      </trkpt>
      <trkpt lat="43.162178" lon="40.343444">
        <ele>1.792011</ele>
        <time>2026-04-30T15:38:11.156Z</time>
      </trkpt>
      <trkpt lat="43.162221" lon="40.342954">
        <ele>1.738221</ele>
        <time>2026-04-30T15:38:17.532Z</time>
      </trkpt>
      <trkpt lat="43.162285" lon="40.341591">
        <ele>1.706260</ele>
        <time>2026-04-30T15:38:35.579Z</time>
      </trkpt>
      <trkpt lat="43.162341" lon="40.340519">
        <ele>1.816193</ele>
        <time>2026-04-30T15:38:50.879Z</time>
      </trkpt>
      <trkpt lat="43.161112" lon="40.340416">
        <ele>2.396223</ele>
        <time>2026-04-30T15:39:15.287Z</time>
      </trkpt>
      <trkpt lat="43.160344" lon="40.340294">
        <ele>2.511095</ele>
        <time>2026-04-30T15:39:29.737Z</time>
      </trkpt>
      <trkpt lat="43.160303" lon="40.340285">
        <ele>2.508826</ele>
        <time>2026-04-30T15:39:30.527Z</time>
      </trkpt>
      <trkpt lat="43.159968" lon="40.340209">
        <ele>2.490267</ele>
        <time>2026-04-30T15:39:36.739Z</time>
      </trkpt>
      <trkpt lat="43.159678" lon="40.340143">
        <ele>2.474199</ele>
        <time>2026-04-30T15:39:41.928Z</time>
      </trkpt>
      <trkpt lat="43.159450" lon="40.340091">
        <ele>2.461566</ele>
        <time>2026-04-30T15:39:45.840Z</time>
      </trkpt>
      <trkpt lat="43.159352" lon="40.340400">
        <ele>2.448133</ele>
        <time>2026-04-30T15:39:50.097Z</time>
      </trkpt>
      <trkpt lat="43.159292" lon="40.340591">
        <ele>2.439842</ele>
        <time>2026-04-30T15:39:52.650Z</time>
      </trkpt>
      <trkpt lat="43.159200" lon="40.340527">
        <ele>2.396753</ele>
        <time>2026-04-30T15:39:54.285Z</time>
      </trkpt>
      <trkpt lat="43.158900" lon="40.340306">
        <ele>2.223435</ele>
        <time>2026-04-30T15:39:59.698Z</time>
      </trkpt>
      <trkpt lat="43.158615" lon="40.340097">
        <ele>2.058951</ele>
        <time>2026-04-30T15:40:04.958Z</time>
      </trkpt>
      <trkpt lat="43.158368" lon="40.339916">
        <ele>1.916420</ele>
        <time>2026-04-30T15:40:09.460Z</time>
      </trkpt>
      <trkpt lat="43.158024" lon="40.339587">
        <ele>1.702964</ele>
        <time>2026-04-30T15:40:16.197Z</time>
      </trkpt>
      <trkpt lat="43.157913" lon="40.339481">
        <ele>1.634121</ele>
        <time>2026-04-30T15:40:18.400Z</time>
      </trkpt>
      <trkpt lat="43.157744" lon="40.339167">
        <ele>1.549376</ele>
        <time>2026-04-30T15:40:23.229Z</time>
      </trkpt>
      <trkpt lat="43.157489" lon="40.338337">
        <ele>1.804175</ele>
        <time>2026-04-30T15:40:35.270Z</time>
      </trkpt>
      <trkpt lat="43.157466" lon="40.338253">
        <ele>1.829559</ele>
        <time>2026-04-30T15:40:36.492Z</time>
      </trkpt>
      <trkpt lat="43.157281" lon="40.337558">
        <ele>2.038870</ele>
        <time>2026-04-30T15:40:46.982Z</time>
      </trkpt>
      <trkpt lat="43.156716" lon="40.337241">
        <ele>2.328609</ele>
        <time>2026-04-30T15:40:59.516Z</time>
      </trkpt>
      <trkpt lat="43.156470" lon="40.337104">
        <ele>2.531339</ele>
        <time>2026-04-30T15:41:05.092Z</time>
      </trkpt>
      <trkpt lat="43.156213" lon="40.336959">
        <ele>2.743530</ele>
        <time>2026-04-30T15:41:10.859Z</time>
      </trkpt>
      <trkpt lat="43.155981" lon="40.336822">
        <ele>2.936399</ele>
        <time>2026-04-30T15:41:16.107Z</time>
      </trkpt>
      <trkpt lat="43.155660" lon="40.336633">
        <ele>3.203136</ele>
        <time>2026-04-30T15:41:23.327Z</time>
      </trkpt>
      <trkpt lat="43.155517" lon="40.336548">
        <ele>3.322139</ele>
        <time>2026-04-30T15:41:26.532Z</time>
      </trkpt>
      <trkpt lat="43.155299" lon="40.336420">
        <ele>3.503210</ele>
        <time>2026-04-30T15:41:31.399Z</time>
      </trkpt>
      <trkpt lat="43.153368" lon="40.335288">
        <ele>4.146056</ele>
        <time>2026-04-30T15:42:09.785Z</time>
      </trkpt>
      <trkpt lat="43.153067" lon="40.335087">
        <ele>4.406308</ele>
        <time>2026-04-30T15:42:16.017Z</time>
      </trkpt>
      <trkpt lat="43.152920" lon="40.334900">
        <ele>4.562194</ele>
        <time>2026-04-30T15:42:19.903Z</time>
      </trkpt>
      <trkpt lat="43.153067" lon="40.335087">
        <ele>4.718080</ele>
        <time>2026-04-30T15:42:23.924Z</time>
      </trkpt>
      <trkpt lat="43.153368" lon="40.335288">
        <ele>4.978332</ele>
        <time>2026-04-30T15:42:30.801Z</time>
      </trkpt>
      <trkpt lat="43.152938" lon="40.335541">
        <ele>5.342059</ele>
        <time>2026-04-30T15:43:03.314Z</time>
      </trkpt>
      <trkpt lat="43.152420" lon="40.335651">
        <ele>6.123828</ele>
        <time>2026-04-30T15:43:39.767Z</time>
      </trkpt>
      <trkpt lat="43.152001" lon="40.336051">
        <ele>6.948772</ele>
        <time>2026-04-30T15:44:15.266Z</time>
      </trkpt>
      <trkpt lat="43.150248" lon="40.338509">
        <ele>10.664227</ele>
        <time>2026-04-30T15:47:09.489Z</time>
      </trkpt>
      <trkpt lat="43.149704" lon="40.339385">
        <ele>11.055489</ele>
        <time>2026-04-30T15:48:07.861Z</time>
      </trkpt>
      <trkpt lat="43.149409" lon="40.340208">
        <ele>11.248578</ele>
        <time>2026-04-30T15:48:54.365Z</time>
      </trkpt>
      <trkpt lat="43.149408" lon="40.340788">
        <ele>11.370475</ele>
        <time>2026-04-30T15:49:23.732Z</time>
      </trkpt>
      <trkpt lat="43.149272" lon="40.341199">
        <ele>11.239908</ele>
        <time>2026-04-30T15:49:46.642Z</time>
      </trkpt>
      <trkpt lat="43.148967" lon="40.342124">
        <ele>10.946231</ele>
        <time>2026-04-30T15:50:38.103Z</time>
      </trkpt>
      <trkpt lat="43.148703" lon="40.342808">
        <ele>10.722354</ele>
        <time>2026-04-30T15:51:17.344Z</time>
      </trkpt>
      <trkpt lat="43.148447" lon="40.343276">
        <ele>10.836504</ele>
        <time>2026-04-30T15:51:47.010Z</time>
      </trkpt>
      <trkpt lat="43.148583" lon="40.343851">
        <ele>11.137065</ele>
        <time>2026-04-30T15:51:55.946Z</time>
      </trkpt>
      <trkpt lat="43.149624" lon="40.345219">
        <ele>11.985250</ele>
        <time>2026-04-30T15:52:25.665Z</time>
      </trkpt>
      <trkpt lat="43.150157" lon="40.345581">
        <ele>12.160001</ele>
        <time>2026-04-30T15:52:37.249Z</time>
      </trkpt>
      <trkpt lat="43.150527" lon="40.345832">
        <ele>12.281283</ele>
        <time>2026-04-30T15:52:44.344Z</time>
      </trkpt>
      <trkpt lat="43.150888" lon="40.346119">
        <ele>12.403884</ele>
        <time>2026-04-30T15:52:52.397Z</time>
      </trkpt>
      <trkpt lat="43.151316" lon="40.346051">
        <ele>11.521536</ele>
        <time>2026-04-30T15:52:59.679Z</time>
      </trkpt>
      <trkpt lat="43.151589" lon="40.346050">
        <ele>10.920968</ele>
        <time>2026-04-30T15:53:03.575Z</time>
      </trkpt>
      <trkpt lat="43.151816" lon="40.346097">
        <ele>10.415932</ele>
        <time>2026-04-30T15:53:06.680Z</time>
      </trkpt>
      <trkpt lat="43.151946" lon="40.346171">
        <ele>10.106269</ele>
        <time>2026-04-30T15:53:08.479Z</time>
      </trkpt>
      <trkpt lat="43.152059" lon="40.346302">
        <ele>9.780698</ele>
        <time>2026-04-30T15:53:10.311Z</time>
      </trkpt>
      <trkpt lat="43.152163" lon="40.346373">
        <ele>9.525105</ele>
        <time>2026-04-30T15:53:11.775Z</time>
      </trkpt>
      <trkpt lat="43.152359" lon="40.346417">
        <ele>9.088186</ele>
        <time>2026-04-30T15:53:14.345Z</time>
      </trkpt>
      <trkpt lat="43.153104" lon="40.346574">
        <ele>8.029868</ele>
        <time>2026-04-30T15:53:24.297Z</time>
      </trkpt>
      <trkpt lat="43.153567" lon="40.346799">
        <ele>7.581756</ele>
        <time>2026-04-30T15:53:31.537Z</time>
      </trkpt>
      <trkpt lat="43.154145" lon="40.346948">
        <ele>7.045254</ele>
        <time>2026-04-30T15:53:42.730Z</time>
      </trkpt>
      <trkpt lat="43.154469" lon="40.347081">
        <ele>6.797944</ele>
        <time>2026-04-30T15:53:50.500Z</time>
      </trkpt>
      <trkpt lat="43.154673" lon="40.347206">
        <ele>6.755451</ele>
        <time>2026-04-30T15:53:55.352Z</time>
      </trkpt>
      <trkpt lat="43.154859" lon="40.347280">
        <ele>6.718620</ele>
        <time>2026-04-30T15:53:59.194Z</time>
      </trkpt>
      <trkpt lat="43.155680" lon="40.347507">
        <ele>6.559350</ele>
        <time>2026-04-30T15:54:13.130Z</time>
      </trkpt>
      <trkpt lat="43.156075" lon="40.347544">
        <ele>6.484060</ele>
        <time>2026-04-30T15:54:19.094Z</time>
      </trkpt>
      <trkpt lat="43.156945" lon="40.347622">
        <ele>5.788803</ele>
        <time>2026-04-30T15:54:32.379Z</time>
      </trkpt>
      <trkpt lat="43.157027" lon="40.347625">
        <ele>5.719491</ele>
        <time>2026-04-30T15:54:33.622Z</time>
      </trkpt>
      <trkpt lat="43.157551" lon="40.345994">
        <ele>4.754970</ele>
        <time>2026-04-30T15:54:54.663Z</time>
      </trkpt>
      <trkpt lat="43.158425" lon="40.343277">
        <ele>3.721535</ele>
        <time>2026-04-30T15:55:30.359Z</time>
      </trkpt>
      <trkpt lat="43.158489" lon="40.343295">
        <ele>3.693523</ele>
        <time>2026-04-30T15:55:31.451Z</time>
      </trkpt>
      <trkpt lat="43.158634" lon="40.343337">
        <ele>3.629980</ele>
        <time>2026-04-30T15:55:33.950Z</time>
      </trkpt>
      <trkpt lat="43.159223" lon="40.343519">
        <ele>3.371104</ele>
        <time>2026-04-30T15:55:44.056Z</time>
      </trkpt>
      <trkpt lat="43.160873" lon="40.343996">
        <ele>2.737809</ele>
        <time>2026-04-30T15:56:11.890Z</time>
      </trkpt>
      <trkpt lat="43.161015" lon="40.341867">
        <ele>2.534683</ele>
        <time>2026-04-30T15:56:39.427Z</time>
      </trkpt>
      <trkpt lat="43.161112" lon="40.340416">
        <ele>2.462679</ele>
        <time>2026-04-30T15:56:58.353Z</time>
      </trkpt>
      <trkpt lat="43.161116" lon="40.340336">
        <ele>2.458566</ele>
        <time>2026-04-30T15:56:59.381Z</time>
      </trkpt>
      <trkpt lat="43.161165" lon="40.339357">
        <ele>2.408229</ele>
        <time>2026-04-30T15:57:11.756Z</time>
      </trkpt>
      <trkpt lat="43.161225" lon="40.338627">
        <ele>2.370572</ele>
        <time>2026-04-30T15:57:21.109Z</time>
      </trkpt>
      <trkpt lat="43.161126" lon="40.338563">
        <ele>2.365722</ele>
        <time>2026-04-30T15:57:23.145Z</time>
      </trkpt>
      <trkpt lat="43.161065" lon="40.338524">
        <ele>2.362740</ele>
        <time>2026-04-30T15:57:24.381Z</time>
      </trkpt>
      <trkpt lat="43.160746" lon="40.338316">
        <ele>2.347090</ele>
        <time>2026-04-30T15:57:31.052Z</time>
      </trkpt>
      <trkpt lat="43.160448" lon="40.338127">
        <ele>2.332543</ele>
        <time>2026-04-30T15:57:37.126Z</time>
      </trkpt>
      <trkpt lat="43.159788" lon="40.337657">
        <ele>2.299592</ele>
        <time>2026-04-30T15:57:50.879Z</time>
      </trkpt>
      <trkpt lat="43.159460" lon="40.337442">
        <ele>2.251597</ele>
        <time>2026-04-30T15:57:57.460Z</time>
      </trkpt>
      <trkpt lat="43.159403" lon="40.337407">
        <ele>2.236974</ele>
        <time>2026-04-30T15:57:58.548Z</time>
      </trkpt>
      <trkpt lat="43.159434" lon="40.336856">
        <ele>2.142585</ele>
        <time>2026-04-30T15:58:05.489Z</time>
      </trkpt>
      <trkpt lat="43.159478" lon="40.336009">
        <ele>1.997553</ele>
        <time>2026-04-30T15:58:16.410Z</time>
      </trkpt>
      <trkpt lat="43.159484" lon="40.335805">
        <ele>1.962682</ele>
        <time>2026-04-30T15:58:19.258Z</time>
      </trkpt>
      <trkpt lat="43.159443" lon="40.335563">
        <ele>1.920249</ele>
        <time>2026-04-30T15:58:22.713Z</time>
      </trkpt>
      <trkpt lat="43.159343" lon="40.335256">
        <ele>1.865605</ele>
        <time>2026-04-30T15:58:27.250Z</time>
      </trkpt>
      <trkpt lat="43.159113" lon="40.334513">
        <ele>1.782844</ele>
        <time>2026-04-30T15:58:37.656Z</time>
      </trkpt>
      <trkpt lat="43.159080" lon="40.334213">
        <ele>1.751735</ele>
        <time>2026-04-30T15:58:41.669Z</time>
      </trkpt>
      <trkpt lat="43.159086" lon="40.334020">
        <ele>1.731928</ele>
        <time>2026-04-30T15:58:44.228Z</time>
      </trkpt>
      <trkpt lat="43.159102" lon="40.333768">
        <ele>1.705991</ele>
        <time>2026-04-30T15:58:47.495Z</time>
      </trkpt>
      <trkpt lat="43.159201" lon="40.333343">
        <ele>1.660244</ele>
        <time>2026-04-30T15:58:53.507Z</time>
      </trkpt>
      <trkpt lat="43.159410" lon="40.332824">
        <ele>1.577178</ele>
        <time>2026-04-30T15:59:01.328Z</time>
      </trkpt>
      <trkpt lat="43.159469" lon="40.332635">
        <ele>1.529259</ele>
        <time>2026-04-30T15:59:03.852Z</time>
      </trkpt>
      <trkpt lat="43.159512" lon="40.332305">
        <ele>1.451121</ele>
        <time>2026-04-30T15:59:07.989Z</time>
      </trkpt>
      <trkpt lat="43.159421" lon="40.331714">
        <ele>1.310327</ele>
        <time>2026-04-30T15:59:15.689Z</time>
      </trkpt>
      <trkpt lat="43.159256" lon="40.330854">
        <ele>1.103049</ele>
        <time>2026-04-30T15:59:26.610Z</time>
      </trkpt>
      <trkpt lat="43.159143" lon="40.330136">
        <ele>0.761988</ele>
        <time>2026-04-30T15:59:35.013Z</time>
      </trkpt>
      <trkpt lat="43.159140" lon="40.330082">
        <ele>0.729938</ele>
        <time>2026-04-30T15:59:35.627Z</time>
      </trkpt>
      <trkpt lat="43.159269" lon="40.329553">
        <ele>0.399845</ele>
        <time>2026-04-30T15:59:41.916Z</time>
      </trkpt>
      <trkpt lat="43.159327" lon="40.329426">
        <ele>0.311172</ele>
        <time>2026-04-30T15:59:43.611Z</time>
      </trkpt>
      <trkpt lat="43.159405" lon="40.329275">
        <ele>0.201673</ele>
        <time>2026-04-30T15:59:45.709Z</time>
      </trkpt>
      <trkpt lat="43.159520" lon="40.329138">
        <ele>0.078069</ele>
        <time>2026-04-30T15:59:48.090Z</time>
      </trkpt>
      <trkpt lat="43.160076" lon="40.328738">
        <ele>-0.422455</ele>
        <time>2026-04-30T15:59:57.998Z</time>
      </trkpt>
      <trkpt lat="43.160420" lon="40.328405">
        <ele>-0.552117</ele>
        <time>2026-04-30T16:00:04.905Z</time>
      </trkpt>
      <trkpt lat="43.160708" lon="40.328038">
        <ele>-0.673184</ele>
        <time>2026-04-30T16:00:11.547Z</time>
      </trkpt>
      <trkpt lat="43.161110" lon="40.327460">
        <ele>-0.852551</ele>
        <time>2026-04-30T16:00:21.551Z</time>
      </trkpt>
      <trkpt lat="43.162961" lon="40.324630">
        <ele>-0.934109</ele>
        <time>2026-04-30T16:01:11.038Z</time>
      </trkpt>
      <trkpt lat="43.163495" lon="40.323724">
        <ele>-0.946700</ele>
        <time>2026-04-30T16:01:25.882Z</time>
      </trkpt>
      <trkpt lat="43.163972" lon="40.323027">
        <ele>-0.840617</ele>
        <time>2026-04-30T16:01:38.370Z</time>
      </trkpt>
      <trkpt lat="43.165685" lon="40.320517">
        <ele>-0.020677</ele>
        <time>2026-04-30T16:02:26.419Z</time>
      </trkpt>
      <trkpt lat="43.166091" lon="40.320070">
        <ele>0.147731</ele>
        <time>2026-04-30T16:02:36.175Z</time>
      </trkpt>
      <trkpt lat="43.167944" lon="40.318376">
        <ele>0.562717</ele>
        <time>2026-04-30T16:03:16.604Z</time>
      </trkpt>
      <trkpt lat="43.170873" lon="40.315816">
        <ele>2.133818</ele>
        <time>2026-04-30T16:04:22.142Z</time>
      </trkpt>
      <trkpt lat="43.171244" lon="40.315416">
        <ele>3.124627</ele>
        <time>2026-04-30T16:04:33.118Z</time>
      </trkpt>
      <trkpt lat="43.171886" lon="40.314550">
        <ele>5.015281</ele>
        <time>2026-04-30T16:04:58.283Z</time>
      </trkpt>
      <trkpt lat="43.172147" lon="40.314183">
        <ele>5.739383</ele>
        <time>2026-04-30T16:05:08.066Z</time>
      </trkpt>
      <trkpt lat="43.172400" lon="40.313769">
        <ele>5.429743</ele>
        <time>2026-04-30T16:05:16.272Z</time>
      </trkpt>
      <trkpt lat="43.172640" lon="40.313531">
        <ele>5.196923</ele>
        <time>2026-04-30T16:05:21.299Z</time>
      </trkpt>
      <trkpt lat="43.172725" lon="40.313446">
        <ele>5.114227</ele>
        <time>2026-04-30T16:05:22.924Z</time>
      </trkpt>
      <trkpt lat="43.173328" lon="40.312892">
        <ele>4.543676</ele>
        <time>2026-04-30T16:05:33.280Z</time>
      </trkpt>
      <trkpt lat="43.173712" lon="40.312491">
        <ele>3.980296</ele>
        <time>2026-04-30T16:05:39.562Z</time>
      </trkpt>
      <trkpt lat="43.174253" lon="40.311769">
        <ele>2.772983</ele>
        <time>2026-04-30T16:05:50.153Z</time>
      </trkpt>
      <trkpt lat="43.174309" lon="40.311702">
        <ele>2.654129</ele>
        <time>2026-04-30T16:05:51.294Z</time>
      </trkpt>
      <trkpt lat="43.174458" lon="40.311512">
        <ele>2.328732</ele>
        <time>2026-04-30T16:05:54.450Z</time>
      </trkpt>
      <trkpt lat="43.174519" lon="40.311420">
        <ele>2.183717</ele>
        <time>2026-04-30T16:05:55.880Z</time>
      </trkpt>
      <trkpt lat="43.175469" lon="40.310073">
        <ele>1.176738</ele>
        <time>2026-04-30T16:06:18.134Z</time>
      </trkpt>
      <trkpt lat="43.175748" lon="40.309594">
        <ele>1.035968</ele>
        <time>2026-04-30T16:06:26.059Z</time>
      </trkpt>
      <trkpt lat="43.176464" lon="40.308232">
        <ele>0.794491</ele>
        <time>2026-04-30T16:06:47.817Z</time>
      </trkpt>
      <trkpt lat="43.176988" lon="40.307274">
        <ele>0.678689</ele>
        <time>2026-04-30T16:07:02.738Z</time>
      </trkpt>
      <trkpt lat="43.177360" lon="40.306470">
        <ele>0.610783</ele>
        <time>2026-04-30T16:07:14.549Z</time>
      </trkpt>
      <trkpt lat="43.178564" lon="40.303147">
        <ele>0.503912</ele>
        <time>2026-04-30T16:08:02.609Z</time>
      </trkpt>
      <trkpt lat="43.178748" lon="40.302721">
        <ele>0.505976</ele>
        <time>2026-04-30T16:08:08.966Z</time>
      </trkpt>
      <trkpt lat="43.178921" lon="40.302415">
        <ele>0.517434</ele>
        <time>2026-04-30T16:08:13.942Z</time>
      </trkpt>
      <trkpt lat="43.180211" lon="40.300314">
        <ele>0.635325</ele>
        <time>2026-04-30T16:08:49.952Z</time>
      </trkpt>
      <trkpt lat="43.180664" lon="40.299522">
        <ele>0.717234</ele>
        <time>2026-04-30T16:09:03.348Z</time>
      </trkpt>
      <trkpt lat="43.180825" lon="40.299260">
        <ele>0.745115</ele>
        <time>2026-04-30T16:09:07.870Z</time>
      </trkpt>
      <trkpt lat="43.180984" lon="40.298923">
        <ele>0.777777</ele>
        <time>2026-04-30T16:09:13.226Z</time>
      </trkpt>
      <trkpt lat="43.181065" lon="40.298622">
        <ele>0.829703</ele>
        <time>2026-04-30T16:09:17.512Z</time>
      </trkpt>
      <trkpt lat="43.181193" lon="40.297979">
        <ele>0.939121</ele>
        <time>2026-04-30T16:09:26.435Z</time>
      </trkpt>
      <trkpt lat="43.181209" lon="40.297912">
        <ele>0.950695</ele>
        <time>2026-04-30T16:09:27.411Z</time>
      </trkpt>
      <trkpt lat="43.181403" lon="40.297101">
        <ele>1.090810</ele>
        <time>2026-04-30T16:09:38.944Z</time>
      </trkpt>
      <trkpt lat="43.181926" lon="40.294850">
        <ele>1.689662</ele>
        <time>2026-04-30T16:10:11.653Z</time>
      </trkpt>
      <trkpt lat="43.182147" lon="40.293997">
        <ele>1.877651</ele>
        <time>2026-04-30T16:10:24.372Z</time>
      </trkpt>
      <trkpt lat="43.182444" lon="40.293117">
        <ele>1.877015</ele>
        <time>2026-04-30T16:10:37.366Z</time>
      </trkpt>
      <trkpt lat="43.182639" lon="40.292572">
        <ele>1.876617</ele>
        <time>2026-04-30T16:10:45.045Z</time>
      </trkpt>
      <trkpt lat="43.182764" lon="40.292400">
        <ele>1.876458</ele>
        <time>2026-04-30T16:10:48.073Z</time>
      </trkpt>
      <trkpt lat="43.183022" lon="40.292304">
        <ele>1.876217</ele>
        <time>2026-04-30T16:10:52.579Z</time>
      </trkpt>
      <trkpt lat="43.185296" lon="40.291604">
        <ele>1.182130</ele>
        <time>2026-04-30T16:11:31.482Z</time>
      </trkpt>
      <trkpt lat="43.186177" lon="40.291304">
        <ele>1.131085</ele>
        <time>2026-04-30T16:11:47.464Z</time>
      </trkpt>
      <trkpt lat="43.186794" lon="40.291161">
        <ele>1.205599</ele>
        <time>2026-04-30T16:11:59.017Z</time>
      </trkpt>
      <trkpt lat="43.187061" lon="40.291160">
        <ele>1.315209</ele>
        <time>2026-04-30T16:12:04.148Z</time>
      </trkpt>
      <trkpt lat="43.187391" lon="40.291272">
        <ele>1.454768</ele>
        <time>2026-04-30T16:12:10.720Z</time>
      </trkpt>
      <trkpt lat="43.187480" lon="40.291304">
        <ele>1.492539</ele>
        <time>2026-04-30T16:12:12.533Z</time>
      </trkpt>
      <trkpt lat="43.187564" lon="40.291334">
        <ele>1.528173</ele>
        <time>2026-04-30T16:12:14.225Z</time>
      </trkpt>
      <trkpt lat="43.187683" lon="40.291386">
        <ele>1.579444</ele>
        <time>2026-04-30T16:12:16.642Z</time>
      </trkpt>
      <trkpt lat="43.189289" lon="40.292205">
        <ele>2.313745</ele>
        <time>2026-04-30T16:12:49.798Z</time>
      </trkpt>
      <trkpt lat="43.190563" lon="40.294040">
        <ele>3.113863</ele>
        <time>2026-04-30T16:13:24.654Z</time>
      </trkpt>
      <trkpt lat="43.190956" lon="40.294605">
        <ele>3.357950</ele>
        <time>2026-04-30T16:13:35.835Z</time>
      </trkpt>
      <trkpt lat="43.191438" lon="40.295299">
        <ele>3.484686</ele>
        <time>2026-04-30T16:13:49.658Z</time>
      </trkpt>
      <trkpt lat="43.191662" lon="40.295560">
        <ele>3.522906</ele>
        <time>2026-04-30T16:13:55.190Z</time>
      </trkpt>
      <trkpt lat="43.191817" lon="40.295698">
        <ele>3.546937</ele>
        <time>2026-04-30T16:13:58.552Z</time>
      </trkpt>
      <trkpt lat="43.191981" lon="40.295787">
        <ele>3.569872</ele>
        <time>2026-04-30T16:14:01.654Z</time>
      </trkpt>
      <trkpt lat="43.192372" lon="40.295904">
        <ele>3.621913</ele>
        <time>2026-04-30T16:14:08.537Z</time>
      </trkpt>
      <trkpt lat="43.192695" lon="40.295914">
        <ele>3.582790</ele>
        <time>2026-04-30T16:14:13.896Z</time>
      </trkpt>
      <trkpt lat="43.193936" lon="40.295891">
        <ele>3.108673</ele>
        <time>2026-04-30T16:14:34.137Z</time>
      </trkpt>
      <trkpt lat="43.194699" lon="40.295915">
        <ele>3.040701</ele>
        <time>2026-04-30T16:14:47.409Z</time>
      </trkpt>
      <trkpt lat="43.195116" lon="40.296179">
        <ele>3.147253</ele>
        <time>2026-04-30T16:14:55.938Z</time>
      </trkpt>
      <trkpt lat="43.195288" lon="40.296343">
        <ele>3.195851</ele>
        <time>2026-04-30T16:14:59.904Z</time>
      </trkpt>
      <trkpt lat="43.195494" lon="40.296539">
        <ele>3.254014</ele>
        <time>2026-04-30T16:15:04.691Z</time>
      </trkpt>
      <trkpt lat="43.198179" lon="40.299971">
        <ele>4.894598</ele>
        <time>2026-04-30T16:16:15.994Z</time>
      </trkpt>
      <trkpt lat="43.198313" lon="40.300016">
        <ele>4.955299</ele>
        <time>2026-04-30T16:16:18.610Z</time>
      </trkpt>
      <trkpt lat="43.198460" lon="40.299996">
        <ele>5.020296</ele>
        <time>2026-04-30T16:16:21.403Z</time>
      </trkpt>
      <trkpt lat="43.200299" lon="40.299256">
        <ele>5.335796</ele>
        <time>2026-04-30T16:16:56.471Z</time>
      </trkpt>
      <trkpt lat="43.202078" lon="40.298593">
        <ele>5.275991</ele>
        <time>2026-04-30T16:17:28.678Z</time>
      </trkpt>
      <trkpt lat="43.206756" lon="40.296705">
        <ele>6.414290</ele>
        <time>2026-04-30T16:18:58.909Z</time>
      </trkpt>
      <trkpt lat="43.207052" lon="40.296639">
        <ele>6.508612</ele>
        <time>2026-04-30T16:19:04.668Z</time>
      </trkpt>
      <trkpt lat="43.207265" lon="40.296635">
        <ele>6.575613</ele>
        <time>2026-04-30T16:19:08.771Z</time>
      </trkpt>
      <trkpt lat="43.207499" lon="40.296710">
        <ele>6.718040</ele>
        <time>2026-04-30T16:19:13.466Z</time>
      </trkpt>
      <trkpt lat="43.208437" lon="40.297204">
        <ele>7.314462</ele>
        <time>2026-04-30T16:19:33.355Z</time>
      </trkpt>
      <trkpt lat="43.208829" lon="40.297484">
        <ele>7.576805</ele>
        <time>2026-04-30T16:19:42.139Z</time>
      </trkpt>
      <trkpt lat="43.208995" lon="40.297673">
        <ele>7.680963</ele>
        <time>2026-04-30T16:19:46.415Z</time>
      </trkpt>
      <trkpt lat="43.209159" lon="40.297951">
        <ele>7.775391</ele>
        <time>2026-04-30T16:19:51.530Z</time>
      </trkpt>
      <trkpt lat="43.209273" lon="40.298205">
        <ele>7.854147</ele>
        <time>2026-04-30T16:19:55.766Z</time>
      </trkpt>
      <trkpt lat="43.211427" lon="40.312624">
        <ele>12.035859</ele>
        <time>2026-04-30T16:23:18.544Z</time>
      </trkpt>
      <trkpt lat="43.211728" lon="40.314550">
        <ele>13.281399</ele>
        <time>2026-04-30T16:23:49.840Z</time>
      </trkpt>
      <trkpt lat="43.211788" lon="40.314731">
        <ele>13.340434</ele>
        <time>2026-04-30T16:23:52.834Z</time>
      </trkpt>
      <trkpt lat="43.211878" lon="40.314860">
        <ele>13.393453</ele>
        <time>2026-04-30T16:23:55.459Z</time>
      </trkpt>
      <trkpt lat="43.212001" lon="40.314957">
        <ele>13.451244</ele>
        <time>2026-04-30T16:23:58.278Z</time>
      </trkpt>
      <trkpt lat="43.212111" lon="40.315002">
        <ele>13.498003</ele>
        <time>2026-04-30T16:24:00.507Z</time>
      </trkpt>
      <trkpt lat="43.213334" lon="40.314788">
        <ele>13.937740</ele>
        <time>2026-04-30T16:24:22.706Z</time>
      </trkpt>
      <trkpt lat="43.217291" lon="40.313937">
        <ele>13.585762</ele>
        <time>2026-04-30T16:25:32.111Z</time>
      </trkpt>
      <trkpt lat="43.217963" lon="40.314073">
        <ele>13.708277</ele>
        <time>2026-04-30T16:25:44.769Z</time>
      </trkpt>
      <trkpt lat="43.220927" lon="40.320933">
        <ele>16.500215</ele>
        <time>2026-04-30T16:27:41.883Z</time>
      </trkpt>
      <trkpt lat="43.222012" lon="40.323445">
        <ele>17.627379</ele>
        <time>2026-04-30T16:28:24.896Z</time>
      </trkpt>
      <trkpt lat="43.222297" lon="40.323997">
        <ele>17.928961</ele>
        <time>2026-04-30T16:28:34.932Z</time>
      </trkpt>
      <trkpt lat="43.222483" lon="40.324446">
        <ele>18.159202</ele>
        <time>2026-04-30T16:28:42.696Z</time>
      </trkpt>
      <trkpt lat="43.223031" lon="40.325876">
        <ele>18.951564</ele>
        <time>2026-04-30T16:29:07.074Z</time>
      </trkpt>
      <trkpt lat="43.223495" lon="40.327157">
        <ele>19.776276</ele>
        <time>2026-04-30T16:29:28.979Z</time>
      </trkpt>
      <trkpt lat="43.224892" lon="40.330501">
        <ele>22.496298</ele>
        <time>2026-04-30T16:30:29.602Z</time>
      </trkpt>
      <trkpt lat="43.225023" lon="40.330755">
        <ele>22.748002</ele>
        <time>2026-04-30T16:30:34.478Z</time>
      </trkpt>
      <trkpt lat="43.225403" lon="40.331365">
        <ele>23.397132</ele>
        <time>2026-04-30T16:30:47.849Z</time>
      </trkpt>
      <trkpt lat="43.225460" lon="40.331512">
        <ele>23.531819</ele>
        <time>2026-04-30T16:30:50.662Z</time>
      </trkpt>
      <trkpt lat="43.225560" lon="40.331868">
        <ele>23.863106</ele>
        <time>2026-04-30T16:30:56.862Z</time>
      </trkpt>
      <trkpt lat="43.226134" lon="40.331833">
        <ele>24.692284</ele>
        <time>2026-04-30T16:31:15.673Z</time>
      </trkpt>
      <trkpt lat="43.226250" lon="40.331759">
        <ele>24.876889</ele>
        <time>2026-04-30T16:31:19.864Z</time>
      </trkpt>
      <trkpt lat="43.226297" lon="40.331589">
        <ele>25.068088</ele>
        <time>2026-04-30T16:31:24.250Z</time>
      </trkpt>
      <trkpt lat="43.226180" lon="40.331323">
        <ele>25.394812</ele>
        <time>2026-04-30T16:31:31.859Z</time>
      </trkpt>
      <trkpt lat="43.226119" lon="40.330973">
        <ele>25.773236</ele>
        <time>2026-04-30T16:31:41.045Z</time>
      </trkpt>
      <trkpt lat="43.226236" lon="40.330636">
        <ele>26.165778</ele>
        <time>2026-04-30T16:31:50.647Z</time>
      </trkpt>
      <trkpt lat="43.226427" lon="40.330470">
        <ele>26.641980</ele>
        <time>2026-04-30T16:31:58.704Z</time>
      </trkpt>
      <trkpt lat="43.226633" lon="40.330293">
        <ele>27.392601</ele>
        <time>2026-04-30T16:32:07.694Z</time>
      </trkpt>
      <trkpt lat="43.226889" lon="40.330187">
        <ele>28.218442</ele>
        <time>2026-04-30T16:32:18.133Z</time>
      </trkpt>
      <trkpt lat="43.227162" lon="40.330180">
        <ele>29.061733</ele>
        <time>2026-04-30T16:32:29.158Z</time>
      </trkpt>
      <trkpt lat="43.227525" lon="40.330170">
        <ele>30.183061</ele>
        <time>2026-04-30T16:32:44.282Z</time>
      </trkpt>
      <trkpt lat="43.227662" lon="40.330108">
        <ele>30.628587</ele>
        <time>2026-04-30T16:32:50.312Z</time>
      </trkpt>
      <trkpt lat="43.227790" lon="40.329994">
        <ele>31.099852</ele>
        <time>2026-04-30T16:32:56.720Z</time>
      </trkpt>
      <trkpt lat="43.228604" lon="40.328871">
        <ele>34.042914</ele>
        <time>2026-04-30T16:33:43.183Z</time>
      </trkpt>
      <trkpt lat="43.228778" lon="40.328731">
        <ele>34.524993</ele>
        <time>2026-04-30T16:33:50.731Z</time>
      </trkpt>
      <trkpt lat="43.228823" lon="40.328701">
        <ele>34.644566</ele>
        <time>2026-04-30T16:33:52.549Z</time>
      </trkpt>
      <trkpt lat="43.229236" lon="40.328962">
        <ele>35.731307</ele>
        <time>2026-04-30T16:34:08.523Z</time>
      </trkpt>
      <trkpt lat="43.229034" lon="40.329493">
        <ele>36.119231</ele>
        <time>2026-04-30T16:34:17.458Z</time>
      </trkpt>
      <trkpt lat="43.228729" lon="40.330351">
        <ele>35.836398</ele>
        <time>2026-04-30T16:34:29.332Z</time>
      </trkpt>
      <trkpt lat="43.228599" lon="40.330826">
        <ele>35.686072</ele>
        <time>2026-04-30T16:34:35.012Z</time>
      </trkpt>
      <trkpt lat="43.228479" lon="40.331267">
        <ele>35.546605</ele>
        <time>2026-04-30T16:34:40.223Z</time>
      </trkpt>
      <trkpt lat="43.228386" lon="40.331609">
        <ele>35.319180</ele>
        <time>2026-04-30T16:34:44.280Z</time>
      </trkpt>
      <trkpt lat="43.228165" lon="40.332459">
        <ele>34.338316</ele>
        <time>2026-04-30T16:34:54.025Z</time>
      </trkpt>
      <trkpt lat="43.228064" lon="40.332959">
        <ele>33.774400</ele>
        <time>2026-04-30T16:34:59.514Z</time>
      </trkpt>
      <trkpt lat="43.227988" lon="40.333331">
        <ele>33.354503</ele>
        <time>2026-04-30T16:35:03.641Z</time>
      </trkpt>
      <trkpt lat="43.227864" lon="40.334405">
        <ele>32.052507</ele>
        <time>2026-04-30T16:35:15.023Z</time>
      </trkpt>
      <trkpt lat="43.227826" lon="40.335133">
        <ele>31.107377</ele>
        <time>2026-04-30T16:35:22.512Z</time>
      </trkpt>
      <trkpt lat="43.227824" lon="40.335659">
        <ele>30.426230</ele>
        <time>2026-04-30T16:35:27.962Z</time>
      </trkpt>
      <trkpt lat="43.227870" lon="40.336751">
        <ele>29.327325</ele>
        <time>2026-04-30T16:35:39.475Z</time>
      </trkpt>
      <trkpt lat="43.227972" lon="40.337876">
        <ele>28.644155</ele>
        <time>2026-04-30T16:35:52.150Z</time>
      </trkpt>
      <trkpt lat="43.228007" lon="40.338171">
        <ele>28.464042</ele>
        <time>2026-04-30T16:35:55.701Z</time>
      </trkpt>
      <trkpt lat="43.228020" lon="40.338253">
        <ele>28.413472</ele>
        <time>2026-04-30T16:35:56.701Z</time>
      </trkpt>
      <trkpt lat="43.228231" lon="40.339861">
        <ele>28.721241</ele>
        <time>2026-04-30T16:36:18.679Z</time>
      </trkpt>
      <trkpt lat="43.228271" lon="40.340308">
        <ele>28.960184</ele>
        <time>2026-04-30T16:36:25.419Z</time>
      </trkpt>
      <trkpt lat="43.228295" lon="40.341084">
        <ele>29.372269</ele>
        <time>2026-04-30T16:36:37.719Z</time>
      </trkpt>
      <trkpt lat="43.228288" lon="40.343787">
        <ele>32.405330</ele>
        <time>2026-04-30T16:37:23.605Z</time>
      </trkpt>
      <trkpt lat="43.228308" lon="40.345894">
        <ele>34.098289</ele>
        <time>2026-04-30T16:37:55.877Z</time>
      </trkpt>
      <trkpt lat="43.228288" lon="40.346435">
        <ele>34.546793</ele>
        <time>2026-04-30T16:38:03.899Z</time>
      </trkpt>
      <trkpt lat="43.228203" lon="40.347462">
        <ele>35.420990</ele>
        <time>2026-04-30T16:38:20.828Z</time>
      </trkpt>
      <trkpt lat="43.228148" lon="40.347849">
        <ele>35.754473</ele>
        <time>2026-04-30T16:38:27.332Z</time>
      </trkpt>
      <trkpt lat="43.228054" lon="40.348488">
        <ele>36.305829</ele>
        <time>2026-04-30T16:38:37.573Z</time>
      </trkpt>
      <trkpt lat="43.227994" lon="40.348916">
        <ele>36.309572</ele>
        <time>2026-04-30T16:38:44.032Z</time>
      </trkpt>
      <trkpt lat="43.227841" lon="40.350499">
        <ele>36.045960</ele>
        <time>2026-04-30T16:39:03.936Z</time>
      </trkpt>
      <trkpt lat="43.227691" lon="40.351402">
        <ele>35.661051</ele>
        <time>2026-04-30T16:39:14.135Z</time>
      </trkpt>
      <trkpt lat="43.227439" lon="40.352489">
        <ele>34.835767</ele>
        <time>2026-04-30T16:39:26.427Z</time>
      </trkpt>
      <trkpt lat="43.227201" lon="40.353636">
        <ele>34.115762</ele>
        <time>2026-04-30T16:39:40.520Z</time>
      </trkpt>
      <trkpt lat="43.226972" lon="40.354731">
        <ele>33.872087</ele>
        <time>2026-04-30T16:39:54.727Z</time>
      </trkpt>
      <trkpt lat="43.226856" lon="40.356765">
        <ele>33.720739</ele>
        <time>2026-04-30T16:40:20.325Z</time>
      </trkpt>
      <trkpt lat="43.226798" lon="40.357484">
        <ele>33.774031</ele>
        <time>2026-04-30T16:40:29.726Z</time>
      </trkpt>
      <trkpt lat="43.226684" lon="40.358026">
        <ele>33.815591</ele>
        <time>2026-04-30T16:40:37.653Z</time>
      </trkpt>
      <trkpt lat="43.226257" lon="40.359640">
        <ele>34.278226</ele>
        <time>2026-04-30T16:41:02.533Z</time>
      </trkpt>
      <trkpt lat="43.226190" lon="40.359974">
        <ele>34.379986</ele>
        <time>2026-04-30T16:41:07.227Z</time>
      </trkpt>
      <trkpt lat="43.226134" lon="40.360537">
        <ele>34.546897</ele>
        <time>2026-04-30T16:41:14.719Z</time>
      </trkpt>
      <trkpt lat="43.226160" lon="40.361048">
        <ele>34.428683</ele>
        <time>2026-04-30T16:41:21.234Z</time>
      </trkpt>
      <trkpt lat="43.226397" lon="40.362420">
        <ele>34.063095</ele>
        <time>2026-04-30T16:41:38.093Z</time>
      </trkpt>
      <trkpt lat="43.226803" lon="40.364481">
        <ele>33.748973</ele>
        <time>2026-04-30T16:42:03.982Z</time>
      </trkpt>
      <trkpt lat="43.226898" lon="40.364871">
        <ele>33.705371</ele>
        <time>2026-04-30T16:42:09.350Z</time>
      </trkpt>
      <trkpt lat="43.227062" lon="40.365418">
        <ele>33.690627</ele>
        <time>2026-04-30T16:42:17.350Z</time>
      </trkpt>
      <trkpt lat="43.227697" lon="40.367127">
        <ele>34.439283</ele>
        <time>2026-04-30T16:42:44.941Z</time>
      </trkpt>
      <trkpt lat="43.228208" lon="40.368465">
        <ele>35.196381</ele>
        <time>2026-04-30T16:43:06.737Z</time>
      </trkpt>
      <trkpt lat="43.228472" lon="40.369133">
        <ele>35.613392</ele>
        <time>2026-04-30T16:43:17.959Z</time>
      </trkpt>
      <trkpt lat="43.228727" lon="40.369751">
        <ele>36.008967</ele>
        <time>2026-04-30T16:43:28.511Z</time>
      </trkpt>
      <trkpt lat="43.229377" lon="40.371528">
        <ele>37.297800</ele>
        <time>2026-04-30T16:43:58.804Z</time>
      </trkpt>
      <trkpt lat="43.229613" lon="40.372186">
        <ele>37.685473</ele>
        <time>2026-04-30T16:44:09.571Z</time>
      </trkpt>
      <trkpt lat="43.229804" lon="40.372718">
        <ele>37.903194</ele>
        <time>2026-04-30T16:44:18.007Z</time>
      </trkpt>
      <trkpt lat="43.230090" lon="40.373394">
        <ele>38.190156</ele>
        <time>2026-04-30T16:44:28.907Z</time>
      </trkpt>
      <trkpt lat="43.230307" lon="40.373825">
        <ele>38.382477</ele>
        <time>2026-04-30T16:44:36.202Z</time>
      </trkpt>
      <trkpt lat="43.230583" lon="40.374331">
        <ele>38.585260</ele>
        <time>2026-04-30T16:44:45.051Z</time>
      </trkpt>
      <trkpt lat="43.230848" lon="40.374817">
        <ele>38.760642</ele>
        <time>2026-04-30T16:44:53.652Z</time>
      </trkpt>
      <trkpt lat="43.231153" lon="40.375427">
        <ele>38.974390</ele>
        <time>2026-04-30T16:45:04.138Z</time>
      </trkpt>
      <trkpt lat="43.231362" lon="40.376001">
        <ele>39.159784</ele>
        <time>2026-04-30T16:45:12.833Z</time>
      </trkpt>
      <trkpt lat="43.231471" lon="40.376390">
        <ele>39.197111</ele>
        <time>2026-04-30T16:45:18.372Z</time>
      </trkpt>
      <trkpt lat="43.231588" lon="40.376930">
        <ele>39.209305</ele>
        <time>2026-04-30T16:45:25.699Z</time>
      </trkpt>
      <trkpt lat="43.231608" lon="40.377019">
        <ele>39.211321</ele>
        <time>2026-04-30T16:45:26.892Z</time>
      </trkpt>
      <trkpt lat="43.231869" lon="40.376767">
        <ele>39.220800</ele>
        <time>2026-04-30T16:45:36.272Z</time>
      </trkpt>
      <trkpt lat="43.231926" lon="40.376594">
        <ele>39.224910</ele>
        <time>2026-04-30T16:45:40.309Z</time>
      </trkpt>
      <trkpt lat="43.232447" lon="40.375944">
        <ele>39.330520</ele>
        <time>2026-04-30T16:46:00.937Z</time>
      </trkpt>
      <trkpt lat="43.233019" lon="40.375012">
        <ele>40.467636</ele>
        <time>2026-04-30T16:46:28.785Z</time>
      </trkpt>
      <trkpt lat="43.235559" lon="40.370951">
        <ele>50.856057</ele>
        <time>2026-04-30T16:48:53.264Z</time>
      </trkpt>
      <trkpt lat="43.235622" lon="40.370815">
        <ele>51.337679</ele>
        <time>2026-04-30T16:48:59.089Z</time>
      </trkpt>
      <trkpt lat="43.235887" lon="40.370268">
        <ele>53.526212</ele>
        <time>2026-04-30T16:49:24.896Z</time>
      </trkpt>
      <trkpt lat="43.236051" lon="40.370075">
        <ele>55.297618</ele>
        <time>2026-04-30T16:49:37.398Z</time>
      </trkpt>
      <trkpt lat="43.236599" lon="40.369195">
        <ele>62.213530</ele>
        <time>2026-04-30T16:50:28.231Z</time>
      </trkpt>
      <trkpt lat="43.237005" lon="40.368712">
        <ele>66.619126</ele>
        <time>2026-04-30T16:50:58.250Z</time>
      </trkpt>
      <trkpt lat="43.237200" lon="40.368605">
        <ele>68.194195</ele>
        <time>2026-04-30T16:51:09.148Z</time>
      </trkpt>
      <trkpt lat="43.237372" lon="40.368637">
        <ele>69.213024</ele>
        <time>2026-04-30T16:51:17.774Z</time>
      </trkpt>
      <trkpt lat="43.237474" lon="40.368776">
        <ele>70.056688</ele>
        <time>2026-04-30T16:51:24.710Z</time>
      </trkpt>
      <trkpt lat="43.237536" lon="40.368927">
        <ele>70.797893</ele>
        <time>2026-04-30T16:51:30.631Z</time>
      </trkpt>
      <trkpt lat="43.237552" lon="40.369109">
        <ele>71.581813</ele>
        <time>2026-04-30T16:51:36.850Z</time>
      </trkpt>
      <trkpt lat="43.237404" lon="40.369527">
        <ele>73.569203</ele>
        <time>2026-04-30T16:51:52.295Z</time>
      </trkpt>
      <trkpt lat="43.237372" lon="40.369720">
        <ele>74.415623</ele>
        <time>2026-04-30T16:51:58.742Z</time>
      </trkpt>
      <trkpt lat="43.237411" lon="40.369903">
        <ele>75.230971</ele>
        <time>2026-04-30T16:52:04.928Z</time>
      </trkpt>
      <trkpt lat="43.238473" lon="40.372150">
        <ele>88.838542</ele>
        <time>2026-04-30T16:53:41.802Z</time>
      </trkpt>
      <trkpt lat="43.238581" lon="40.372218">
        <ele>89.716916</ele>
        <time>2026-04-30T16:53:48.820Z</time>
      </trkpt>
      <trkpt lat="43.239733" lon="40.370948">
        <ele>104.969660</ele>
        <time>2026-04-30T16:55:26.878Z</time>
      </trkpt>
      <trkpt lat="43.239878" lon="40.370874">
        <ele>106.665833</ele>
        <time>2026-04-30T16:55:37.361Z</time>
      </trkpt>
      <trkpt lat="43.240299" lon="40.370778">
        <ele>111.345142</ele>
        <time>2026-04-30T16:56:05.778Z</time>
      </trkpt>
      <trkpt lat="43.241125" lon="40.370466">
        <ele>120.196680</ele>
        <time>2026-04-30T16:56:58.602Z</time>
      </trkpt>
      <trkpt lat="43.241398" lon="40.370460">
        <ele>123.016712</ele>
        <time>2026-04-30T16:57:14.268Z</time>
      </trkpt>
      <trkpt lat="43.241666" lon="40.370579">
        <ele>125.925947</ele>
        <time>2026-04-30T16:57:30.545Z</time>
      </trkpt>
      <trkpt lat="43.242323" lon="40.371492">
        <ele>135.606694</ele>
        <time>2026-04-30T16:58:34.298Z</time>
      </trkpt>
      <trkpt lat="43.242649" lon="40.371328">
        <ele>139.208683</ele>
        <time>2026-04-30T16:58:59.133Z</time>
      </trkpt>
      <trkpt lat="43.242848" lon="40.371311">
        <ele>141.277175</ele>
        <time>2026-04-30T16:59:12.667Z</time>
      </trkpt>
      <trkpt lat="43.243182" lon="40.371107">
        <ele>145.069702</ele>
        <time>2026-04-30T16:59:36.010Z</time>
      </trkpt>
      <trkpt lat="43.243339" lon="40.370931">
        <ele>147.172557</ele>
        <time>2026-04-30T16:59:48.175Z</time>
      </trkpt>
      <trkpt lat="43.243562" lon="40.370313">
        <ele>149.052945</ele>
        <time>2026-04-30T17:00:12.926Z</time>
      </trkpt>
      <trkpt lat="43.243620" lon="40.369931">
        <ele>149.380740</ele>
        <time>2026-04-30T17:00:22.988Z</time>
      </trkpt>
      <trkpt lat="43.243688" lon="40.369484">
        <ele>149.764341</ele>
        <time>2026-04-30T17:00:32.017Z</time>
      </trkpt>
      <trkpt lat="43.243656" lon="40.367682">
        <ele>149.673489</ele>
        <time>2026-04-30T17:01:05.632Z</time>
      </trkpt>
      <trkpt lat="43.243688" lon="40.367081">
        <ele>148.749372</ele>
        <time>2026-04-30T17:01:17.894Z</time>
      </trkpt>
      <trkpt lat="43.243918" lon="40.365947">
        <ele>146.944191</ele>
        <time>2026-04-30T17:01:38.722Z</time>
      </trkpt>
      <trkpt lat="43.244021" lon="40.364943">
        <ele>143.098944</ele>
        <time>2026-04-30T17:01:55.590Z</time>
      </trkpt>
      <trkpt lat="43.244124" lon="40.364523">
        <ele>141.405053</ele>
        <time>2026-04-30T17:02:02.647Z</time>
      </trkpt>
      <trkpt lat="43.244256" lon="40.364126">
        <ele>139.737012</ele>
        <time>2026-04-30T17:02:09.324Z</time>
      </trkpt>
      <trkpt lat="43.244347" lon="40.363718">
        <ele>138.106065</ele>
        <time>2026-04-30T17:02:15.832Z</time>
      </trkpt>
      <trkpt lat="43.244425" lon="40.363548">
        <ele>137.244568</ele>
        <time>2026-04-30T17:02:18.898Z</time>
      </trkpt>
      <trkpt lat="43.244247" lon="40.363086">
        <ele>133.984084</ele>
        <time>2026-04-30T17:02:26.815Z</time>
      </trkpt>
      <trkpt lat="43.243215" lon="40.362442">
        <ele>124.275576</ele>
        <time>2026-04-30T17:02:49.237Z</time>
      </trkpt>
      <trkpt lat="43.242389" lon="40.362624">
        <ele>118.918456</ele>
        <time>2026-04-30T17:03:05.954Z</time>
      </trkpt>
      <trkpt lat="43.241964" lon="40.362527">
        <ele>116.570220</ele>
        <time>2026-04-30T17:03:15.143Z</time>
      </trkpt>
      <trkpt lat="43.241522" lon="40.362363">
        <ele>114.074675</ele>
        <time>2026-04-30T17:03:25.618Z</time>
      </trkpt>
      <trkpt lat="43.240051" lon="40.361637">
        <ele>109.450054</ele>
        <time>2026-04-30T17:04:07.345Z</time>
      </trkpt>
      <trkpt lat="43.239370" lon="40.361581">
        <ele>107.365895</ele>
        <time>2026-04-30T17:04:23.396Z</time>
      </trkpt>
      <trkpt lat="43.238556" lon="40.361201">
        <ele>101.583443</ele>
        <time>2026-04-30T17:04:41.470Z</time>
      </trkpt>
      <trkpt lat="43.238172" lon="40.360985">
        <ele>98.792438</ele>
        <time>2026-04-30T17:04:49.829Z</time>
      </trkpt>
      <trkpt lat="43.237184" lon="40.360685">
        <ele>91.968384</ele>
        <time>2026-04-30T17:05:10.345Z</time>
      </trkpt>
      <trkpt lat="43.236796" lon="40.360696">
        <ele>89.346382</ele>
        <time>2026-04-30T17:05:18.460Z</time>
      </trkpt>
      <trkpt lat="43.236544" lon="40.360633">
        <ele>87.615786</ele>
        <time>2026-04-30T17:05:23.883Z</time>
      </trkpt>
      <trkpt lat="43.236114" lon="40.360622">
        <ele>84.710074</ele>
        <time>2026-04-30T17:05:33.114Z</time>
      </trkpt>
      <trkpt lat="43.235693" lon="40.360429">
        <ele>82.188395</ele>
        <time>2026-04-30T17:05:42.801Z</time>
      </trkpt>
      <trkpt lat="43.234974" lon="40.359976">
        <ele>78.005486</ele>
        <time>2026-04-30T17:06:00.110Z</time>
      </trkpt>
      <trkpt lat="43.234388" lon="40.359556">
        <ele>74.510168</ele>
        <time>2026-04-30T17:06:14.549Z</time>
      </trkpt>
      <trkpt lat="43.233801" lon="40.359681">
        <ele>71.477385</ele>
        <time>2026-04-30T17:06:27.402Z</time>
      </trkpt>
      <trkpt lat="43.233454" lon="40.359619">
        <ele>69.693230</ele>
        <time>2026-04-30T17:06:34.951Z</time>
      </trkpt>
      <trkpt lat="43.233082" lon="40.359494">
        <ele>67.740525</ele>
        <time>2026-04-30T17:06:43.249Z</time>
      </trkpt>
      <trkpt lat="43.232777" lon="40.359341">
        <ele>66.084833</ele>
        <time>2026-04-30T17:06:50.408Z</time>
      </trkpt>
      <trkpt lat="43.232533" lon="40.359267">
        <ele>65.005003</ele>
        <time>2026-04-30T17:06:55.973Z</time>
      </trkpt>
      <trkpt lat="43.232273" lon="40.359125">
        <ele>64.246858</ele>
        <time>2026-04-30T17:07:02.323Z</time>
      </trkpt>
      <trkpt lat="43.231538" lon="40.358136">
        <ele>61.458159</ele>
        <time>2026-04-30T17:07:27.748Z</time>
      </trkpt>
      <trkpt lat="43.230742" lon="40.357228">
        <ele>57.383804</ele>
        <time>2026-04-30T17:07:54.625Z</time>
      </trkpt>
      <trkpt lat="43.230393" lon="40.356889">
        <ele>55.359020</ele>
        <time>2026-04-30T17:08:04.080Z</time>
      </trkpt>
      <trkpt lat="43.230232" lon="40.356972">
        <ele>54.544567</ele>
        <time>2026-04-30T17:08:07.718Z</time>
      </trkpt>
      <trkpt lat="43.230157" lon="40.357217">
        <ele>53.627627</ele>
        <time>2026-04-30T17:08:11.762Z</time>
      </trkpt>
      <trkpt lat="43.229787" lon="40.357572">
        <ele>51.369434</ele>
        <time>2026-04-30T17:08:21.014Z</time>
      </trkpt>
      <trkpt lat="43.229237" lon="40.357900">
        <ele>47.538329</ele>
        <time>2026-04-30T17:08:33.061Z</time>
      </trkpt>
      <trkpt lat="43.227993" lon="40.358534">
        <ele>39.701026</ele>
        <time>2026-04-30T17:09:01.688Z</time>
      </trkpt>
      <trkpt lat="43.227810" lon="40.358558">
        <ele>39.112810</ele>
        <time>2026-04-30T17:09:05.887Z</time>
      </trkpt>
      <trkpt lat="43.227707" lon="40.358571">
        <ele>38.781849</ele>
        <time>2026-04-30T17:09:08.245Z</time>
      </trkpt>
      <trkpt lat="43.227402" lon="40.358441">
        <ele>37.759955</ele>
        <time>2026-04-30T17:09:15.713Z</time>
      </trkpt>
      <trkpt lat="43.226684" lon="40.358026">
        <ele>35.267127</ele>
        <time>2026-04-30T17:09:34.668Z</time>
      </trkpt>
      <trkpt lat="43.226798" lon="40.357484">
        <ele>34.495836</ele>
        <time>2026-04-30T17:09:40.538Z</time>
      </trkpt>
      <trkpt lat="43.226856" lon="40.356765">
        <ele>34.250503</ele>
        <time>2026-04-30T17:09:48.911Z</time>
      </trkpt>
      <trkpt lat="43.226972" lon="40.354731">
        <ele>33.903519</ele>
        <time>2026-04-30T17:10:16.170Z</time>
      </trkpt>
      <trkpt lat="43.227201" lon="40.353636">
        <ele>34.208784</ele>
        <time>2026-04-30T17:10:31.558Z</time>
      </trkpt>
      <trkpt lat="43.227439" lon="40.352489">
        <ele>34.737610</ele>
        <time>2026-04-30T17:10:48.669Z</time>
      </trkpt>
      <trkpt lat="43.227691" lon="40.351402">
        <ele>35.596437</ele>
        <time>2026-04-30T17:11:07.216Z</time>
      </trkpt>
      <trkpt lat="43.227841" lon="40.350499">
        <ele>36.268772</ele>
        <time>2026-04-30T17:11:21.807Z</time>
      </trkpt>
      <trkpt lat="43.227994" lon="40.348916">
        <ele>36.135872</ele>
        <time>2026-04-30T17:11:43.376Z</time>
      </trkpt>
      <trkpt lat="43.228054" lon="40.348488">
        <ele>36.099599</ele>
        <time>2026-04-30T17:11:48.405Z</time>
      </trkpt>
      <trkpt lat="43.228148" lon="40.347849">
        <ele>35.850916</ele>
        <time>2026-04-30T17:11:55.591Z</time>
      </trkpt>
      <trkpt lat="43.228203" lon="40.347462">
        <ele>35.506424</ele>
        <time>2026-04-30T17:11:59.798Z</time>
      </trkpt>
      <trkpt lat="43.228288" lon="40.346435">
        <ele>34.603371</ele>
        <time>2026-04-30T17:12:10.887Z</time>
      </trkpt>
      <trkpt lat="43.228308" lon="40.345894">
        <ele>34.130095</ele>
        <time>2026-04-30T17:12:17.123Z</time>
      </trkpt>
      <trkpt lat="43.228288" lon="40.343787">
        <ele>32.313429</ele>
        <time>2026-04-30T17:12:40.818Z</time>
      </trkpt>
      <trkpt lat="43.228295" lon="40.341084">
        <ele>29.394898</ele>
        <time>2026-04-30T17:13:09.164Z</time>
      </trkpt>
      <trkpt lat="43.228271" lon="40.340308">
        <ele>28.836742</ele>
        <time>2026-04-30T17:13:17.682Z</time>
      </trkpt>
      <trkpt lat="43.228231" lon="40.339861">
        <ele>28.696524</ele>
        <time>2026-04-30T17:13:22.827Z</time>
      </trkpt>
      <trkpt lat="43.228020" lon="40.338253">
        <ele>28.201812</ele>
        <time>2026-04-30T17:13:43.274Z</time>
      </trkpt>
      <trkpt lat="43.228007" lon="40.338171">
        <ele>28.268997</ele>
        <time>2026-04-30T17:13:44.453Z</time>
      </trkpt>
      <trkpt lat="43.227972" lon="40.337876">
        <ele>28.508286</ele>
        <time>2026-04-30T17:13:48.716Z</time>
      </trkpt>
      <trkpt lat="43.227870" lon="40.336751">
        <ele>29.415912</ele>
        <time>2026-04-30T17:14:06.199Z</time>
      </trkpt>
      <trkpt lat="43.227824" lon="40.335659">
        <ele>30.370189</ele>
        <time>2026-04-30T17:14:24.674Z</time>
      </trkpt>
      <trkpt lat="43.227826" lon="40.335133">
        <ele>31.058980</ele>
        <time>2026-04-30T17:14:33.773Z</time>
      </trkpt>
      <trkpt lat="43.227864" lon="40.334405">
        <ele>32.014716</ele>
        <time>2026-04-30T17:14:46.657Z</time>
      </trkpt>
      <trkpt lat="43.227988" lon="40.333331">
        <ele>33.429702</ele>
        <time>2026-04-30T17:15:05.152Z</time>
      </trkpt>
      <trkpt lat="43.228064" lon="40.332959">
        <ele>33.817232</ele>
        <time>2026-04-30T17:15:11.516Z</time>
      </trkpt>
      <trkpt lat="43.228165" lon="40.332459">
        <ele>34.337680</ele>
        <time>2026-04-30T17:15:20.196Z</time>
      </trkpt>
      <trkpt lat="43.228386" lon="40.331609">
        <ele>35.242936</ele>
        <time>2026-04-30T17:15:34.864Z</time>
      </trkpt>
      <trkpt lat="43.228479" lon="40.331267">
        <ele>35.609094</ele>
        <time>2026-04-30T17:15:40.529Z</time>
      </trkpt>
      <trkpt lat="43.228729" lon="40.330351">
        <ele>36.066554</ele>
        <time>2026-04-30T17:15:55.675Z</time>
      </trkpt>
      <trkpt lat="43.229034" lon="40.329493">
        <ele>36.321488</ele>
        <time>2026-04-30T17:16:09.145Z</time>
      </trkpt>
      <trkpt lat="43.229236" lon="40.328962">
        <ele>36.481448</ele>
        <time>2026-04-30T17:16:16.579Z</time>
      </trkpt>
      <trkpt lat="43.229587" lon="40.327945">
        <ele>36.438136</ele>
        <time>2026-04-30T17:16:29.800Z</time>
      </trkpt>
      <trkpt lat="43.229709" lon="40.327567">
        <ele>36.394363</ele>
        <time>2026-04-30T17:16:34.792Z</time>
      </trkpt>
      <trkpt lat="43.229864" lon="40.327023">
        <ele>36.332518</ele>
        <time>2026-04-30T17:16:42.230Z</time>
      </trkpt>
      <trkpt lat="43.230017" lon="40.326294">
        <ele>36.380150</ele>
        <time>2026-04-30T17:16:52.647Z</time>
      </trkpt>
      <trkpt lat="43.230090" lon="40.325808">
        <ele>36.630586</ele>
        <time>2026-04-30T17:17:00.161Z</time>
      </trkpt>
      <trkpt lat="43.230110" lon="40.325629">
        <ele>36.721981</ele>
        <time>2026-04-30T17:17:02.944Z</time>
      </trkpt>
      <trkpt lat="43.230162" lon="40.324267">
        <ele>37.410309</ele>
        <time>2026-04-30T17:17:23.381Z</time>
      </trkpt>
      <trkpt lat="43.230173" lon="40.323370">
        <ele>37.830524</ele>
        <time>2026-04-30T17:17:35.890Z</time>
      </trkpt>
      <trkpt lat="43.230196" lon="40.321591">
        <ele>38.643231</ele>
        <time>2026-04-30T17:18:00.944Z</time>
      </trkpt>
      <trkpt lat="43.230205" lon="40.320833">
        <ele>39.753432</ele>
        <time>2026-04-30T17:18:13.249Z</time>
      </trkpt>
      <trkpt lat="43.230212" lon="40.320284">
        <ele>40.564969</ele>
        <time>2026-04-30T17:18:22.851Z</time>
      </trkpt>
      <trkpt lat="43.230319" lon="40.319560">
        <ele>41.656819</ele>
        <time>2026-04-30T17:18:36.653Z</time>
      </trkpt>
      <trkpt lat="43.230538" lon="40.318934">
        <ele>43.003125</ele>
        <time>2026-04-30T17:18:50.188Z</time>
      </trkpt>
      <trkpt lat="43.230874" lon="40.318420">
        <ele>44.868041</ele>
        <time>2026-04-30T17:19:04.496Z</time>
      </trkpt>
      <trkpt lat="43.231388" lon="40.317801">
        <ele>47.402640</ele>
        <time>2026-04-30T17:19:25.143Z</time>
      </trkpt>
      <trkpt lat="43.232002" lon="40.317026">
        <ele>50.787867</ele>
        <time>2026-04-30T17:19:51.938Z</time>
      </trkpt>
      <trkpt lat="43.232200" lon="40.316781">
        <ele>51.965253</ele>
        <time>2026-04-30T17:20:00.591Z</time>
      </trkpt>
      <trkpt lat="43.232770" lon="40.316172">
        <ele>55.155504</ele>
        <time>2026-04-30T17:20:23.929Z</time>
      </trkpt>
      <trkpt lat="43.233489" lon="40.315635">
        <ele>58.289242</ele>
        <time>2026-04-30T17:20:49.754Z</time>
      </trkpt>
      <trkpt lat="43.234669" lon="40.314753">
        <ele>62.690439</ele>
        <time>2026-04-30T17:21:27.687Z</time>
      </trkpt>
      <trkpt lat="43.237254" lon="40.312749">
        <ele>66.477710</ele>
        <time>2026-04-30T17:22:34.772Z</time>
      </trkpt>
      <trkpt lat="43.237394" lon="40.312640">
        <ele>66.562823</ele>
        <time>2026-04-30T17:22:37.978Z</time>
      </trkpt>
      <trkpt lat="43.237816" lon="40.312187">
        <ele>66.714976</ele>
        <time>2026-04-30T17:22:47.184Z</time>
      </trkpt>
      <trkpt lat="43.239096" lon="40.309391">
        <ele>58.855753</ele>
        <time>2026-04-30T17:23:17.806Z</time>
      </trkpt>
      <trkpt lat="43.239249" lon="40.309045">
        <ele>57.839531</ele>
        <time>2026-04-30T17:23:21.454Z</time>
      </trkpt>
      <trkpt lat="43.239447" lon="40.308285">
        <ele>55.813038</ele>
        <time>2026-04-30T17:23:28.922Z</time>
      </trkpt>
      <trkpt lat="43.239759" lon="40.305623">
        <ele>51.144993</ele>
        <time>2026-04-30T17:23:56.240Z</time>
      </trkpt>
      <trkpt lat="43.240081" lon="40.304693">
        <ele>50.310200</ele>
        <time>2026-04-30T17:24:06.946Z</time>
      </trkpt>
      <trkpt lat="43.240515" lon="40.303848">
        <ele>49.610186</ele>
        <time>2026-04-30T17:24:18.728Z</time>
      </trkpt>
      <trkpt lat="43.240734" lon="40.303474">
        <ele>49.285303</ele>
        <time>2026-04-30T17:24:25.211Z</time>
      </trkpt>
      <trkpt lat="43.240982" lon="40.303128">
        <ele>48.974008</ele>
        <time>2026-04-30T17:24:32.047Z</time>
      </trkpt>
      <trkpt lat="43.241279" lon="40.302799">
        <ele>48.641390</ele>
        <time>2026-04-30T17:24:39.234Z</time>
      </trkpt>
      <trkpt lat="43.241626" lon="40.302510">
        <ele>48.287655</ele>
        <time>2026-04-30T17:24:46.486Z</time>
      </trkpt>
      <trkpt lat="43.243122" lon="40.301382">
        <ele>44.758629</ele>
        <time>2026-04-30T17:25:09.834Z</time>
      </trkpt>
      <trkpt lat="43.243898" lon="40.300605">
        <ele>41.979337</ele>
        <time>2026-04-30T17:25:22.033Z</time>
      </trkpt>
      <trkpt lat="43.244088" lon="40.300372">
        <ele>41.279358</ele>
        <time>2026-04-30T17:25:25.318Z</time>
      </trkpt>
      <trkpt lat="43.244885" lon="40.299420">
        <ele>38.376728</ele>
        <time>2026-04-30T17:25:39.612Z</time>
      </trkpt>
      <trkpt lat="43.245225" lon="40.299036">
        <ele>37.188064</ele>
        <time>2026-04-30T17:25:45.805Z</time>
      </trkpt>
      <trkpt lat="43.246244" lon="40.298422">
        <ele>34.342533</ele>
        <time>2026-04-30T17:26:00.990Z</time>
      </trkpt>
      <trkpt lat="43.246471" lon="40.298214">
        <ele>33.644676</ele>
        <time>2026-04-30T17:26:04.618Z</time>
      </trkpt>
      <trkpt lat="43.247116" lon="40.297549">
        <ele>31.307815</ele>
        <time>2026-04-30T17:26:15.254Z</time>
      </trkpt>
      <trkpt lat="43.248044" lon="40.296462">
        <ele>27.524646</ele>
        <time>2026-04-30T17:26:31.176Z</time>
      </trkpt>
      <trkpt lat="43.248504" lon="40.295962">
        <ele>25.788587</ele>
        <time>2026-04-30T17:26:38.845Z</time>
      </trkpt>
      <trkpt lat="43.248983" lon="40.295378">
        <ele>23.906386</ele>
        <time>2026-04-30T17:26:47.279Z</time>
      </trkpt>
      <trkpt lat="43.249232" lon="40.295140">
        <ele>23.014954</ele>
        <time>2026-04-30T17:26:51.299Z</time>
      </trkpt>
      <trkpt lat="43.249529" lon="40.294971">
        <ele>22.070352</ele>
        <time>2026-04-30T17:26:55.604Z</time>
      </trkpt>
      <trkpt lat="43.249881" lon="40.294848">
        <ele>21.385598</ele>
        <time>2026-04-30T17:27:00.492Z</time>
      </trkpt>
      <trkpt lat="43.250905" lon="40.294640">
        <ele>19.501812</ele>
        <time>2026-04-30T17:27:15.239Z</time>
      </trkpt>
      <trkpt lat="43.251426" lon="40.294582">
        <ele>18.691783</ele>
        <time>2026-04-30T17:27:23.195Z</time>
      </trkpt>
      <trkpt lat="43.251539" lon="40.294579">
        <ele>18.643820</ele>
        <time>2026-04-30T17:27:24.933Z</time>
      </trkpt>
      <trkpt lat="43.252288" lon="40.294584">
        <ele>18.325957</ele>
        <time>2026-04-30T17:27:36.933Z</time>
      </trkpt>
      <trkpt lat="43.252651" lon="40.294595">
        <ele>18.171871</ele>
        <time>2026-04-30T17:27:43.048Z</time>
      </trkpt>
      <trkpt lat="43.253495" lon="40.294833">
        <ele>17.755988</ele>
        <time>2026-04-30T17:27:59.641Z</time>
      </trkpt>
      <trkpt lat="43.253693" lon="40.294949">
        <ele>17.636854</ele>
        <time>2026-04-30T17:28:03.874Z</time>
      </trkpt>
      <trkpt lat="43.254107" lon="40.295210">
        <ele>17.384743</ele>
        <time>2026-04-30T17:28:11.527Z</time>
      </trkpt>
      <trkpt lat="43.254461" lon="40.295480">
        <ele>17.160637</ele>
        <time>2026-04-30T17:28:17.728Z</time>
      </trkpt>
      <trkpt lat="43.254547" lon="40.295518">
        <ele>17.110640</ele>
        <time>2026-04-30T17:28:19.083Z</time>
      </trkpt>
      <trkpt lat="43.254712" lon="40.295539">
        <ele>17.018935</ele>
        <time>2026-04-30T17:28:21.472Z</time>
      </trkpt>
      <trkpt lat="43.255044" lon="40.295453">
        <ele>16.709985</ele>
        <time>2026-04-30T17:28:26.211Z</time>
      </trkpt>
      <trkpt lat="43.255741" lon="40.295182">
        <ele>15.969674</ele>
        <time>2026-04-30T17:28:36.252Z</time>
      </trkpt>
      <trkpt lat="43.256010" lon="40.295073">
        <ele>15.683047</ele>
        <time>2026-04-30T17:28:40.661Z</time>
      </trkpt>
      <trkpt lat="43.256377" lon="40.294803">
        <ele>15.257545</ele>
        <time>2026-04-30T17:28:48.388Z</time>
      </trkpt>
      <trkpt lat="43.256637" lon="40.294566">
        <ele>15.249390</ele>
        <time>2026-04-30T17:28:54.686Z</time>
      </trkpt>
      <trkpt lat="43.257023" lon="40.294015">
        <ele>15.567742</ele>
        <time>2026-04-30T17:29:06.590Z</time>
      </trkpt>
      <trkpt lat="43.257752" lon="40.292686">
        <ele>16.378149</ele>
        <time>2026-04-30T17:29:29.684Z</time>
      </trkpt>
      <trkpt lat="43.258452" lon="40.291834">
        <ele>17.580242</ele>
        <time>2026-04-30T17:29:48.264Z</time>
      </trkpt>
      <trkpt lat="43.258839" lon="40.291458">
        <ele>18.189475</ele>
        <time>2026-04-30T17:29:59.430Z</time>
      </trkpt>
      <trkpt lat="43.259370" lon="40.291094">
        <ele>19.692581</ele>
        <time>2026-04-30T17:30:15.392Z</time>
      </trkpt>
      <trkpt lat="43.260036" lon="40.290672">
        <ele>22.106087</ele>
        <time>2026-04-30T17:30:37.240Z</time>
      </trkpt>
      <trkpt lat="43.260898" lon="40.289923">
        <ele>24.843084</ele>
        <time>2026-04-30T17:31:06.692Z</time>
      </trkpt>
      <trkpt lat="43.261311" lon="40.289486">
        <ele>25.562163</ele>
        <time>2026-04-30T17:31:19.953Z</time>
      </trkpt>
      <trkpt lat="43.261635" lon="40.289060">
        <ele>26.180817</ele>
        <time>2026-04-30T17:31:29.577Z</time>
      </trkpt>
      <trkpt lat="43.262036" lon="40.288345">
        <ele>26.509625</ele>
        <time>2026-04-30T17:31:40.512Z</time>
      </trkpt>
      <trkpt lat="43.262316" lon="40.287847">
        <ele>25.408088</ele>
        <time>2026-04-30T17:31:47.044Z</time>
      </trkpt>
      <trkpt lat="43.262539" lon="40.287352">
        <ele>24.389010</ele>
        <time>2026-04-30T17:31:52.739Z</time>
      </trkpt>
      <trkpt lat="43.262570" lon="40.287306">
        <ele>24.279278</ele>
        <time>2026-04-30T17:31:53.353Z</time>
      </trkpt>
      <trkpt lat="43.262764" lon="40.286886">
        <ele>23.408497</ele>
        <time>2026-04-30T17:31:58.077Z</time>
      </trkpt>
      <trkpt lat="43.262898" lon="40.286532">
        <ele>22.709987</ele>
        <time>2026-04-30T17:32:01.818Z</time>
      </trkpt>
      <trkpt lat="43.263067" lon="40.286028">
        <ele>21.441365</ele>
        <time>2026-04-30T17:32:07.006Z</time>
      </trkpt>
      <trkpt lat="43.263136" lon="40.285838">
        <ele>20.933906</ele>
        <time>2026-04-30T17:32:08.989Z</time>
      </trkpt>
      <trkpt lat="43.263279" lon="40.285348">
        <ele>19.672206</ele>
        <time>2026-04-30T17:32:13.886Z</time>
      </trkpt>
      <trkpt lat="43.263358" lon="40.285102">
        <ele>19.029606</ele>
        <time>2026-04-30T17:32:16.403Z</time>
      </trkpt>
      <trkpt lat="43.263529" lon="40.284560">
        <ele>17.617818</ele>
        <time>2026-04-30T17:32:21.934Z</time>
      </trkpt>
      <trkpt lat="43.263732" lon="40.284097">
        <ele>16.492497</ele>
        <time>2026-04-30T17:32:27.115Z</time>
      </trkpt>
      <trkpt lat="43.264087" lon="40.283498">
        <ele>15.598077</ele>
        <time>2026-04-30T17:32:35.034Z</time>
      </trkpt>
      <trkpt lat="43.264284" lon="40.283212">
        <ele>15.142155</ele>
        <time>2026-04-30T17:32:39.221Z</time>
      </trkpt>
      <trkpt lat="43.264643" lon="40.282604">
        <ele>14.235640</ele>
        <time>2026-04-30T17:32:47.986Z</time>
      </trkpt>
      <trkpt lat="43.265097" lon="40.281866">
        <ele>12.945047</ele>
        <time>2026-04-30T17:32:59.422Z</time>
      </trkpt>
      <trkpt lat="43.265764" lon="40.280930">
        <ele>11.040521</ele>
        <time>2026-04-30T17:33:12.655Z</time>
      </trkpt>
      <trkpt lat="43.265717" lon="40.280904">
        <ele>10.939328</ele>
        <time>2026-04-30T17:33:13.314Z</time>
      </trkpt>
      <trkpt lat="43.265600" lon="40.280908">
        <ele>10.705596</ele>
        <time>2026-04-30T17:33:14.863Z</time>
      </trkpt>
      <trkpt lat="43.265530" lon="40.280982">
        <ele>10.529176</ele>
        <time>2026-04-30T17:33:16.027Z</time>
      </trkpt>
      <trkpt lat="43.265432" lon="40.281031">
        <ele>10.320892</ele>
        <time>2026-04-30T17:33:17.410Z</time>
      </trkpt>
      <trkpt lat="43.265309" lon="40.280869">
        <ele>10.014641</ele>
        <time>2026-04-30T17:33:19.668Z</time>
      </trkpt>
      <trkpt lat="43.265141" lon="40.280594">
        <ele>9.575122</ele>
        <time>2026-04-30T17:33:25.917Z</time>
      </trkpt>
      <trkpt lat="43.265082" lon="40.280495">
        <ele>9.418483</ele>
        <time>2026-04-30T17:33:28.162Z</time>
      </trkpt>
      <trkpt lat="43.265473" lon="40.280038">
        <ele>8.555142</ele>
        <time>2026-04-30T17:33:40.764Z</time>
      </trkpt>
      <trkpt lat="43.265768" lon="40.279582">
        <ele>7.808291</ele>
        <time>2026-04-30T17:33:52.316Z</time>
      </trkpt>
      <trkpt lat="43.266308" lon="40.279129">
        <ele>7.451466</ele>
        <time>2026-04-30T17:34:11.289Z</time>
      </trkpt>
      <trkpt lat="43.267043" lon="40.278622">
        <ele>8.355241</ele>
        <time>2026-04-30T17:34:38.102Z</time>
      </trkpt>
      <trkpt lat="43.267650" lon="40.278182">
        <ele>9.109423</ele>
        <time>2026-04-30T17:35:02.743Z</time>
      </trkpt>
      <trkpt lat="43.267854" lon="40.278718">
        <ele>9.537335</ele>
        <time>2026-04-30T17:35:13.737Z</time>
      </trkpt>
      <trkpt lat="43.267888" lon="40.278738">
        <ele>9.572864</ele>
        <time>2026-04-30T17:35:14.653Z</time>
      </trkpt>
      <trkpt lat="43.267954" lon="40.278701">
        <ele>9.641338</ele>
        <time>2026-04-30T17:35:16.395Z</time>
      </trkpt>
      <trkpt lat="43.268616" lon="40.278275">
        <ele>10.343566</ele>
        <time>2026-04-30T17:35:33.287Z</time>
      </trkpt>
      <trkpt lat="43.269347" lon="40.277750">
        <ele>10.547517</ele>
        <time>2026-04-30T17:35:47.854Z</time>
      </trkpt>
      <trkpt lat="43.270214" lon="40.276868">
        <ele>9.237728</ele>
        <time>2026-04-30T17:36:04.512Z</time>
      </trkpt>
      <trkpt lat="43.271480" lon="40.275530">
        <ele>7.293377</ele>
        <time>2026-04-30T17:36:28.907Z</time>
      </trkpt>
      <trkpt lat="43.272060" lon="40.274909">
        <ele>6.501075</ele>
        <time>2026-04-30T17:36:41.139Z</time>
      </trkpt>
      <trkpt lat="43.272387" lon="40.274408">
        <ele>6.501075</ele>
        <time>2026-04-30T17:36:49.865Z</time>
      </trkpt>
      <trkpt lat="43.272645" lon="40.274134">
        <ele>6.501075</ele>
        <time>2026-04-30T17:36:55.839Z</time>
      </trkpt>
      <trkpt lat="43.272714" lon="40.274060">
        <ele>6.501075</ele>
        <time>2026-04-30T17:36:57.456Z</time>
      </trkpt>
      <trkpt lat="43.272623" lon="40.273866">
        <ele>6.501075</ele>
        <time>2026-04-30T17:37:02.433Z</time>
      </trkpt>
    </trkseg>
  </trk>
</gpx>