<?xml version='1.0' encoding='UTF-8'?>
<gpx version="1.1" creator="https://www.komoot.de" xmlns="http://www.topografix.com/GPX/1/1" xmlns:xsi="http://www.w3.org/2001/XMLSchema-instance" xsi:schemaLocation="http://www.topografix.com/GPX/1/1 http://www.topografix.com/GPX/1/1/gpx.xsd">
  <metadata>
    <name>Гагра-Гарп-Лыхны-Мюссера-Гагра. Группа шоссе</name>
    <author>
      <link href="https://www.komoot.de">
        <text>komoot</text>
        <type>text/html</type>
      </link>
    </author>
  </metadata>
  <trk>
    <name>Гагра-Гарп-Лыхны-Мюссера-Гагра. Группа шоссе</name>
    <type>racebike</type>
    <trkseg>
      <trkpt lat="43.272664" lon="40.274113">
        <ele>6.485480</ele>
        <time>2026-08-25T12:06:59.515Z</time>
      </trkpt>
      <trkpt lat="43.272387" lon="40.274408">
        <ele>6.485480</ele>
        <time>2026-08-25T12:07:05.253Z</time>
      </trkpt>
      <trkpt lat="43.272060" lon="40.274909">
        <ele>6.485480</ele>
        <time>2026-08-25T12:07:13.555Z</time>
      </trkpt>
      <trkpt lat="43.271480" lon="40.275530">
        <ele>7.302930</ele>
        <time>2026-08-25T12:07:27.231Z</time>
      </trkpt>
      <trkpt lat="43.270214" lon="40.276868">
        <ele>9.247624</ele>
        <time>2026-08-25T12:08:01.067Z</time>
      </trkpt>
      <trkpt lat="43.269668" lon="40.277423">
        <ele>10.089050</ele>
        <time>2026-08-25T12:08:15.506Z</time>
      </trkpt>
      <trkpt lat="43.269347" lon="40.277750">
        <ele>10.584116</ele>
        <time>2026-08-25T12:08:23.540Z</time>
      </trkpt>
      <trkpt lat="43.268616" lon="40.278275">
        <ele>10.340395</ele>
        <time>2026-08-25T12:08:37.696Z</time>
      </trkpt>
      <trkpt lat="43.267954" lon="40.278701">
        <ele>9.652307</ele>
        <time>2026-08-25T12:08:47.375Z</time>
      </trkpt>
      <trkpt lat="43.267888" lon="40.278738">
        <ele>9.585211</ele>
        <time>2026-08-25T12:08:48.287Z</time>
      </trkpt>
      <trkpt lat="43.267854" lon="40.278718">
        <ele>9.550398</ele>
        <time>2026-08-25T12:08:48.751Z</time>
      </trkpt>
      <trkpt lat="43.267650" lon="40.278182">
        <ele>9.123788</ele>
        <time>2026-08-25T12:08:54.310Z</time>
      </trkpt>
      <trkpt lat="43.267043" lon="40.278622">
        <ele>8.342939</ele>
        <time>2026-08-25T12:09:11.679Z</time>
      </trkpt>
      <trkpt lat="43.266411" lon="40.279058">
        <ele>7.538320</ele>
        <time>2026-08-25T12:09:30.754Z</time>
      </trkpt>
      <trkpt lat="43.266308" lon="40.279129">
        <ele>7.407209</ele>
        <time>2026-08-25T12:09:34.055Z</time>
      </trkpt>
      <trkpt lat="43.265768" lon="40.279582">
        <ele>7.817916</ele>
        <time>2026-08-25T12:09:52.637Z</time>
      </trkpt>
      <trkpt lat="43.265473" lon="40.280038">
        <ele>8.553578</ele>
        <time>2026-08-25T12:10:07.909Z</time>
      </trkpt>
      <trkpt lat="43.265082" lon="40.280495">
        <ele>9.403985</ele>
        <time>2026-08-25T12:10:27.171Z</time>
      </trkpt>
      <trkpt lat="43.265141" lon="40.280594">
        <ele>9.558277</ele>
        <time>2026-08-25T12:10:30.785Z</time>
      </trkpt>
      <trkpt lat="43.265309" lon="40.280869">
        <ele>9.991212</ele>
        <time>2026-08-25T12:10:41.009Z</time>
      </trkpt>
      <trkpt lat="43.265432" lon="40.281031">
        <ele>10.305581</ele>
        <time>2026-08-25T12:10:44.641Z</time>
      </trkpt>
      <trkpt lat="43.265530" lon="40.280982">
        <ele>10.516101</ele>
        <time>2026-08-25T12:10:46.863Z</time>
      </trkpt>
      <trkpt lat="43.265600" lon="40.280908">
        <ele>10.694415</ele>
        <time>2026-08-25T12:10:48.757Z</time>
      </trkpt>
      <trkpt lat="43.265717" lon="40.280904">
        <ele>10.930657</ele>
        <time>2026-08-25T12:10:51.217Z</time>
      </trkpt>
      <trkpt lat="43.265764" lon="40.280930">
        <ele>11.032936</ele>
        <time>2026-08-25T12:10:52.370Z</time>
      </trkpt>
      <trkpt lat="43.265097" lon="40.281866">
        <ele>12.957907</ele>
        <time>2026-08-25T12:11:10.372Z</time>
      </trkpt>
      <trkpt lat="43.264643" lon="40.282604">
        <ele>14.239844</ele>
        <time>2026-08-25T12:11:20.018Z</time>
      </trkpt>
      <trkpt lat="43.264284" lon="40.283212">
        <ele>15.134350</ele>
        <time>2026-08-25T12:11:28.691Z</time>
      </trkpt>
      <trkpt lat="43.264087" lon="40.283498">
        <ele>15.584232</ele>
        <time>2026-08-25T12:11:33.484Z</time>
      </trkpt>
      <trkpt lat="43.263732" lon="40.284097">
        <ele>16.466802</ele>
        <time>2026-08-25T12:11:43.755Z</time>
      </trkpt>
      <trkpt lat="43.263529" lon="40.284560">
        <ele>17.631481</ele>
        <time>2026-08-25T12:11:52.205Z</time>
      </trkpt>
      <trkpt lat="43.263358" lon="40.285102">
        <ele>19.038580</ele>
        <time>2026-08-25T12:12:02.084Z</time>
      </trkpt>
      <trkpt lat="43.263279" lon="40.285348">
        <ele>19.679045</ele>
        <time>2026-08-25T12:12:06.638Z</time>
      </trkpt>
      <trkpt lat="43.263136" lon="40.285838">
        <ele>20.936553</ele>
        <time>2026-08-25T12:12:15.668Z</time>
      </trkpt>
      <trkpt lat="43.263067" lon="40.286028">
        <ele>21.442326</ele>
        <time>2026-08-25T12:12:19.249Z</time>
      </trkpt>
      <trkpt lat="43.262898" lon="40.286532">
        <ele>22.687892</ele>
        <time>2026-08-25T12:12:28.611Z</time>
      </trkpt>
      <trkpt lat="43.262764" lon="40.286886">
        <ele>23.397105</ele>
        <time>2026-08-25T12:12:35.245Z</time>
      </trkpt>
      <trkpt lat="43.262570" lon="40.287306">
        <ele>24.281228</ele>
        <time>2026-08-25T12:12:43.250Z</time>
      </trkpt>
      <trkpt lat="43.262539" lon="40.287352">
        <ele>24.392640</ele>
        <time>2026-08-25T12:12:44.189Z</time>
      </trkpt>
      <trkpt lat="43.262316" lon="40.287847">
        <ele>25.427333</ele>
        <time>2026-08-25T12:12:52.828Z</time>
      </trkpt>
      <trkpt lat="43.262036" lon="40.288345">
        <ele>26.545747</ele>
        <time>2026-08-25T12:13:00.949Z</time>
      </trkpt>
      <trkpt lat="43.261635" lon="40.289060">
        <ele>26.153028</ele>
        <time>2026-08-25T12:13:09.616Z</time>
      </trkpt>
      <trkpt lat="43.261311" lon="40.289486">
        <ele>25.560308</ele>
        <time>2026-08-25T12:13:13.909Z</time>
      </trkpt>
      <trkpt lat="43.260898" lon="40.289923">
        <ele>24.871372</ele>
        <time>2026-08-25T12:13:18.363Z</time>
      </trkpt>
      <trkpt lat="43.260036" lon="40.290672">
        <ele>22.094690</ele>
        <time>2026-08-25T12:13:26.526Z</time>
      </trkpt>
      <trkpt lat="43.259370" lon="40.291094">
        <ele>19.674310</ele>
        <time>2026-08-25T12:13:32.318Z</time>
      </trkpt>
      <trkpt lat="43.258839" lon="40.291458">
        <ele>18.158634</ele>
        <time>2026-08-25T12:13:37.227Z</time>
      </trkpt>
      <trkpt lat="43.258452" lon="40.291834">
        <ele>17.432133</ele>
        <time>2026-08-25T12:13:41.469Z</time>
      </trkpt>
      <trkpt lat="43.257752" lon="40.292686">
        <ele>15.998653</ele>
        <time>2026-08-25T12:13:50.570Z</time>
      </trkpt>
      <trkpt lat="43.257271" lon="40.293284">
        <ele>15.479659</ele>
        <time>2026-08-25T12:13:57.339Z</time>
      </trkpt>
      <trkpt lat="43.257134" lon="40.293447">
        <ele>15.370751</ele>
        <time>2026-08-25T12:13:59.155Z</time>
      </trkpt>
      <trkpt lat="43.256848" lon="40.293708">
        <ele>15.164438</ele>
        <time>2026-08-25T12:14:02.550Z</time>
      </trkpt>
      <trkpt lat="43.256407" lon="40.294062">
        <ele>14.857537</ele>
        <time>2026-08-25T12:14:07.681Z</time>
      </trkpt>
      <trkpt lat="43.255885" lon="40.294359">
        <ele>14.876971</ele>
        <time>2026-08-25T12:14:14.356Z</time>
      </trkpt>
      <trkpt lat="43.255566" lon="40.294487">
        <ele>15.059430</ele>
        <time>2026-08-25T12:14:18.876Z</time>
      </trkpt>
      <trkpt lat="43.255115" lon="40.294607">
        <ele>15.311640</ele>
        <time>2026-08-25T12:14:25.444Z</time>
      </trkpt>
      <trkpt lat="43.254508" lon="40.294613">
        <ele>15.644897</ele>
        <time>2026-08-25T12:14:34.345Z</time>
      </trkpt>
      <trkpt lat="43.253401" lon="40.294547">
        <ele>16.633810</ele>
        <time>2026-08-25T12:14:50.592Z</time>
      </trkpt>
      <trkpt lat="43.252651" lon="40.294595">
        <ele>17.326081</ele>
        <time>2026-08-25T12:15:01.862Z</time>
      </trkpt>
      <trkpt lat="43.252288" lon="40.294584">
        <ele>17.729663</ele>
        <time>2026-08-25T12:15:07.314Z</time>
      </trkpt>
      <trkpt lat="43.251539" lon="40.294579">
        <ele>18.573853</ele>
        <time>2026-08-25T12:15:18.464Z</time>
      </trkpt>
      <trkpt lat="43.251426" lon="40.294582">
        <ele>18.701236</ele>
        <time>2026-08-25T12:15:20.205Z</time>
      </trkpt>
      <trkpt lat="43.250905" lon="40.294640">
        <ele>19.290370</ele>
        <time>2026-08-25T12:15:28.281Z</time>
      </trkpt>
      <trkpt lat="43.249881" lon="40.294848">
        <ele>21.492011</ele>
        <time>2026-08-25T12:15:46.675Z</time>
      </trkpt>
      <trkpt lat="43.249529" lon="40.294971">
        <ele>22.294283</ele>
        <time>2026-08-25T12:15:54.045Z</time>
      </trkpt>
      <trkpt lat="43.249232" lon="40.295140">
        <ele>23.004398</ele>
        <time>2026-08-25T12:16:00.696Z</time>
      </trkpt>
      <trkpt lat="43.248983" lon="40.295378">
        <ele>23.799948</ele>
        <time>2026-08-25T12:16:07.087Z</time>
      </trkpt>
      <trkpt lat="43.248504" lon="40.295962">
        <ele>25.764133</ele>
        <time>2026-08-25T12:16:20.897Z</time>
      </trkpt>
      <trkpt lat="43.248044" lon="40.296462">
        <ele>27.563067</ele>
        <time>2026-08-25T12:16:33.733Z</time>
      </trkpt>
      <trkpt lat="43.247116" lon="40.297549">
        <ele>31.257184</ele>
        <time>2026-08-25T12:17:00.634Z</time>
      </trkpt>
      <trkpt lat="43.246471" lon="40.298214">
        <ele>33.683598</ele>
        <time>2026-08-25T12:17:17.940Z</time>
      </trkpt>
      <trkpt lat="43.246244" lon="40.298422">
        <ele>34.461262</ele>
        <time>2026-08-25T12:17:23.631Z</time>
      </trkpt>
      <trkpt lat="43.245225" lon="40.299036">
        <ele>37.172705</ele>
        <time>2026-08-25T12:17:45.533Z</time>
      </trkpt>
      <trkpt lat="43.244885" lon="40.299420">
        <ele>38.245446</ele>
        <time>2026-08-25T12:17:53.537Z</time>
      </trkpt>
      <trkpt lat="43.244088" lon="40.300372">
        <ele>41.311847</ele>
        <time>2026-08-25T12:18:14.758Z</time>
      </trkpt>
      <trkpt lat="43.243898" lon="40.300605">
        <ele>42.074054</ele>
        <time>2026-08-25T12:18:20.547Z</time>
      </trkpt>
      <trkpt lat="43.243122" lon="40.301382">
        <ele>44.804096</ele>
        <time>2026-08-25T12:18:43.452Z</time>
      </trkpt>
      <trkpt lat="43.241626" lon="40.302510">
        <ele>48.660291</ele>
        <time>2026-08-25T12:19:16.739Z</time>
      </trkpt>
      <trkpt lat="43.241279" lon="40.302799">
        <ele>48.833016</ele>
        <time>2026-08-25T12:19:21.525Z</time>
      </trkpt>
      <trkpt lat="43.240982" lon="40.303128">
        <ele>48.995429</ele>
        <time>2026-08-25T12:19:25.719Z</time>
      </trkpt>
      <trkpt lat="43.240734" lon="40.303474">
        <ele>49.145911</ele>
        <time>2026-08-25T12:19:29.476Z</time>
      </trkpt>
      <trkpt lat="43.240515" lon="40.303848">
        <ele>49.294672</ele>
        <time>2026-08-25T12:19:33.391Z</time>
      </trkpt>
      <trkpt lat="43.240081" lon="40.304693">
        <ele>50.268461</ele>
        <time>2026-08-25T12:19:44.448Z</time>
      </trkpt>
      <trkpt lat="43.239759" lon="40.305623">
        <ele>51.333917</ele>
        <time>2026-08-25T12:19:57.724Z</time>
      </trkpt>
      <trkpt lat="43.239447" lon="40.308285">
        <ele>55.799818</ele>
        <time>2026-08-25T12:20:34.593Z</time>
      </trkpt>
      <trkpt lat="43.239249" lon="40.309045">
        <ele>57.682200</ele>
        <time>2026-08-25T12:20:48.600Z</time>
      </trkpt>
      <trkpt lat="43.239096" lon="40.309391">
        <ele>58.758065</ele>
        <time>2026-08-25T12:20:56.182Z</time>
      </trkpt>
      <trkpt lat="43.237816" lon="40.312187">
        <ele>65.966069</ele>
        <time>2026-08-25T12:21:53.102Z</time>
      </trkpt>
      <trkpt lat="43.237394" lon="40.312640">
        <ele>67.252762</ele>
        <time>2026-08-25T12:21:59.796Z</time>
      </trkpt>
      <trkpt lat="43.237254" lon="40.312749">
        <ele>67.061721</ele>
        <time>2026-08-25T12:22:01.461Z</time>
      </trkpt>
      <trkpt lat="43.234669" lon="40.314753">
        <ele>62.452741</ele>
        <time>2026-08-25T12:22:28.785Z</time>
      </trkpt>
      <trkpt lat="43.233489" lon="40.315635">
        <ele>58.232557</ele>
        <time>2026-08-25T12:22:39.655Z</time>
      </trkpt>
      <trkpt lat="43.232770" lon="40.316172">
        <ele>55.165097</ele>
        <time>2026-08-25T12:22:45.976Z</time>
      </trkpt>
      <trkpt lat="43.232200" lon="40.316781">
        <ele>52.049869</ele>
        <time>2026-08-25T12:22:51.505Z</time>
      </trkpt>
      <trkpt lat="43.232002" lon="40.317026">
        <ele>50.875025</ele>
        <time>2026-08-25T12:22:53.543Z</time>
      </trkpt>
      <trkpt lat="43.231388" lon="40.317801">
        <ele>47.198840</ele>
        <time>2026-08-25T12:22:59.950Z</time>
      </trkpt>
      <trkpt lat="43.230874" lon="40.318420">
        <ele>44.866202</ele>
        <time>2026-08-25T12:23:05.320Z</time>
      </trkpt>
      <trkpt lat="43.230538" lon="40.318934">
        <ele>43.215183</ele>
        <time>2026-08-25T12:23:09.376Z</time>
      </trkpt>
      <trkpt lat="43.230319" lon="40.319560">
        <ele>41.554906</ele>
        <time>2026-08-25T12:23:13.571Z</time>
      </trkpt>
      <trkpt lat="43.230212" lon="40.320284">
        <ele>40.412042</ele>
        <time>2026-08-25T12:23:18.140Z</time>
      </trkpt>
      <trkpt lat="43.230205" lon="40.320833">
        <ele>39.804410</ele>
        <time>2026-08-25T12:23:21.668Z</time>
      </trkpt>
      <trkpt lat="43.230196" lon="40.321591">
        <ele>38.965473</ele>
        <time>2026-08-25T12:23:26.819Z</time>
      </trkpt>
      <trkpt lat="43.230173" lon="40.323370">
        <ele>37.756379</ele>
        <time>2026-08-25T12:23:40.612Z</time>
      </trkpt>
      <trkpt lat="43.230162" lon="40.324267">
        <ele>37.381515</ele>
        <time>2026-08-25T12:23:47.642Z</time>
      </trkpt>
      <trkpt lat="43.230110" lon="40.325629">
        <ele>36.810768</ele>
        <time>2026-08-25T12:23:57.551Z</time>
      </trkpt>
      <trkpt lat="43.230090" lon="40.325808">
        <ele>36.734926</ele>
        <time>2026-08-25T12:23:58.840Z</time>
      </trkpt>
      <trkpt lat="43.230017" lon="40.326294">
        <ele>36.527107</ele>
        <time>2026-08-25T12:24:02.402Z</time>
      </trkpt>
      <trkpt lat="43.229864" lon="40.327023">
        <ele>36.209385</ele>
        <time>2026-08-25T12:24:08.474Z</time>
      </trkpt>
      <trkpt lat="43.229709" lon="40.327567">
        <ele>36.237564</ele>
        <time>2026-08-25T12:24:13.650Z</time>
      </trkpt>
      <trkpt lat="43.229587" lon="40.327945">
        <ele>36.316662</ele>
        <time>2026-08-25T12:24:17.659Z</time>
      </trkpt>
      <trkpt lat="43.229236" lon="40.328962">
        <ele>36.531963</ele>
        <time>2026-08-25T12:24:29.068Z</time>
      </trkpt>
      <trkpt lat="43.229034" lon="40.329493">
        <ele>36.561481</ele>
        <time>2026-08-25T12:24:34.607Z</time>
      </trkpt>
      <trkpt lat="43.228729" lon="40.330351">
        <ele>36.045845</ele>
        <time>2026-08-25T12:24:42.001Z</time>
      </trkpt>
      <trkpt lat="43.228479" lon="40.331267">
        <ele>35.517522</ele>
        <time>2026-08-25T12:24:48.887Z</time>
      </trkpt>
      <trkpt lat="43.228386" lon="40.331609">
        <ele>35.320354</ele>
        <time>2026-08-25T12:24:51.452Z</time>
      </trkpt>
      <trkpt lat="43.228165" lon="40.332459">
        <ele>34.343559</ele>
        <time>2026-08-25T12:24:57.575Z</time>
      </trkpt>
      <trkpt lat="43.228064" lon="40.332959">
        <ele>33.763953</ele>
        <time>2026-08-25T12:25:01.014Z</time>
      </trkpt>
      <trkpt lat="43.227988" lon="40.333331">
        <ele>33.332374</ele>
        <time>2026-08-25T12:25:03.604Z</time>
      </trkpt>
      <trkpt lat="43.227864" lon="40.334405">
        <ele>32.057305</ele>
        <time>2026-08-25T12:25:10.726Z</time>
      </trkpt>
      <trkpt lat="43.227826" lon="40.335133">
        <ele>31.123642</ele>
        <time>2026-08-25T12:25:15.401Z</time>
      </trkpt>
      <trkpt lat="43.227824" lon="40.335659">
        <ele>30.450759</ele>
        <time>2026-08-25T12:25:18.807Z</time>
      </trkpt>
      <trkpt lat="43.227851" lon="40.336305">
        <ele>29.623019</ele>
        <time>2026-08-25T12:25:23.045Z</time>
      </trkpt>
      <trkpt lat="43.227870" lon="40.336751">
        <ele>29.246622</ele>
        <time>2026-08-25T12:25:26.016Z</time>
      </trkpt>
      <trkpt lat="43.227972" lon="40.337876">
        <ele>28.669243</ele>
        <time>2026-08-25T12:25:34.037Z</time>
      </trkpt>
      <trkpt lat="43.228007" lon="40.338171">
        <ele>28.517021</ele>
        <time>2026-08-25T12:25:36.322Z</time>
      </trkpt>
      <trkpt lat="43.228020" lon="40.338253">
        <ele>28.474282</ele>
        <time>2026-08-25T12:25:36.966Z</time>
      </trkpt>
      <trkpt lat="43.228231" lon="40.339861">
        <ele>28.698150</ele>
        <time>2026-08-25T12:25:51.882Z</time>
      </trkpt>
      <trkpt lat="43.228271" lon="40.340308">
        <ele>28.977283</ele>
        <time>2026-08-25T12:25:56.677Z</time>
      </trkpt>
      <trkpt lat="43.228295" lon="40.341084">
        <ele>29.458682</ele>
        <time>2026-08-25T12:26:05.623Z</time>
      </trkpt>
      <trkpt lat="43.228288" lon="40.343787">
        <ele>32.418693</ele>
        <time>2026-08-25T12:26:39.827Z</time>
      </trkpt>
      <trkpt lat="43.228308" lon="40.345894">
        <ele>34.108704</ele>
        <time>2026-08-25T12:27:02.990Z</time>
      </trkpt>
      <trkpt lat="43.228288" lon="40.346435">
        <ele>34.539173</ele>
        <time>2026-08-25T12:27:08.674Z</time>
      </trkpt>
      <trkpt lat="43.228203" lon="40.347462">
        <ele>35.381601</ele>
        <time>2026-08-25T12:27:21.136Z</time>
      </trkpt>
      <trkpt lat="43.228148" lon="40.347849">
        <ele>35.702966</ele>
        <time>2026-08-25T12:27:25.936Z</time>
      </trkpt>
      <trkpt lat="43.228054" lon="40.348488">
        <ele>36.234286</ele>
        <time>2026-08-25T12:27:33.362Z</time>
      </trkpt>
      <trkpt lat="43.227994" lon="40.348916">
        <ele>36.421087</ele>
        <time>2026-08-25T12:27:37.936Z</time>
      </trkpt>
      <trkpt lat="43.227841" lon="40.350499">
        <ele>35.995613</ele>
        <time>2026-08-25T12:27:50.969Z</time>
      </trkpt>
      <trkpt lat="43.227691" lon="40.351402">
        <ele>35.659605</ele>
        <time>2026-08-25T12:27:57.402Z</time>
      </trkpt>
      <trkpt lat="43.227439" lon="40.352489">
        <ele>34.871577</ele>
        <time>2026-08-25T12:28:05.126Z</time>
      </trkpt>
      <trkpt lat="43.227201" lon="40.353636">
        <ele>34.085010</ele>
        <time>2026-08-25T12:28:14.177Z</time>
      </trkpt>
      <trkpt lat="43.226972" lon="40.354731">
        <ele>33.864419</ele>
        <time>2026-08-25T12:28:23.481Z</time>
      </trkpt>
      <trkpt lat="43.226856" lon="40.356765">
        <ele>33.711920</ele>
        <time>2026-08-25T12:28:40.288Z</time>
      </trkpt>
      <trkpt lat="43.226798" lon="40.357484">
        <ele>33.795076</ele>
        <time>2026-08-25T12:28:46.562Z</time>
      </trkpt>
      <trkpt lat="43.226684" lon="40.358026">
        <ele>33.859925</ele>
        <time>2026-08-25T12:28:52.054Z</time>
      </trkpt>
      <trkpt lat="43.226257" lon="40.359640">
        <ele>34.248092</ele>
        <time>2026-08-25T12:29:09.510Z</time>
      </trkpt>
      <trkpt lat="43.226190" lon="40.359974">
        <ele>34.337902</ele>
        <time>2026-08-25T12:29:12.712Z</time>
      </trkpt>
      <trkpt lat="43.226134" lon="40.360537">
        <ele>34.485212</ele>
        <time>2026-08-25T12:29:17.748Z</time>
      </trkpt>
      <trkpt lat="43.226160" lon="40.361048">
        <ele>34.465777</ele>
        <time>2026-08-25T12:29:22.049Z</time>
      </trkpt>
      <trkpt lat="43.226397" lon="40.362420">
        <ele>34.066409</ele>
        <time>2026-08-25T12:29:32.917Z</time>
      </trkpt>
      <trkpt lat="43.226803" lon="40.364481">
        <ele>33.769284</ele>
        <time>2026-08-25T12:29:49.691Z</time>
      </trkpt>
      <trkpt lat="43.226898" lon="40.364871">
        <ele>33.746007</ele>
        <time>2026-08-25T12:29:53.280Z</time>
      </trkpt>
      <trkpt lat="43.227062" lon="40.365418">
        <ele>33.712524</ele>
        <time>2026-08-25T12:29:58.724Z</time>
      </trkpt>
      <trkpt lat="43.227697" lon="40.367127">
        <ele>34.442341</ele>
        <time>2026-08-25T12:30:18.023Z</time>
      </trkpt>
      <trkpt lat="43.228208" lon="40.368465">
        <ele>35.192708</ele>
        <time>2026-08-25T12:30:33.294Z</time>
      </trkpt>
      <trkpt lat="43.228472" lon="40.369133">
        <ele>35.623095</ele>
        <time>2026-08-25T12:30:41.230Z</time>
      </trkpt>
      <trkpt lat="43.228727" lon="40.369751">
        <ele>36.025321</ele>
        <time>2026-08-25T12:30:48.715Z</time>
      </trkpt>
      <trkpt lat="43.229377" lon="40.371528">
        <ele>37.274748</ele>
        <time>2026-08-25T12:31:10.417Z</time>
      </trkpt>
      <trkpt lat="43.229613" lon="40.372186">
        <ele>37.709423</ele>
        <time>2026-08-25T12:31:18.013Z</time>
      </trkpt>
      <trkpt lat="43.229804" lon="40.372718">
        <ele>37.919617</ele>
        <time>2026-08-25T12:31:23.887Z</time>
      </trkpt>
      <trkpt lat="43.230090" lon="40.373394">
        <ele>38.196659</ele>
        <time>2026-08-25T12:31:31.408Z</time>
      </trkpt>
      <trkpt lat="43.230307" lon="40.373825">
        <ele>38.382330</ele>
        <time>2026-08-25T12:31:36.441Z</time>
      </trkpt>
      <trkpt lat="43.230583" lon="40.374331">
        <ele>38.595888</ele>
        <time>2026-08-25T12:31:42.557Z</time>
      </trkpt>
      <trkpt lat="43.230848" lon="40.374817">
        <ele>38.773452</ele>
        <time>2026-08-25T12:31:48.536Z</time>
      </trkpt>
      <trkpt lat="43.231153" lon="40.375427">
        <ele>38.989859</ele>
        <time>2026-08-25T12:31:55.825Z</time>
      </trkpt>
      <trkpt lat="43.231362" lon="40.376001">
        <ele>39.177559</ele>
        <time>2026-08-25T12:32:01.779Z</time>
      </trkpt>
      <trkpt lat="43.231471" lon="40.376390">
        <ele>39.295653</ele>
        <time>2026-08-25T12:32:05.604Z</time>
      </trkpt>
      <trkpt lat="43.231608" lon="40.377019">
        <ele>39.463965</ele>
        <time>2026-08-25T12:32:11.713Z</time>
      </trkpt>
      <trkpt lat="43.231642" lon="40.377718">
        <ele>39.643571</ele>
        <time>2026-08-25T12:32:18.386Z</time>
      </trkpt>
      <trkpt lat="43.231646" lon="40.378428">
        <ele>39.825603</ele>
        <time>2026-08-25T12:32:25.211Z</time>
      </trkpt>
      <trkpt lat="43.231612" lon="40.378883">
        <ele>39.930037</ele>
        <time>2026-08-25T12:32:29.737Z</time>
      </trkpt>
      <trkpt lat="43.231557" lon="40.379291">
        <ele>40.003441</ele>
        <time>2026-08-25T12:32:33.727Z</time>
      </trkpt>
      <trkpt lat="43.231235" lon="40.380786">
        <ele>40.279238</ele>
        <time>2026-08-25T12:32:47.832Z</time>
      </trkpt>
      <trkpt lat="43.230879" lon="40.382392">
        <ele>40.523102</ele>
        <time>2026-08-25T12:33:02.713Z</time>
      </trkpt>
      <trkpt lat="43.230792" lon="40.382809">
        <ele>40.582714</ele>
        <time>2026-08-25T12:33:06.735Z</time>
      </trkpt>
      <trkpt lat="43.230607" lon="40.383233">
        <ele>40.650634</ele>
        <time>2026-08-25T12:33:11.288Z</time>
      </trkpt>
      <trkpt lat="43.230429" lon="40.383464">
        <ele>40.766270</ele>
        <time>2026-08-25T12:33:14.260Z</time>
      </trkpt>
      <trkpt lat="43.230066" lon="40.383743">
        <ele>41.126080</ele>
        <time>2026-08-25T12:33:19.514Z</time>
      </trkpt>
      <trkpt lat="43.229685" lon="40.384107">
        <ele>41.527554</ele>
        <time>2026-08-25T12:33:26.234Z</time>
      </trkpt>
      <trkpt lat="43.229906" lon="40.384141">
        <ele>41.719881</ele>
        <time>2026-08-25T12:33:29.669Z</time>
      </trkpt>
      <trkpt lat="43.230035" lon="40.384194">
        <ele>41.836336</ele>
        <time>2026-08-25T12:33:31.791Z</time>
      </trkpt>
      <trkpt lat="43.230144" lon="40.384260">
        <ele>41.939370</ele>
        <time>2026-08-25T12:33:33.724Z</time>
      </trkpt>
      <trkpt lat="43.230229" lon="40.384383">
        <ele>42.046192</ele>
        <time>2026-08-25T12:33:35.725Z</time>
      </trkpt>
      <trkpt lat="43.230299" lon="40.384554">
        <ele>42.169786</ele>
        <time>2026-08-25T12:33:38.098Z</time>
      </trkpt>
      <trkpt lat="43.230342" lon="40.384733">
        <ele>42.283601</ele>
        <time>2026-08-25T12:33:40.371Z</time>
      </trkpt>
      <trkpt lat="43.230314" lon="40.385076">
        <ele>42.481705</ele>
        <time>2026-08-25T12:33:44.524Z</time>
      </trkpt>
      <trkpt lat="43.230094" lon="40.386022">
        <ele>43.051672</ele>
        <time>2026-08-25T12:33:56.376Z</time>
      </trkpt>
      <trkpt lat="43.229935" lon="40.386626">
        <ele>43.420286</ele>
        <time>2026-08-25T12:34:02.752Z</time>
      </trkpt>
      <trkpt lat="43.229621" lon="40.387686">
        <ele>43.300829</ele>
        <time>2026-08-25T12:34:11.543Z</time>
      </trkpt>
      <trkpt lat="43.229254" lon="40.388753">
        <ele>42.747328</ele>
        <time>2026-08-25T12:34:20.127Z</time>
      </trkpt>
      <trkpt lat="43.228711" lon="40.390145">
        <ele>41.902963</ele>
        <time>2026-08-25T12:34:31.752Z</time>
      </trkpt>
      <trkpt lat="43.227803" lon="40.392477">
        <ele>40.674014</ele>
        <time>2026-08-25T12:34:51.241Z</time>
      </trkpt>
      <trkpt lat="43.226150" lon="40.396788">
        <ele>39.824316</ele>
        <time>2026-08-25T12:35:31.654Z</time>
      </trkpt>
      <trkpt lat="43.225505" lon="40.398426">
        <ele>39.920095</ele>
        <time>2026-08-25T12:35:47.209Z</time>
      </trkpt>
      <trkpt lat="43.225409" lon="40.398671">
        <ele>40.039420</ele>
        <time>2026-08-25T12:35:49.670Z</time>
      </trkpt>
      <trkpt lat="43.224738" lon="40.400471">
        <ele>41.306335</ele>
        <time>2026-08-25T12:36:10.983Z</time>
      </trkpt>
      <trkpt lat="43.224454" lon="40.401392">
        <ele>42.816681</ele>
        <time>2026-08-25T12:36:24.910Z</time>
      </trkpt>
      <trkpt lat="43.224179" lon="40.402541">
        <ele>44.604822</ele>
        <time>2026-08-25T12:36:42.750Z</time>
      </trkpt>
      <trkpt lat="43.223968" lon="40.403673">
        <ele>45.964743</ele>
        <time>2026-08-25T12:36:58.231Z</time>
      </trkpt>
      <trkpt lat="43.223513" lon="40.406833">
        <ele>49.040290</ele>
        <time>2026-08-25T12:37:33.575Z</time>
      </trkpt>
      <trkpt lat="43.223498" lon="40.407379">
        <ele>49.544624</ele>
        <time>2026-08-25T12:37:40.256Z</time>
      </trkpt>
      <trkpt lat="43.223511" lon="40.407737">
        <ele>50.004396</ele>
        <time>2026-08-25T12:37:44.848Z</time>
      </trkpt>
      <trkpt lat="43.223652" lon="40.409022">
        <ele>51.671231</ele>
        <time>2026-08-25T12:38:01.939Z</time>
      </trkpt>
      <trkpt lat="43.223664" lon="40.409124">
        <ele>51.803759</ele>
        <time>2026-08-25T12:38:03.280Z</time>
      </trkpt>
      <trkpt lat="43.223759" lon="40.410017">
        <ele>52.903944</ele>
        <time>2026-08-25T12:38:14.611Z</time>
      </trkpt>
      <trkpt lat="43.223803" lon="40.410879">
        <ele>53.849881</ele>
        <time>2026-08-25T12:38:24.903Z</time>
      </trkpt>
      <trkpt lat="43.223694" lon="40.415611">
        <ele>59.176798</ele>
        <time>2026-08-25T12:39:21.941Z</time>
      </trkpt>
      <trkpt lat="43.223692" lon="40.415714">
        <ele>59.314965</ele>
        <time>2026-08-25T12:39:23.244Z</time>
      </trkpt>
      <trkpt lat="43.223645" lon="40.416614">
        <ele>60.524919</ele>
        <time>2026-08-25T12:39:35.083Z</time>
      </trkpt>
      <trkpt lat="43.223509" lon="40.417894">
        <ele>62.886058</ele>
        <time>2026-08-25T12:39:53.514Z</time>
      </trkpt>
      <trkpt lat="43.223343" lon="40.418695">
        <ele>64.656919</ele>
        <time>2026-08-25T12:40:06.299Z</time>
      </trkpt>
      <trkpt lat="43.222993" lon="40.419946">
        <ele>67.870993</ele>
        <time>2026-08-25T12:40:28.536Z</time>
      </trkpt>
      <trkpt lat="43.222675" lon="40.421140">
        <ele>71.497132</ele>
        <time>2026-08-25T12:40:51.912Z</time>
      </trkpt>
      <trkpt lat="43.222624" lon="40.421334">
        <ele>72.085412</ele>
        <time>2026-08-25T12:40:55.799Z</time>
      </trkpt>
      <trkpt lat="43.222301" lon="40.422541">
        <ele>75.180142</ele>
        <time>2026-08-25T12:41:18.853Z</time>
      </trkpt>
      <trkpt lat="43.221906" lon="40.423721">
        <ele>77.950766</ele>
        <time>2026-08-25T12:41:36.015Z</time>
      </trkpt>
      <trkpt lat="43.221543" lon="40.424680">
        <ele>81.812032</ele>
        <time>2026-08-25T12:41:52.165Z</time>
      </trkpt>
      <trkpt lat="43.220512" lon="40.427502">
        <ele>98.751627</ele>
        <time>2026-08-25T12:43:14.426Z</time>
      </trkpt>
      <trkpt lat="43.219812" lon="40.429182">
        <ele>110.935819</ele>
        <time>2026-08-25T12:44:23.179Z</time>
      </trkpt>
      <trkpt lat="43.219775" lon="40.429275">
        <ele>111.553601</ele>
        <time>2026-08-25T12:44:26.856Z</time>
      </trkpt>
      <trkpt lat="43.219408" lon="40.430267">
        <ele>118.040134</ele>
        <time>2026-08-25T12:44:58.117Z</time>
      </trkpt>
      <trkpt lat="43.219350" lon="40.430507">
        <ele>119.514401</ele>
        <time>2026-08-25T12:45:02.826Z</time>
      </trkpt>
      <trkpt lat="43.219304" lon="40.430851">
        <ele>119.878799</ele>
        <time>2026-08-25T12:45:07.838Z</time>
      </trkpt>
      <trkpt lat="43.219295" lon="40.431168">
        <ele>119.274461</ele>
        <time>2026-08-25T12:45:10.890Z</time>
      </trkpt>
      <trkpt lat="43.219451" lon="40.433318">
        <ele>115.103056</ele>
        <time>2026-08-25T12:45:22.882Z</time>
      </trkpt>
      <trkpt lat="43.219415" lon="40.433982">
        <ele>113.671466</ele>
        <time>2026-08-25T12:45:26.563Z</time>
      </trkpt>
      <trkpt lat="43.219265" lon="40.434484">
        <ele>112.504923</ele>
        <time>2026-08-25T12:45:29.733Z</time>
      </trkpt>
      <trkpt lat="43.219136" lon="40.434804">
        <ele>111.718644</ele>
        <time>2026-08-25T12:45:32.011Z</time>
      </trkpt>
      <trkpt lat="43.218657" lon="40.435804">
        <ele>109.731575</ele>
        <time>2026-08-25T12:45:40.961Z</time>
      </trkpt>
      <trkpt lat="43.218547" lon="40.436157">
        <ele>109.331461</ele>
        <time>2026-08-25T12:45:44.119Z</time>
      </trkpt>
      <trkpt lat="43.218515" lon="40.436440">
        <ele>109.032993</ele>
        <time>2026-08-25T12:45:46.270Z</time>
      </trkpt>
      <trkpt lat="43.218511" lon="40.436723">
        <ele>108.737999</ele>
        <time>2026-08-25T12:45:48.240Z</time>
      </trkpt>
      <trkpt lat="43.218539" lon="40.436934">
        <ele>108.514481</ele>
        <time>2026-08-25T12:45:49.659Z</time>
      </trkpt>
      <trkpt lat="43.218545" lon="40.436978">
        <ele>108.467829</ele>
        <time>2026-08-25T12:45:49.947Z</time>
      </trkpt>
      <trkpt lat="43.218608" lon="40.437279">
        <ele>108.141449</ele>
        <time>2026-08-25T12:45:51.928Z</time>
      </trkpt>
      <trkpt lat="43.218680" lon="40.437499">
        <ele>107.890108</ele>
        <time>2026-08-25T12:45:53.414Z</time>
      </trkpt>
      <trkpt lat="43.218772" lon="40.437690">
        <ele>107.628025</ele>
        <time>2026-08-25T12:45:54.802Z</time>
      </trkpt>
      <trkpt lat="43.219050" lon="40.438028">
        <ele>106.885353</ele>
        <time>2026-08-25T12:45:57.836Z</time>
      </trkpt>
      <trkpt lat="43.219212" lon="40.438181">
        <ele>106.492123</ele>
        <time>2026-08-25T12:45:59.424Z</time>
      </trkpt>
      <trkpt lat="43.219421" lon="40.438313">
        <ele>106.032083</ele>
        <time>2026-08-25T12:46:01.288Z</time>
      </trkpt>
      <trkpt lat="43.220665" lon="40.438959">
        <ele>104.876003</ele>
        <time>2026-08-25T12:46:13.681Z</time>
      </trkpt>
      <trkpt lat="43.220831" lon="40.439081">
        <ele>105.262936</ele>
        <time>2026-08-25T12:46:16.541Z</time>
      </trkpt>
      <trkpt lat="43.221100" lon="40.439340">
        <ele>105.938155</ele>
        <time>2026-08-25T12:46:22.442Z</time>
      </trkpt>
      <trkpt lat="43.221616" lon="40.440087">
        <ele>107.479344</ele>
        <time>2026-08-25T12:46:39.951Z</time>
      </trkpt>
      <trkpt lat="43.222051" lon="40.440707">
        <ele>110.036496</ele>
        <time>2026-08-25T12:46:56.725Z</time>
      </trkpt>
      <trkpt lat="43.222244" lon="40.440920">
        <ele>111.219082</ele>
        <time>2026-08-25T12:47:03.409Z</time>
      </trkpt>
      <trkpt lat="43.222615" lon="40.441187">
        <ele>113.219372</ele>
        <time>2026-08-25T12:47:14.723Z</time>
      </trkpt>
      <trkpt lat="43.223402" lon="40.441614">
        <ele>117.242393</ele>
        <time>2026-08-25T12:47:38.459Z</time>
      </trkpt>
      <trkpt lat="43.223628" lon="40.441783">
        <ele>118.445910</ele>
        <time>2026-08-25T12:47:46.109Z</time>
      </trkpt>
      <trkpt lat="43.223780" lon="40.441940">
        <ele>119.335510</ele>
        <time>2026-08-25T12:47:51.664Z</time>
      </trkpt>
      <trkpt lat="43.224050" lon="40.442338">
        <ele>121.188400</ele>
        <time>2026-08-25T12:48:02.955Z</time>
      </trkpt>
      <trkpt lat="43.224162" lon="40.442530">
        <ele>122.026432</ele>
        <time>2026-08-25T12:48:07.912Z</time>
      </trkpt>
      <trkpt lat="43.224291" lon="40.442838">
        <ele>123.236921</ele>
        <time>2026-08-25T12:48:14.882Z</time>
      </trkpt>
      <trkpt lat="43.224750" lon="40.444688">
        <ele>128.442544</ele>
        <time>2026-08-25T12:48:46.318Z</time>
      </trkpt>
      <trkpt lat="43.225006" lon="40.445355">
        <ele>130.277359</ele>
        <time>2026-08-25T12:48:58.296Z</time>
      </trkpt>
      <trkpt lat="43.225506" lon="40.446377">
        <ele>132.746639</ele>
        <time>2026-08-25T12:49:19.914Z</time>
      </trkpt>
      <trkpt lat="43.225757" lon="40.447055">
        <ele>134.200702</ele>
        <time>2026-08-25T12:49:33.241Z</time>
      </trkpt>
      <trkpt lat="43.226036" lon="40.448151">
        <ele>134.260049</ele>
        <time>2026-08-25T12:49:45.212Z</time>
      </trkpt>
      <trkpt lat="43.226077" lon="40.448310">
        <ele>133.794673</ele>
        <time>2026-08-25T12:49:46.291Z</time>
      </trkpt>
      <trkpt lat="43.226134" lon="40.448487">
        <ele>133.260723</ele>
        <time>2026-08-25T12:49:47.478Z</time>
      </trkpt>
      <trkpt lat="43.226236" lon="40.448972">
        <ele>131.867884</ele>
        <time>2026-08-25T12:49:50.367Z</time>
      </trkpt>
      <trkpt lat="43.226440" lon="40.449619">
        <ele>129.922716</ele>
        <time>2026-08-25T12:49:54.157Z</time>
      </trkpt>
      <trkpt lat="43.226796" lon="40.450280">
        <ele>126.603311</ele>
        <time>2026-08-25T12:49:58.442Z</time>
      </trkpt>
      <trkpt lat="43.227351" lon="40.451185">
        <ele>120.133814</ele>
        <time>2026-08-25T12:50:04.537Z</time>
      </trkpt>
      <trkpt lat="43.227438" lon="40.451442">
        <ele>118.583920</ele>
        <time>2026-08-25T12:50:06.000Z</time>
      </trkpt>
      <trkpt lat="43.227539" lon="40.451880">
        <ele>116.071285</ele>
        <time>2026-08-25T12:50:08.373Z</time>
      </trkpt>
      <trkpt lat="43.227530" lon="40.452274">
        <ele>114.176388</ele>
        <time>2026-08-25T12:50:10.418Z</time>
      </trkpt>
      <trkpt lat="43.227495" lon="40.452514">
        <ele>113.104683</ele>
        <time>2026-08-25T12:50:11.685Z</time>
      </trkpt>
      <trkpt lat="43.227070" lon="40.454376">
        <ele>104.561047</ele>
        <time>2026-08-25T12:50:22.146Z</time>
      </trkpt>
      <trkpt lat="43.225609" lon="40.459896">
        <ele>89.220592</ele>
        <time>2026-08-25T12:50:56.276Z</time>
      </trkpt>
      <trkpt lat="43.225560" lon="40.460016">
        <ele>88.927112</ele>
        <time>2026-08-25T12:50:57.091Z</time>
      </trkpt>
      <trkpt lat="43.225425" lon="40.460415">
        <ele>87.988547</ele>
        <time>2026-08-25T12:50:59.730Z</time>
      </trkpt>
      <trkpt lat="43.225249" lon="40.460737">
        <ele>87.129759</ele>
        <time>2026-08-25T12:51:02.174Z</time>
      </trkpt>
      <trkpt lat="43.225014" lon="40.461021">
        <ele>86.212924</ele>
        <time>2026-08-25T12:51:04.822Z</time>
      </trkpt>
      <trkpt lat="43.223036" lon="40.462641">
        <ele>80.949531</ele>
        <time>2026-08-25T12:51:25.023Z</time>
      </trkpt>
      <trkpt lat="43.222736" lon="40.462943">
        <ele>79.879797</ele>
        <time>2026-08-25T12:51:28.020Z</time>
      </trkpt>
      <trkpt lat="43.222498" lon="40.463356">
        <ele>78.776633</ele>
        <time>2026-08-25T12:51:31.083Z</time>
      </trkpt>
      <trkpt lat="43.222330" lon="40.463747">
        <ele>77.825635</ele>
        <time>2026-08-25T12:51:33.755Z</time>
      </trkpt>
      <trkpt lat="43.222269" lon="40.463941">
        <ele>77.382954</ele>
        <time>2026-08-25T12:51:35.006Z</time>
      </trkpt>
      <trkpt lat="43.222173" lon="40.464251">
        <ele>76.772039</ele>
        <time>2026-08-25T12:51:37.014Z</time>
      </trkpt>
      <trkpt lat="43.221888" lon="40.465339">
        <ele>75.366616</ele>
        <time>2026-08-25T12:51:44.311Z</time>
      </trkpt>
      <trkpt lat="43.221725" lon="40.466075">
        <ele>74.431528</ele>
        <time>2026-08-25T12:51:49.989Z</time>
      </trkpt>
      <trkpt lat="43.221397" lon="40.467560">
        <ele>72.789707</ele>
        <time>2026-08-25T12:52:01.233Z</time>
      </trkpt>
      <trkpt lat="43.221277" lon="40.468016">
        <ele>72.306489</ele>
        <time>2026-08-25T12:52:04.523Z</time>
      </trkpt>
      <trkpt lat="43.221145" lon="40.468496">
        <ele>71.795145</ele>
        <time>2026-08-25T12:52:07.881Z</time>
      </trkpt>
      <trkpt lat="43.220936" lon="40.469016">
        <ele>71.173271</ele>
        <time>2026-08-25T12:52:11.652Z</time>
      </trkpt>
      <trkpt lat="43.220531" lon="40.469711">
        <ele>70.175168</ele>
        <time>2026-08-25T12:52:17.285Z</time>
      </trkpt>
      <trkpt lat="43.220197" lon="40.470195">
        <ele>69.427527</ele>
        <time>2026-08-25T12:52:21.698Z</time>
      </trkpt>
      <trkpt lat="43.219984" lon="40.470476">
        <ele>68.972761</ele>
        <time>2026-08-25T12:52:24.504Z</time>
      </trkpt>
      <trkpt lat="43.219271" lon="40.471526">
        <ele>68.518328</ele>
        <time>2026-08-25T12:52:35.896Z</time>
      </trkpt>
      <trkpt lat="43.218439" lon="40.473291">
        <ele>67.892975</ele>
        <time>2026-08-25T12:52:54.901Z</time>
      </trkpt>
      <trkpt lat="43.217254" lon="40.475961">
        <ele>64.431596</ele>
        <time>2026-08-25T12:53:16.453Z</time>
      </trkpt>
      <trkpt lat="43.216861" lon="40.477131">
        <ele>61.959009</ele>
        <time>2026-08-25T12:53:23.872Z</time>
      </trkpt>
      <trkpt lat="43.216734" lon="40.477803">
        <ele>60.149551</ele>
        <time>2026-08-25T12:53:27.691Z</time>
      </trkpt>
      <trkpt lat="43.216677" lon="40.478277">
        <ele>58.897394</ele>
        <time>2026-08-25T12:53:30.421Z</time>
      </trkpt>
      <trkpt lat="43.216603" lon="40.479159">
        <ele>56.583331</ele>
        <time>2026-08-25T12:53:35.660Z</time>
      </trkpt>
      <trkpt lat="43.216591" lon="40.479317">
        <ele>56.220188</ele>
        <time>2026-08-25T12:53:36.671Z</time>
      </trkpt>
      <trkpt lat="43.216486" lon="40.480971">
        <ele>54.346616</ele>
        <time>2026-08-25T12:53:47.969Z</time>
      </trkpt>
      <trkpt lat="43.216310" lon="40.481803">
        <ele>53.407275</ele>
        <time>2026-08-25T12:53:53.966Z</time>
      </trkpt>
      <trkpt lat="43.215977" lon="40.482834">
        <ele>52.599201</ele>
        <time>2026-08-25T12:54:01.712Z</time>
      </trkpt>
      <trkpt lat="43.214429" lon="40.485956">
        <ele>50.824109</ele>
        <time>2026-08-25T12:54:29.967Z</time>
      </trkpt>
      <trkpt lat="43.214069" lon="40.486879">
        <ele>50.890964</ele>
        <time>2026-08-25T12:54:41.002Z</time>
      </trkpt>
      <trkpt lat="43.213405" lon="40.488434">
        <ele>50.236665</ele>
        <time>2026-08-25T12:54:57.197Z</time>
      </trkpt>
      <trkpt lat="43.212879" lon="40.489773">
        <ele>47.685512</ele>
        <time>2026-08-25T12:55:06.381Z</time>
      </trkpt>
      <trkpt lat="43.212727" lon="40.490140">
        <ele>46.977548</ele>
        <time>2026-08-25T12:55:08.802Z</time>
      </trkpt>
      <trkpt lat="43.212258" lon="40.491062">
        <ele>44.933290</ele>
        <time>2026-08-25T12:55:15.426Z</time>
      </trkpt>
      <trkpt lat="43.211820" lon="40.491743">
        <ele>43.271763</ele>
        <time>2026-08-25T12:55:21.118Z</time>
      </trkpt>
      <trkpt lat="43.209418" lon="40.494540">
        <ele>38.043786</ele>
        <time>2026-08-25T12:55:50.337Z</time>
      </trkpt>
      <trkpt lat="43.209165" lon="40.494884">
        <ele>37.441343</ele>
        <time>2026-08-25T12:55:53.471Z</time>
      </trkpt>
      <trkpt lat="43.209118" lon="40.494926">
        <ele>37.346475</ele>
        <time>2026-08-25T12:55:53.962Z</time>
      </trkpt>
      <trkpt lat="43.208922" lon="40.495243">
        <ele>36.834024</ele>
        <time>2026-08-25T12:55:56.606Z</time>
      </trkpt>
      <trkpt lat="43.208746" lon="40.495649">
        <ele>36.391550</ele>
        <time>2026-08-25T12:55:59.617Z</time>
      </trkpt>
      <trkpt lat="43.208603" lon="40.496084">
        <ele>36.010103</ele>
        <time>2026-08-25T12:56:02.713Z</time>
      </trkpt>
      <trkpt lat="43.208545" lon="40.496603">
        <ele>35.590391</ele>
        <time>2026-08-25T12:56:06.265Z</time>
      </trkpt>
      <trkpt lat="43.208533" lon="40.497093">
        <ele>35.198488</ele>
        <time>2026-08-25T12:56:09.882Z</time>
      </trkpt>
      <trkpt lat="43.208595" lon="40.497650">
        <ele>34.748087</ele>
        <time>2026-08-25T12:56:14.512Z</time>
      </trkpt>
      <trkpt lat="43.208900" lon="40.498820">
        <ele>34.085199</ele>
        <time>2026-08-25T12:56:25.300Z</time>
      </trkpt>
      <trkpt lat="43.208947" lon="40.499303">
        <ele>33.835244</ele>
        <time>2026-08-25T12:56:29.075Z</time>
      </trkpt>
      <trkpt lat="43.208955" lon="40.499689">
        <ele>33.637163</ele>
        <time>2026-08-25T12:56:31.820Z</time>
      </trkpt>
      <trkpt lat="43.208932" lon="40.500215">
        <ele>33.280719</ele>
        <time>2026-08-25T12:56:35.307Z</time>
      </trkpt>
      <trkpt lat="43.208846" lon="40.500644">
        <ele>32.607795</ele>
        <time>2026-08-25T12:56:38.101Z</time>
      </trkpt>
      <trkpt lat="43.208131" lon="40.502718">
        <ele>29.543714</ele>
        <time>2026-08-25T12:56:52.410Z</time>
      </trkpt>
      <trkpt lat="43.208022" lon="40.502968">
        <ele>29.433691</ele>
        <time>2026-08-25T12:56:54.493Z</time>
      </trkpt>
      <trkpt lat="43.207914" lon="40.503252">
        <ele>29.312710</ele>
        <time>2026-08-25T12:56:56.892Z</time>
      </trkpt>
      <trkpt lat="43.207706" lon="40.503709">
        <ele>29.109225</ele>
        <time>2026-08-25T12:57:01.369Z</time>
      </trkpt>
      <trkpt lat="43.206909" lon="40.505303">
        <ele>28.621986</ele>
        <time>2026-08-25T12:57:19.782Z</time>
      </trkpt>
      <trkpt lat="43.206572" lon="40.505917">
        <ele>28.523425</ele>
        <time>2026-08-25T12:57:26.157Z</time>
      </trkpt>
      <trkpt lat="43.204707" lon="40.509706">
        <ele>26.159255</ele>
        <time>2026-08-25T12:57:59.509Z</time>
      </trkpt>
      <trkpt lat="43.204203" lon="40.510700">
        <ele>25.526482</ele>
        <time>2026-08-25T12:58:08.390Z</time>
      </trkpt>
      <trkpt lat="43.204000" lon="40.511033">
        <ele>25.481165</ele>
        <time>2026-08-25T12:58:11.699Z</time>
      </trkpt>
      <trkpt lat="43.199929" lon="40.515987">
        <ele>25.020905</ele>
        <time>2026-08-25T12:59:15.330Z</time>
      </trkpt>
      <trkpt lat="43.198225" lon="40.518065">
        <ele>24.784388</ele>
        <time>2026-08-25T12:59:44.184Z</time>
      </trkpt>
      <trkpt lat="43.195699" lon="40.520996">
        <ele>22.624241</ele>
        <time>2026-08-25T13:00:15.241Z</time>
      </trkpt>
      <trkpt lat="43.192922" lon="40.524397">
        <ele>28.652676</ele>
        <time>2026-08-25T13:01:26.491Z</time>
      </trkpt>
      <trkpt lat="43.192508" lon="40.525191">
        <ele>29.479008</ele>
        <time>2026-08-25T13:01:37.550Z</time>
      </trkpt>
      <trkpt lat="43.192367" lon="40.525610">
        <ele>29.806377</ele>
        <time>2026-08-25T13:01:41.525Z</time>
      </trkpt>
      <trkpt lat="43.192064" lon="40.527123">
        <ele>27.298044</ele>
        <time>2026-08-25T13:01:51.586Z</time>
      </trkpt>
      <trkpt lat="43.191861" lon="40.527810">
        <ele>26.112998</ele>
        <time>2026-08-25T13:01:55.932Z</time>
      </trkpt>
      <trkpt lat="43.191624" lon="40.528228">
        <ele>25.049768</ele>
        <time>2026-08-25T13:01:59.019Z</time>
      </trkpt>
      <trkpt lat="43.191306" lon="40.528644">
        <ele>23.758545</ele>
        <time>2026-08-25T13:02:02.534Z</time>
      </trkpt>
      <trkpt lat="43.189577" lon="40.530017">
        <ele>19.028689</ele>
        <time>2026-08-25T13:02:19.309Z</time>
      </trkpt>
      <trkpt lat="43.189486" lon="40.530084">
        <ele>18.851967</ele>
        <time>2026-08-25T13:02:20.243Z</time>
      </trkpt>
      <trkpt lat="43.187309" lon="40.531680">
        <ele>16.912778</ele>
        <time>2026-08-25T13:02:45.881Z</time>
      </trkpt>
      <trkpt lat="43.186589" lon="40.532227">
        <ele>17.149778</ele>
        <time>2026-08-25T13:02:58.134Z</time>
      </trkpt>
      <trkpt lat="43.186182" lon="40.532581">
        <ele>17.330457</ele>
        <time>2026-08-25T13:03:05.364Z</time>
      </trkpt>
      <trkpt lat="43.185791" lon="40.532967">
        <ele>17.511066</ele>
        <time>2026-08-25T13:03:11.753Z</time>
      </trkpt>
      <trkpt lat="43.184391" lon="40.534528">
        <ele>15.523039</ele>
        <time>2026-08-25T13:03:28.834Z</time>
      </trkpt>
      <trkpt lat="43.183779" lon="40.535068">
        <ele>14.700565</ele>
        <time>2026-08-25T13:03:35.284Z</time>
      </trkpt>
      <trkpt lat="43.183578" lon="40.535187">
        <ele>14.455485</ele>
        <time>2026-08-25T13:03:37.268Z</time>
      </trkpt>
      <trkpt lat="43.181663" lon="40.536087">
        <ele>12.872069</ele>
        <time>2026-08-25T13:03:58.276Z</time>
      </trkpt>
      <trkpt lat="43.180139" lon="40.536765">
        <ele>12.147394</ele>
        <time>2026-08-25T13:04:16.160Z</time>
      </trkpt>
      <trkpt lat="43.180078" lon="40.536791">
        <ele>12.120050</ele>
        <time>2026-08-25T13:04:16.816Z</time>
      </trkpt>
      <trkpt lat="43.179172" lon="40.537189">
        <ele>11.704414</ele>
        <time>2026-08-25T13:04:26.639Z</time>
      </trkpt>
      <trkpt lat="43.178639" lon="40.537513">
        <ele>11.400451</ele>
        <time>2026-08-25T13:04:32.717Z</time>
      </trkpt>
      <trkpt lat="43.178115" lon="40.537873">
        <ele>11.094890</ele>
        <time>2026-08-25T13:04:39.018Z</time>
      </trkpt>
      <trkpt lat="43.177284" lon="40.538529">
        <ele>10.624570</ele>
        <time>2026-08-25T13:04:49.252Z</time>
      </trkpt>
      <trkpt lat="43.175902" lon="40.539642">
        <ele>10.120350</ele>
        <time>2026-08-25T13:05:06.179Z</time>
      </trkpt>
      <trkpt lat="43.175446" lon="40.540019">
        <ele>10.400453</ele>
        <time>2026-08-25T13:05:12.912Z</time>
      </trkpt>
      <trkpt lat="43.175058" lon="40.540328">
        <ele>10.636485</ele>
        <time>2026-08-25T13:05:19.456Z</time>
      </trkpt>
      <trkpt lat="43.174052" lon="40.540980">
        <ele>11.050199</ele>
        <time>2026-08-25T13:05:36.680Z</time>
      </trkpt>
      <trkpt lat="43.172541" lon="40.541526">
        <ele>11.080431</ele>
        <time>2026-08-25T13:05:54.720Z</time>
      </trkpt>
      <trkpt lat="43.171370" lon="40.541889">
        <ele>10.147740</ele>
        <time>2026-08-25T13:06:05.882Z</time>
      </trkpt>
      <trkpt lat="43.169629" lon="40.542500">
        <ele>10.326775</ele>
        <time>2026-08-25T13:06:28.197Z</time>
      </trkpt>
      <trkpt lat="43.169193" lon="40.542603">
        <ele>10.478537</ele>
        <time>2026-08-25T13:06:35.012Z</time>
      </trkpt>
      <trkpt lat="43.168689" lon="40.542628">
        <ele>10.723899</ele>
        <time>2026-08-25T13:06:42.587Z</time>
      </trkpt>
      <trkpt lat="43.167829" lon="40.542439">
        <ele>11.147638</ele>
        <time>2026-08-25T13:06:54.556Z</time>
      </trkpt>
      <trkpt lat="43.167439" lon="40.542348">
        <ele>11.249690</ele>
        <time>2026-08-25T13:06:59.029Z</time>
      </trkpt>
      <trkpt lat="43.164634" lon="40.541689">
        <ele>10.041363</ele>
        <time>2026-08-25T13:07:29.038Z</time>
      </trkpt>
      <trkpt lat="43.162621" lon="40.541216">
        <ele>9.930588</ele>
        <time>2026-08-25T13:07:51.910Z</time>
      </trkpt>
      <trkpt lat="43.161674" lon="40.541124">
        <ele>10.410791</ele>
        <time>2026-08-25T13:08:06.330Z</time>
      </trkpt>
      <trkpt lat="43.161197" lon="40.541182">
        <ele>10.796991</ele>
        <time>2026-08-25T13:08:13.886Z</time>
      </trkpt>
      <trkpt lat="43.160729" lon="40.541300">
        <ele>11.180753</ele>
        <time>2026-08-25T13:08:20.781Z</time>
      </trkpt>
      <trkpt lat="43.160147" lon="40.541534">
        <ele>11.590733</ele>
        <time>2026-08-25T13:08:28.588Z</time>
      </trkpt>
      <trkpt lat="43.159299" lon="40.542106">
        <ele>12.105197</ele>
        <time>2026-08-25T13:08:40.186Z</time>
      </trkpt>
      <trkpt lat="43.158889" lon="40.542446">
        <ele>12.366040</ele>
        <time>2026-08-25T13:08:47.091Z</time>
      </trkpt>
      <trkpt lat="43.157700" lon="40.543683">
        <ele>14.333976</ele>
        <time>2026-08-25T13:09:12.834Z</time>
      </trkpt>
      <trkpt lat="43.157605" lon="40.543795">
        <ele>14.504119</ele>
        <time>2026-08-25T13:09:14.994Z</time>
      </trkpt>
      <trkpt lat="43.153284" lon="40.548248">
        <ele>17.682576</ele>
        <time>2026-08-25T13:10:30.139Z</time>
      </trkpt>
      <trkpt lat="43.152228" lon="40.549258">
        <ele>17.188610</ele>
        <time>2026-08-25T13:10:42.298Z</time>
      </trkpt>
      <trkpt lat="43.151296" lon="40.549896">
        <ele>16.995489</ele>
        <time>2026-08-25T13:10:54.738Z</time>
      </trkpt>
      <trkpt lat="43.149853" lon="40.550831">
        <ele>18.056333</ele>
        <time>2026-08-25T13:11:19.474Z</time>
      </trkpt>
      <trkpt lat="43.145915" lon="40.553287">
        <ele>15.855393</ele>
        <time>2026-08-25T13:12:04.458Z</time>
      </trkpt>
      <trkpt lat="43.143830" lon="40.554562">
        <ele>14.695541</ele>
        <time>2026-08-25T13:12:27.869Z</time>
      </trkpt>
      <trkpt lat="43.142966" lon="40.555146">
        <ele>14.917614</ele>
        <time>2026-08-25T13:12:40.077Z</time>
      </trkpt>
      <trkpt lat="43.140607" lon="40.556723">
        <ele>17.319802</ele>
        <time>2026-08-25T13:13:21.478Z</time>
      </trkpt>
      <trkpt lat="43.138523" lon="40.558151">
        <ele>18.357264</ele>
        <time>2026-08-25T13:13:50.920Z</time>
      </trkpt>
      <trkpt lat="43.137630" lon="40.558761">
        <ele>18.846183</ele>
        <time>2026-08-25T13:14:04.415Z</time>
      </trkpt>
      <trkpt lat="43.136164" lon="40.559762">
        <ele>19.372835</ele>
        <time>2026-08-25T13:14:26.667Z</time>
      </trkpt>
      <trkpt lat="43.136829" lon="40.561840">
        <ele>19.633201</ele>
        <time>2026-08-25T13:14:52.513Z</time>
      </trkpt>
      <trkpt lat="43.136910" lon="40.562220">
        <ele>19.674213</ele>
        <time>2026-08-25T13:14:57.119Z</time>
      </trkpt>
      <trkpt lat="43.137177" lon="40.562892">
        <ele>19.753481</ele>
        <time>2026-08-25T13:15:06.564Z</time>
      </trkpt>
      <trkpt lat="43.137344" lon="40.563200">
        <ele>19.831726</ele>
        <time>2026-08-25T13:15:11.587Z</time>
      </trkpt>
      <trkpt lat="43.137943" lon="40.563970">
        <ele>20.650393</ele>
        <time>2026-08-25T13:15:27.525Z</time>
      </trkpt>
      <trkpt lat="43.138626" lon="40.564785">
        <ele>21.553138</ele>
        <time>2026-08-25T13:15:45.617Z</time>
      </trkpt>
      <trkpt lat="43.139057" lon="40.565719">
        <ele>22.419111</ele>
        <time>2026-08-25T13:16:01.271Z</time>
      </trkpt>
      <trkpt lat="43.139779" lon="40.567765">
        <ele>24.405562</ele>
        <time>2026-08-25T13:16:33.838Z</time>
      </trkpt>
      <trkpt lat="43.139959" lon="40.568108">
        <ele>24.834432</ele>
        <time>2026-08-25T13:16:40.559Z</time>
      </trkpt>
      <trkpt lat="43.140805" lon="40.568993">
        <ele>26.149890</ele>
        <time>2026-08-25T13:17:03.421Z</time>
      </trkpt>
      <trkpt lat="43.140904" lon="40.569165">
        <ele>26.248548</ele>
        <time>2026-08-25T13:17:06.569Z</time>
      </trkpt>
      <trkpt lat="43.140965" lon="40.569787">
        <ele>26.531182</ele>
        <time>2026-08-25T13:17:15.051Z</time>
      </trkpt>
      <trkpt lat="43.140963" lon="40.570177">
        <ele>26.706821</ele>
        <time>2026-08-25T13:17:19.922Z</time>
      </trkpt>
      <trkpt lat="43.140924" lon="40.570467">
        <ele>26.839621</ele>
        <time>2026-08-25T13:17:23.436Z</time>
      </trkpt>
      <trkpt lat="43.140603" lon="40.571590">
        <ele>27.399081</ele>
        <time>2026-08-25T13:17:37.606Z</time>
      </trkpt>
      <trkpt lat="43.140551" lon="40.571950">
        <ele>27.574938</ele>
        <time>2026-08-25T13:17:42.326Z</time>
      </trkpt>
      <trkpt lat="43.140894" lon="40.574673">
        <ele>29.452219</ele>
        <time>2026-08-25T13:18:21.386Z</time>
      </trkpt>
      <trkpt lat="43.140966" lon="40.575371">
        <ele>30.106951</ele>
        <time>2026-08-25T13:18:32.157Z</time>
      </trkpt>
      <trkpt lat="43.141208" lon="40.576383">
        <ele>31.230724</ele>
        <time>2026-08-25T13:18:48.668Z</time>
      </trkpt>
      <trkpt lat="43.141478" lon="40.577717">
        <ele>32.864791</ele>
        <time>2026-08-25T13:19:10.075Z</time>
      </trkpt>
      <trkpt lat="43.141580" lon="40.578014">
        <ele>33.252250</ele>
        <time>2026-08-25T13:19:15.280Z</time>
      </trkpt>
      <trkpt lat="43.142063" lon="40.578757">
        <ele>34.519966</ele>
        <time>2026-08-25T13:19:31.172Z</time>
      </trkpt>
      <trkpt lat="43.142271" lon="40.579205">
        <ele>35.210313</ele>
        <time>2026-08-25T13:19:39.672Z</time>
      </trkpt>
      <trkpt lat="43.142668" lon="40.581201">
        <ele>38.268151</ele>
        <time>2026-08-25T13:20:12.623Z</time>
      </trkpt>
      <trkpt lat="43.142782" lon="40.581317">
        <ele>38.599637</ele>
        <time>2026-08-25T13:20:15.878Z</time>
      </trkpt>
      <trkpt lat="43.142884" lon="40.581332">
        <ele>38.839139</ele>
        <time>2026-08-25T13:20:18.265Z</time>
      </trkpt>
      <trkpt lat="43.143387" lon="40.581193">
        <ele>40.037101</ele>
        <time>2026-08-25T13:20:30.612Z</time>
      </trkpt>
      <trkpt lat="43.143525" lon="40.581244">
        <ele>40.370791</ele>
        <time>2026-08-25T13:20:34.190Z</time>
      </trkpt>
      <trkpt lat="43.144506" lon="40.582490">
        <ele>44.193266</ele>
        <time>2026-08-25T13:21:10.379Z</time>
      </trkpt>
      <trkpt lat="43.144754" lon="40.582843">
        <ele>45.254396</ele>
        <time>2026-08-25T13:21:19.706Z</time>
      </trkpt>
      <trkpt lat="43.145082" lon="40.583380">
        <ele>46.620008</ele>
        <time>2026-08-25T13:21:31.646Z</time>
      </trkpt>
      <trkpt lat="43.145509" lon="40.583522">
        <ele>47.545953</ele>
        <time>2026-08-25T13:21:40.863Z</time>
      </trkpt>
      <trkpt lat="43.145933" lon="40.583407">
        <ele>48.456794</ele>
        <time>2026-08-25T13:21:49.796Z</time>
      </trkpt>
      <trkpt lat="43.146237" lon="40.583457">
        <ele>49.102022</ele>
        <time>2026-08-25T13:21:56.469Z</time>
      </trkpt>
      <trkpt lat="43.146504" lon="40.583848">
        <ele>49.925430</ele>
        <time>2026-08-25T13:22:05.825Z</time>
      </trkpt>
      <trkpt lat="43.146603" lon="40.584200">
        <ele>50.910607</ele>
        <time>2026-08-25T13:22:13.043Z</time>
      </trkpt>
      <trkpt lat="43.146360" lon="40.584994">
        <ele>53.388950</ele>
        <time>2026-08-25T13:22:31.390Z</time>
      </trkpt>
      <trkpt lat="43.146349" lon="40.585688">
        <ele>55.387012</ele>
        <time>2026-08-25T13:22:47.250Z</time>
      </trkpt>
      <trkpt lat="43.146378" lon="40.585817">
        <ele>55.775548</ele>
        <time>2026-08-25T13:22:50.285Z</time>
      </trkpt>
      <trkpt lat="43.146578" lon="40.586698">
        <ele>58.563643</ele>
        <time>2026-08-25T13:23:09.885Z</time>
      </trkpt>
      <trkpt lat="43.146844" lon="40.587076">
        <ele>60.229790</ele>
        <time>2026-08-25T13:23:20.327Z</time>
      </trkpt>
      <trkpt lat="43.147095" lon="40.587072">
        <ele>61.321303</ele>
        <time>2026-08-25T13:23:27.284Z</time>
      </trkpt>
      <trkpt lat="43.147751" lon="40.586423">
        <ele>64.839304</ele>
        <time>2026-08-25T13:23:52.556Z</time>
      </trkpt>
      <trkpt lat="43.147932" lon="40.586393">
        <ele>65.647765</ele>
        <time>2026-08-25T13:23:58.832Z</time>
      </trkpt>
      <trkpt lat="43.148061" lon="40.586475">
        <ele>66.280466</ele>
        <time>2026-08-25T13:24:03.759Z</time>
      </trkpt>
      <trkpt lat="43.148351" lon="40.587147">
        <ele>68.814998</ele>
        <time>2026-08-25T13:24:23.005Z</time>
      </trkpt>
      <trkpt lat="43.148608" lon="40.587289">
        <ele>70.047921</ele>
        <time>2026-08-25T13:24:32.024Z</time>
      </trkpt>
      <trkpt lat="43.148840" lon="40.587289">
        <ele>71.080192</ele>
        <time>2026-08-25T13:24:39.131Z</time>
      </trkpt>
      <trkpt lat="43.149508" lon="40.586726">
        <ele>74.005125</ele>
        <time>2026-08-25T13:24:58.640Z</time>
      </trkpt>
      <trkpt lat="43.149780" lon="40.586228">
        <ele>75.316193</ele>
        <time>2026-08-25T13:25:08.157Z</time>
      </trkpt>
      <trkpt lat="43.149950" lon="40.585858">
        <ele>76.237717</ele>
        <time>2026-08-25T13:25:15.546Z</time>
      </trkpt>
      <trkpt lat="43.150119" lon="40.585742">
        <ele>76.783698</ele>
        <time>2026-08-25T13:25:20.340Z</time>
      </trkpt>
      <trkpt lat="43.150235" lon="40.585738">
        <ele>77.118893</ele>
        <time>2026-08-25T13:25:23.414Z</time>
      </trkpt>
      <trkpt lat="43.150351" lon="40.585811">
        <ele>77.487612</ele>
        <time>2026-08-25T13:25:26.933Z</time>
      </trkpt>
      <trkpt lat="43.150411" lon="40.586008">
        <ele>77.937512</ele>
        <time>2026-08-25T13:25:31.457Z</time>
      </trkpt>
      <trkpt lat="43.150367" lon="40.586700">
        <ele>79.623065</ele>
        <time>2026-08-25T13:25:47.359Z</time>
      </trkpt>
      <trkpt lat="43.150571" lon="40.587358">
        <ele>81.398077</ele>
        <time>2026-08-25T13:26:04.585Z</time>
      </trkpt>
      <trkpt lat="43.150724" lon="40.588677">
        <ele>84.173750</ele>
        <time>2026-08-25T13:26:28.867Z</time>
      </trkpt>
      <trkpt lat="43.151182" lon="40.590070">
        <ele>83.273248</ele>
        <time>2026-08-25T13:26:43.615Z</time>
      </trkpt>
      <trkpt lat="43.151282" lon="40.590456">
        <ele>83.031838</ele>
        <time>2026-08-25T13:26:47.270Z</time>
      </trkpt>
      <trkpt lat="43.151489" lon="40.590688">
        <ele>82.821883</ele>
        <time>2026-08-25T13:26:50.697Z</time>
      </trkpt>
      <trkpt lat="43.151706" lon="40.590843">
        <ele>82.764432</ele>
        <time>2026-08-25T13:26:54.007Z</time>
      </trkpt>
      <trkpt lat="43.151809" lon="40.590916">
        <ele>82.737208</ele>
        <time>2026-08-25T13:26:55.649Z</time>
      </trkpt>
      <trkpt lat="43.152803" lon="40.591307">
        <ele>82.494412</ele>
        <time>2026-08-25T13:27:13.418Z</time>
      </trkpt>
      <trkpt lat="43.153527" lon="40.591299">
        <ele>81.835027</ele>
        <time>2026-08-25T13:27:25.536Z</time>
      </trkpt>
      <trkpt lat="43.153703" lon="40.591565">
        <ele>81.385833</ele>
        <time>2026-08-25T13:27:29.140Z</time>
      </trkpt>
      <trkpt lat="43.153894" lon="40.592003">
        <ele>80.747542</ele>
        <time>2026-08-25T13:27:33.900Z</time>
      </trkpt>
      <trkpt lat="43.153897" lon="40.592927">
        <ele>79.591747</ele>
        <time>2026-08-25T13:27:41.950Z</time>
      </trkpt>
      <trkpt lat="43.154076" lon="40.593288">
        <ele>79.008727</ele>
        <time>2026-08-25T13:27:45.700Z</time>
      </trkpt>
      <trkpt lat="43.154612" lon="40.593748">
        <ele>77.776970</ele>
        <time>2026-08-25T13:27:53.445Z</time>
      </trkpt>
      <trkpt lat="43.154991" lon="40.594139">
        <ele>76.853043</ele>
        <time>2026-08-25T13:27:59.613Z</time>
      </trkpt>
      <trkpt lat="43.155418" lon="40.594921">
        <ele>75.807480</ele>
        <time>2026-08-25T13:28:09.083Z</time>
      </trkpt>
      <trkpt lat="43.155414" lon="40.595682">
        <ele>75.785228</ele>
        <time>2026-08-25T13:28:16.635Z</time>
      </trkpt>
      <trkpt lat="43.155706" lon="40.596455">
        <ele>75.759774</ele>
        <time>2026-08-25T13:28:26.389Z</time>
      </trkpt>
      <trkpt lat="43.155982" lon="40.596984">
        <ele>75.945885</ele>
        <time>2026-08-25T13:28:35.841Z</time>
      </trkpt>
      <trkpt lat="43.156659" lon="40.597543">
        <ele>79.479856</ele>
        <time>2026-08-25T13:28:57.472Z</time>
      </trkpt>
      <trkpt lat="43.156925" lon="40.597594">
        <ele>80.680859</ele>
        <time>2026-08-25T13:29:06.453Z</time>
      </trkpt>
      <trkpt lat="43.157407" lon="40.597319">
        <ele>83.015353</ele>
        <time>2026-08-25T13:29:25.304Z</time>
      </trkpt>
      <trkpt lat="43.157615" lon="40.597242">
        <ele>84.020879</ele>
        <time>2026-08-25T13:29:33.272Z</time>
      </trkpt>
      <trkpt lat="43.157844" lon="40.597341">
        <ele>85.328373</ele>
        <time>2026-08-25T13:29:42.078Z</time>
      </trkpt>
      <trkpt lat="43.158349" lon="40.597680">
        <ele>88.390202</ele>
        <time>2026-08-25T13:30:02.029Z</time>
      </trkpt>
      <trkpt lat="43.158590" lon="40.597611">
        <ele>89.730816</ele>
        <time>2026-08-25T13:30:10.465Z</time>
      </trkpt>
      <trkpt lat="43.158692" lon="40.597343">
        <ele>90.931518</ele>
        <time>2026-08-25T13:30:17.881Z</time>
      </trkpt>
      <trkpt lat="43.158719" lon="40.597130">
        <ele>91.790250</ele>
        <time>2026-08-25T13:30:22.981Z</time>
      </trkpt>
      <trkpt lat="43.158863" lon="40.596894">
        <ele>93.012367</ele>
        <time>2026-08-25T13:30:29.921Z</time>
      </trkpt>
      <trkpt lat="43.159104" lon="40.596718">
        <ele>94.196624</ele>
        <time>2026-08-25T13:30:37.859Z</time>
      </trkpt>
      <trkpt lat="43.159280" lon="40.596705">
        <ele>94.840657</ele>
        <time>2026-08-25T13:30:42.712Z</time>
      </trkpt>
      <trkpt lat="43.159314" lon="40.596817">
        <ele>95.164002</ele>
        <time>2026-08-25T13:30:45.114Z</time>
      </trkpt>
      <trkpt lat="43.159252" lon="40.596928">
        <ele>95.536637</ele>
        <time>2026-08-25T13:30:47.865Z</time>
      </trkpt>
      <trkpt lat="43.159208" lon="40.597186">
        <ele>96.242859</ele>
        <time>2026-08-25T13:30:53.007Z</time>
      </trkpt>
      <trkpt lat="43.159273" lon="40.599300">
        <ele>102.630833</ele>
        <time>2026-08-25T13:31:34.898Z</time>
      </trkpt>
      <trkpt lat="43.159433" lon="40.599717">
        <ele>104.429556</ele>
        <time>2026-08-25T13:31:45.860Z</time>
      </trkpt>
      <trkpt lat="43.160203" lon="40.599773">
        <ele>108.464998</ele>
        <time>2026-08-25T13:32:13.366Z</time>
      </trkpt>
      <trkpt lat="43.160570" lon="40.599713">
        <ele>110.531723</ele>
        <time>2026-08-25T13:32:27.378Z</time>
      </trkpt>
      <trkpt lat="43.160983" lon="40.599579">
        <ele>113.105273</ele>
        <time>2026-08-25T13:32:43.296Z</time>
      </trkpt>
      <trkpt lat="43.162052" lon="40.599119">
        <ele>119.899337</ele>
        <time>2026-08-25T13:33:22.678Z</time>
      </trkpt>
      <trkpt lat="43.162955" lon="40.598930">
        <ele>125.230604</ele>
        <time>2026-08-25T13:33:53.693Z</time>
      </trkpt>
      <trkpt lat="43.163717" lon="40.598350">
        <ele>130.294489</ele>
        <time>2026-08-25T13:34:23.513Z</time>
      </trkpt>
      <trkpt lat="43.164215" lon="40.598079">
        <ele>133.594127</ele>
        <time>2026-08-25T13:34:43.737Z</time>
      </trkpt>
      <trkpt lat="43.164384" lon="40.597924">
        <ele>134.864174</ele>
        <time>2026-08-25T13:34:51.438Z</time>
      </trkpt>
      <trkpt lat="43.164504" lon="40.597662">
        <ele>136.273667</ele>
        <time>2026-08-25T13:34:59.915Z</time>
      </trkpt>
      <trkpt lat="43.164624" lon="40.596956">
        <ele>139.576365</ele>
        <time>2026-08-25T13:35:19.538Z</time>
      </trkpt>
      <trkpt lat="43.164717" lon="40.596841">
        <ele>140.358642</ele>
        <time>2026-08-25T13:35:24.137Z</time>
      </trkpt>
      <trkpt lat="43.164999" lon="40.596820">
        <ele>142.122685</ele>
        <time>2026-08-25T13:35:34.444Z</time>
      </trkpt>
      <trkpt lat="43.165328" lon="40.596195">
        <ele>144.453406</ele>
        <time>2026-08-25T13:35:52.613Z</time>
      </trkpt>
      <trkpt lat="43.165287" lon="40.595733">
        <ele>145.853817</ele>
        <time>2026-08-25T13:36:01.645Z</time>
      </trkpt>
      <trkpt lat="43.165391" lon="40.595462">
        <ele>146.775239</ele>
        <time>2026-08-25T13:36:07.481Z</time>
      </trkpt>
      <trkpt lat="43.165572" lon="40.595355">
        <ele>147.588393</ele>
        <time>2026-08-25T13:36:12.723Z</time>
      </trkpt>
      <trkpt lat="43.165786" lon="40.595419">
        <ele>148.491990</ele>
        <time>2026-08-25T13:36:18.581Z</time>
      </trkpt>
      <trkpt lat="43.166134" lon="40.595234">
        <ele>150.109753</ele>
        <time>2026-08-25T13:36:28.818Z</time>
      </trkpt>
      <trkpt lat="43.166566" lon="40.595191">
        <ele>152.202738</ele>
        <time>2026-08-25T13:36:41.576Z</time>
      </trkpt>
      <trkpt lat="43.166901" lon="40.594727">
        <ele>154.503763</ele>
        <time>2026-08-25T13:36:56.746Z</time>
      </trkpt>
      <trkpt lat="43.167315" lon="40.594448">
        <ele>156.732874</ele>
        <time>2026-08-25T13:37:12.780Z</time>
      </trkpt>
      <trkpt lat="43.167512" lon="40.593309">
        <ele>160.272692</ele>
        <time>2026-08-25T13:37:41.649Z</time>
      </trkpt>
      <trkpt lat="43.167754" lon="40.592611">
        <ele>162.380587</ele>
        <time>2026-08-25T13:37:58.126Z</time>
      </trkpt>
      <trkpt lat="43.167926" lon="40.592445">
        <ele>163.167153</ele>
        <time>2026-08-25T13:38:03.624Z</time>
      </trkpt>
      <trkpt lat="43.168208" lon="40.592252">
        <ele>164.345776</ele>
        <time>2026-08-25T13:38:11.148Z</time>
      </trkpt>
      <trkpt lat="43.168422" lon="40.592226">
        <ele>165.056288</ele>
        <time>2026-08-25T13:38:15.780Z</time>
      </trkpt>
      <trkpt lat="43.168782" lon="40.592355">
        <ele>165.614943</ele>
        <time>2026-08-25T13:38:23.163Z</time>
      </trkpt>
      <trkpt lat="43.169193" lon="40.592540">
        <ele>166.264417</ele>
        <time>2026-08-25T13:38:30.841Z</time>
      </trkpt>
      <trkpt lat="43.169415" lon="40.592707">
        <ele>166.644595</ele>
        <time>2026-08-25T13:38:35.384Z</time>
      </trkpt>
      <trkpt lat="43.169939" lon="40.593603">
        <ele>168.159255</ele>
        <time>2026-08-25T13:38:53.664Z</time>
      </trkpt>
      <trkpt lat="43.170482" lon="40.593972">
        <ele>170.195025</ele>
        <time>2026-08-25T13:39:10.865Z</time>
      </trkpt>
      <trkpt lat="43.170748" lon="40.593891">
        <ele>171.110337</ele>
        <time>2026-08-25T13:39:18.989Z</time>
      </trkpt>
      <trkpt lat="43.171268" lon="40.593388">
        <ele>173.248040</ele>
        <time>2026-08-25T13:39:37.716Z</time>
      </trkpt>
      <trkpt lat="43.172155" lon="40.593066">
        <ele>174.171310</ele>
        <time>2026-08-25T13:39:59.240Z</time>
      </trkpt>
      <trkpt lat="43.172597" lon="40.592705">
        <ele>174.461064</ele>
        <time>2026-08-25T13:40:07.326Z</time>
      </trkpt>
      <trkpt lat="43.173199" lon="40.592082">
        <ele>174.427424</ele>
        <time>2026-08-25T13:40:17.151Z</time>
      </trkpt>
      <trkpt lat="43.173650" lon="40.591832">
        <ele>173.780722</ele>
        <time>2026-08-25T13:40:23.187Z</time>
      </trkpt>
      <trkpt lat="43.173772" lon="40.591699">
        <ele>173.573522</ele>
        <time>2026-08-25T13:40:25.152Z</time>
      </trkpt>
      <trkpt lat="43.173848" lon="40.591308">
        <ele>173.181209</ele>
        <time>2026-08-25T13:40:28.953Z</time>
      </trkpt>
      <trkpt lat="43.174233" lon="40.591136">
        <ele>172.642907</ele>
        <time>2026-08-25T13:40:34.443Z</time>
      </trkpt>
      <trkpt lat="43.174584" lon="40.590878">
        <ele>172.537465</ele>
        <time>2026-08-25T13:40:40.593Z</time>
      </trkpt>
      <trkpt lat="43.174985" lon="40.590401">
        <ele>173.053936</ele>
        <time>2026-08-25T13:40:50.619Z</time>
      </trkpt>
      <trkpt lat="43.175179" lon="40.590100">
        <ele>173.338948</ele>
        <time>2026-08-25T13:40:56.684Z</time>
      </trkpt>
      <trkpt lat="43.175490" lon="40.589096">
        <ele>174.119466</ele>
        <time>2026-08-25T13:41:13.358Z</time>
      </trkpt>
      <trkpt lat="43.175584" lon="40.588885">
        <ele>174.541211</ele>
        <time>2026-08-25T13:41:17.096Z</time>
      </trkpt>
      <trkpt lat="43.175844" lon="40.588559">
        <ele>175.365235</ele>
        <time>2026-08-25T13:41:24.663Z</time>
      </trkpt>
      <trkpt lat="43.176430" lon="40.588116">
        <ele>176.930343</ele>
        <time>2026-08-25T13:41:40.186Z</time>
      </trkpt>
      <trkpt lat="43.177047" lon="40.587854">
        <ele>178.528507</ele>
        <time>2026-08-25T13:41:56.896Z</time>
      </trkpt>
      <trkpt lat="43.177727" lon="40.587506">
        <ele>181.404484</ele>
        <time>2026-08-25T13:42:17.269Z</time>
      </trkpt>
      <trkpt lat="43.177909" lon="40.587304">
        <ele>182.332258</ele>
        <time>2026-08-25T13:42:23.947Z</time>
      </trkpt>
      <trkpt lat="43.178106" lon="40.586893">
        <ele>183.753427</ele>
        <time>2026-08-25T13:42:34.459Z</time>
      </trkpt>
      <trkpt lat="43.178451" lon="40.586015">
        <ele>186.874158</ele>
        <time>2026-08-25T13:42:57.082Z</time>
      </trkpt>
      <trkpt lat="43.178708" lon="40.585787">
        <ele>188.329839</ele>
        <time>2026-08-25T13:43:06.757Z</time>
      </trkpt>
      <trkpt lat="43.178830" lon="40.585624">
        <ele>189.139878</ele>
        <time>2026-08-25T13:43:12.184Z</time>
      </trkpt>
      <trkpt lat="43.179069" lon="40.585344">
        <ele>190.634795</ele>
        <time>2026-08-25T13:43:22.146Z</time>
      </trkpt>
      <trkpt lat="43.179275" lon="40.585276">
        <ele>191.642450</ele>
        <time>2026-08-25T13:43:28.912Z</time>
      </trkpt>
      <trkpt lat="43.180783" lon="40.585512">
        <ele>199.375491</ele>
        <time>2026-08-25T13:44:16.461Z</time>
      </trkpt>
      <trkpt lat="43.181923" lon="40.585718">
        <ele>204.985275</ele>
        <time>2026-08-25T13:44:57.508Z</time>
      </trkpt>
      <trkpt lat="43.182779" lon="40.585650">
        <ele>208.492190</ele>
        <time>2026-08-25T13:45:25.420Z</time>
      </trkpt>
      <trkpt lat="43.183058" lon="40.585576">
        <ele>209.654447</ele>
        <time>2026-08-25T13:45:32.647Z</time>
      </trkpt>
      <trkpt lat="43.183587" lon="40.585087">
        <ele>210.573232</ele>
        <time>2026-08-25T13:45:44.763Z</time>
      </trkpt>
      <trkpt lat="43.184032" lon="40.584919">
        <ele>210.263389</ele>
        <time>2026-08-25T13:45:50.929Z</time>
      </trkpt>
      <trkpt lat="43.184571" lon="40.584365">
        <ele>209.811217</ele>
        <time>2026-08-25T13:45:59.664Z</time>
      </trkpt>
      <trkpt lat="43.184756" lon="40.584218">
        <ele>209.667687</ele>
        <time>2026-08-25T13:46:02.550Z</time>
      </trkpt>
      <trkpt lat="43.184966" lon="40.584227">
        <ele>209.455757</ele>
        <time>2026-08-25T13:46:05.519Z</time>
      </trkpt>
      <trkpt lat="43.185994" lon="40.585259">
        <ele>207.818141</ele>
        <time>2026-08-25T13:46:23.473Z</time>
      </trkpt>
      <trkpt lat="43.186447" lon="40.585667">
        <ele>206.965609</ele>
        <time>2026-08-25T13:46:30.346Z</time>
      </trkpt>
      <trkpt lat="43.188340" lon="40.586865">
        <ele>202.154798</ele>
        <time>2026-08-25T13:46:55.385Z</time>
      </trkpt>
      <trkpt lat="43.189423" lon="40.587739">
        <ele>200.018034</ele>
        <time>2026-08-25T13:47:11.710Z</time>
      </trkpt>
      <trkpt lat="43.189729" lon="40.587918">
        <ele>200.042862</ele>
        <time>2026-08-25T13:47:16.464Z</time>
      </trkpt>
      <trkpt lat="43.190464" lon="40.588039">
        <ele>200.871103</ele>
        <time>2026-08-25T13:47:29.500Z</time>
      </trkpt>
      <trkpt lat="43.191471" lon="40.588545">
        <ele>202.266078</ele>
        <time>2026-08-25T13:47:55.367Z</time>
      </trkpt>
      <trkpt lat="43.191798" lon="40.588902">
        <ele>203.098432</ele>
        <time>2026-08-25T13:48:06.236Z</time>
      </trkpt>
      <trkpt lat="43.192692" lon="40.590036">
        <ele>205.424622</ele>
        <time>2026-08-25T13:48:32.624Z</time>
      </trkpt>
      <trkpt lat="43.193540" lon="40.590612">
        <ele>205.762639</ele>
        <time>2026-08-25T13:48:50.182Z</time>
      </trkpt>
      <trkpt lat="43.193876" lon="40.590692">
        <ele>205.884454</ele>
        <time>2026-08-25T13:48:56.322Z</time>
      </trkpt>
      <trkpt lat="43.194136" lon="40.590623">
        <ele>205.979050</ele>
        <time>2026-08-25T13:49:00.902Z</time>
      </trkpt>
      <trkpt lat="43.194988" lon="40.590157">
        <ele>203.551981</ele>
        <time>2026-08-25T13:49:12.747Z</time>
      </trkpt>
      <trkpt lat="43.195311" lon="40.590203">
        <ele>202.444638</ele>
        <time>2026-08-25T13:49:16.399Z</time>
      </trkpt>
      <trkpt lat="43.195886" lon="40.590773">
        <ele>200.025476</ele>
        <time>2026-08-25T13:49:24.019Z</time>
      </trkpt>
      <trkpt lat="43.196968" lon="40.591976">
        <ele>193.106191</ele>
        <time>2026-08-25T13:49:38.964Z</time>
      </trkpt>
      <trkpt lat="43.197275" lon="40.592408">
        <ele>190.904813</ele>
        <time>2026-08-25T13:49:43.808Z</time>
      </trkpt>
      <trkpt lat="43.197850" lon="40.593732">
        <ele>185.753321</ele>
        <time>2026-08-25T13:49:56.156Z</time>
      </trkpt>
      <trkpt lat="43.198025" lon="40.594050">
        <ele>184.421496</ele>
        <time>2026-08-25T13:49:59.313Z</time>
      </trkpt>
      <trkpt lat="43.198462" lon="40.594843">
        <ele>181.356266</ele>
        <time>2026-08-25T13:50:07.257Z</time>
      </trkpt>
      <trkpt lat="43.198853" lon="40.595199">
        <ele>179.559295</ele>
        <time>2026-08-25T13:50:12.508Z</time>
      </trkpt>
      <trkpt lat="43.199285" lon="40.595366">
        <ele>177.840675</ele>
        <time>2026-08-25T13:50:17.617Z</time>
      </trkpt>
      <trkpt lat="43.199499" lon="40.595522">
        <ele>176.912723</ele>
        <time>2026-08-25T13:50:20.388Z</time>
      </trkpt>
      <trkpt lat="43.199708" lon="40.595740">
        <ele>175.907359</ele>
        <time>2026-08-25T13:50:23.409Z</time>
      </trkpt>
      <trkpt lat="43.199906" lon="40.596046">
        <ele>175.336462</ele>
        <time>2026-08-25T13:50:26.908Z</time>
      </trkpt>
      <trkpt lat="43.200011" lon="40.596454">
        <ele>174.812897</ele>
        <time>2026-08-25T13:50:30.748Z</time>
      </trkpt>
      <trkpt lat="43.200082" lon="40.596932">
        <ele>174.222607</ele>
        <time>2026-08-25T13:50:35.217Z</time>
      </trkpt>
      <trkpt lat="43.200713" lon="40.601241">
        <ele>170.227787</ele>
        <time>2026-08-25T13:51:22.276Z</time>
      </trkpt>
      <trkpt lat="43.200815" lon="40.601645">
        <ele>169.401962</ele>
        <time>2026-08-25T13:51:26.068Z</time>
      </trkpt>
      <trkpt lat="43.201084" lon="40.602128">
        <ele>168.227901</ele>
        <time>2026-08-25T13:51:31.183Z</time>
      </trkpt>
      <trkpt lat="43.201609" lon="40.602845">
        <ele>165.893597</ele>
        <time>2026-08-25T13:51:39.363Z</time>
      </trkpt>
      <trkpt lat="43.203044" lon="40.602853">
        <ele>159.850483</ele>
        <time>2026-08-25T13:51:55.083Z</time>
      </trkpt>
      <trkpt lat="43.203275" lon="40.603008">
        <ele>159.432530</ele>
        <time>2026-08-25T13:51:57.904Z</time>
      </trkpt>
      <trkpt lat="43.203949" lon="40.603561">
        <ele>160.101169</ele>
        <time>2026-08-25T13:52:08.924Z</time>
      </trkpt>
      <trkpt lat="43.204287" lon="40.603969">
        <ele>160.484478</ele>
        <time>2026-08-25T13:52:19.629Z</time>
      </trkpt>
      <trkpt lat="43.204448" lon="40.604213">
        <ele>160.688731</ele>
        <time>2026-08-25T13:52:29.819Z</time>
      </trkpt>
      <trkpt lat="43.204514" lon="40.604458">
        <ele>160.850829</ele>
        <time>2026-08-25T13:52:38.536Z</time>
      </trkpt>
      <trkpt lat="43.204324" lon="40.604555">
        <ele>161.703096</ele>
        <time>2026-08-25T13:52:44.747Z</time>
      </trkpt>
      <trkpt lat="43.203803" lon="40.604634">
        <ele>163.919352</ele>
        <time>2026-08-25T13:53:01.779Z</time>
      </trkpt>
      <trkpt lat="43.203635" lon="40.604546">
        <ele>164.679689</ele>
        <time>2026-08-25T13:53:06.927Z</time>
      </trkpt>
      <trkpt lat="43.203182" lon="40.604213">
        <ele>166.852656</ele>
        <time>2026-08-25T13:53:18.173Z</time>
      </trkpt>
      <trkpt lat="43.203068" lon="40.604159">
        <ele>167.362583</ele>
        <time>2026-08-25T13:53:20.542Z</time>
      </trkpt>
      <trkpt lat="43.202885" lon="40.604186">
        <ele>168.140788</ele>
        <time>2026-08-25T13:53:24.090Z</time>
      </trkpt>
      <trkpt lat="43.202794" lon="40.604266">
        <ele>168.559599</ele>
        <time>2026-08-25T13:53:26.097Z</time>
      </trkpt>
      <trkpt lat="43.201482" lon="40.606611">
        <ele>175.893759</ele>
        <time>2026-08-25T13:54:13.033Z</time>
      </trkpt>
      <trkpt lat="43.201347" lon="40.606901">
        <ele>177.112626</ele>
        <time>2026-08-25T13:54:19.735Z</time>
      </trkpt>
      <trkpt lat="43.201251" lon="40.607013">
        <ele>177.725021</ele>
        <time>2026-08-25T13:54:23.268Z</time>
      </trkpt>
      <trkpt lat="43.200971" lon="40.607251">
        <ele>179.325680</ele>
        <time>2026-08-25T13:54:32.668Z</time>
      </trkpt>
      <trkpt lat="43.200905" lon="40.607660">
        <ele>180.809563</ele>
        <time>2026-08-25T13:54:41.572Z</time>
      </trkpt>
      <trkpt lat="43.200858" lon="40.607754">
        <ele>181.213343</ele>
        <time>2026-08-25T13:54:44.055Z</time>
      </trkpt>
      <trkpt lat="43.200652" lon="40.607913">
        <ele>182.361957</ele>
        <time>2026-08-25T13:54:51.346Z</time>
      </trkpt>
      <trkpt lat="43.200535" lon="40.607950">
        <ele>183.012289</ele>
        <time>2026-08-25T13:54:55.206Z</time>
      </trkpt>
      <trkpt lat="43.200345" lon="40.607958">
        <ele>184.238735</ele>
        <time>2026-08-25T13:55:01.303Z</time>
      </trkpt>
      <trkpt lat="43.200225" lon="40.608026">
        <ele>185.076424</ele>
        <time>2026-08-25T13:55:05.481Z</time>
      </trkpt>
      <trkpt lat="43.199994" lon="40.608316">
        <ele>187.096729</ele>
        <time>2026-08-25T13:55:15.782Z</time>
      </trkpt>
      <trkpt lat="43.199341" lon="40.608956">
        <ele>192.274674</ele>
        <time>2026-08-25T13:55:43.045Z</time>
      </trkpt>
      <trkpt lat="43.198959" lon="40.609404">
        <ele>195.150910</ele>
        <time>2026-08-25T13:55:59.390Z</time>
      </trkpt>
      <trkpt lat="43.198825" lon="40.609508">
        <ele>195.833524</ele>
        <time>2026-08-25T13:56:04.133Z</time>
      </trkpt>
      <trkpt lat="43.198599" lon="40.609558">
        <ele>196.848488</ele>
        <time>2026-08-25T13:56:10.891Z</time>
      </trkpt>
      <trkpt lat="43.197766" lon="40.609102">
        <ele>200.824979</ele>
        <time>2026-08-25T13:56:33.141Z</time>
      </trkpt>
      <trkpt lat="43.197250" lon="40.609020">
        <ele>202.858927</ele>
        <time>2026-08-25T13:56:43.689Z</time>
      </trkpt>
      <trkpt lat="43.196755" lon="40.608817">
        <ele>204.385913</ele>
        <time>2026-08-25T13:56:54.570Z</time>
      </trkpt>
      <trkpt lat="43.196604" lon="40.608804">
        <ele>204.833081</ele>
        <time>2026-08-25T13:56:57.883Z</time>
      </trkpt>
      <trkpt lat="43.196428" lon="40.608879">
        <ele>205.377783</ele>
        <time>2026-08-25T13:57:01.999Z</time>
      </trkpt>
      <trkpt lat="43.196263" lon="40.608994">
        <ele>205.924790</ele>
        <time>2026-08-25T13:57:06.268Z</time>
      </trkpt>
      <trkpt lat="43.195383" lon="40.609919">
        <ele>207.918564</ele>
        <time>2026-08-25T13:57:29.496Z</time>
      </trkpt>
      <trkpt lat="43.195115" lon="40.610061">
        <ele>208.071481</ele>
        <time>2026-08-25T13:57:34.193Z</time>
      </trkpt>
      <trkpt lat="43.194057" lon="40.610242">
        <ele>208.480772</ele>
        <time>2026-08-25T13:57:44.914Z</time>
      </trkpt>
      <trkpt lat="43.192978" lon="40.610424">
        <ele>207.018680</ele>
        <time>2026-08-25T13:57:54.302Z</time>
      </trkpt>
      <trkpt lat="43.192209" lon="40.610520">
        <ele>206.328093</ele>
        <time>2026-08-25T13:58:02.048Z</time>
      </trkpt>
      <trkpt lat="43.192019" lon="40.610605">
        <ele>206.539054</ele>
        <time>2026-08-25T13:58:04.658Z</time>
      </trkpt>
      <trkpt lat="43.190916" lon="40.611572">
        <ele>207.920891</ele>
        <time>2026-08-25T13:58:26.910Z</time>
      </trkpt>
      <trkpt lat="43.190230" lon="40.612114">
        <ele>208.164366</ele>
        <time>2026-08-25T13:58:40.008Z</time>
      </trkpt>
      <trkpt lat="43.189162" lon="40.611843">
        <ele>208.316545</ele>
        <time>2026-08-25T13:58:52.276Z</time>
      </trkpt>
      <trkpt lat="43.188825" lon="40.611773">
        <ele>207.629235</ele>
        <time>2026-08-25T13:58:55.386Z</time>
      </trkpt>
      <trkpt lat="43.187664" lon="40.611643">
        <ele>204.681159</ele>
        <time>2026-08-25T13:59:05.051Z</time>
      </trkpt>
      <trkpt lat="43.187070" lon="40.611604">
        <ele>203.052158</ele>
        <time>2026-08-25T13:59:09.836Z</time>
      </trkpt>
      <trkpt lat="43.185505" lon="40.611829">
        <ele>198.253207</ele>
        <time>2026-08-25T13:59:22.611Z</time>
      </trkpt>
      <trkpt lat="43.184355" lon="40.612010">
        <ele>195.730897</ele>
        <time>2026-08-25T13:59:32.657Z</time>
      </trkpt>
      <trkpt lat="43.183741" lon="40.612094">
        <ele>194.386344</ele>
        <time>2026-08-25T13:59:38.153Z</time>
      </trkpt>
      <trkpt lat="43.183282" lon="40.612157">
        <ele>193.310186</ele>
        <time>2026-08-25T13:59:42.229Z</time>
      </trkpt>
      <trkpt lat="43.182405" lon="40.612291">
        <ele>191.247616</ele>
        <time>2026-08-25T13:59:49.797Z</time>
      </trkpt>
      <trkpt lat="43.181985" lon="40.612347">
        <ele>190.261286</ele>
        <time>2026-08-25T13:59:53.298Z</time>
      </trkpt>
      <trkpt lat="43.181021" lon="40.612485">
        <ele>187.422521</ele>
        <time>2026-08-25T14:00:01.331Z</time>
      </trkpt>
      <trkpt lat="43.180057" lon="40.612701">
        <ele>184.532910</ele>
        <time>2026-08-25T14:00:09.277Z</time>
      </trkpt>
      <trkpt lat="43.178712" lon="40.612862">
        <ele>180.538944</ele>
        <time>2026-08-25T14:00:20.283Z</time>
      </trkpt>
      <trkpt lat="43.178479" lon="40.612908">
        <ele>179.842567</ele>
        <time>2026-08-25T14:00:22.257Z</time>
      </trkpt>
      <trkpt lat="43.177265" lon="40.613083">
        <ele>176.793166</ele>
        <time>2026-08-25T14:00:32.626Z</time>
      </trkpt>
      <trkpt lat="43.176789" lon="40.613160">
        <ele>175.618040</ele>
        <time>2026-08-25T14:00:36.702Z</time>
      </trkpt>
      <trkpt lat="43.175936" lon="40.613286">
        <ele>173.795201</ele>
        <time>2026-08-25T14:00:43.990Z</time>
      </trkpt>
      <trkpt lat="43.174390" lon="40.613504">
        <ele>171.032189</ele>
        <time>2026-08-25T14:00:57.866Z</time>
      </trkpt>
      <trkpt lat="43.174255" lon="40.613522">
        <ele>170.884247</ele>
        <time>2026-08-25T14:00:59.140Z</time>
      </trkpt>
      <trkpt lat="43.172823" lon="40.613766">
        <ele>169.391605</ele>
        <time>2026-08-25T14:01:13.601Z</time>
      </trkpt>
      <trkpt lat="43.172559" lon="40.613780">
        <ele>169.220726</ele>
        <time>2026-08-25T14:01:16.450Z</time>
      </trkpt>
      <trkpt lat="43.172167" lon="40.613722">
        <ele>168.965715</ele>
        <time>2026-08-25T14:01:20.734Z</time>
      </trkpt>
      <trkpt lat="43.172035" lon="40.613636">
        <ele>168.871192</ele>
        <time>2026-08-25T14:01:22.329Z</time>
      </trkpt>
      <trkpt lat="43.170863" lon="40.612562">
        <ele>167.177980</ele>
        <time>2026-08-25T14:01:36.638Z</time>
      </trkpt>
      <trkpt lat="43.170680" lon="40.612435">
        <ele>166.777610</ele>
        <time>2026-08-25T14:01:38.495Z</time>
      </trkpt>
      <trkpt lat="43.170317" lon="40.612296">
        <ele>166.041911</ele>
        <time>2026-08-25T14:01:41.791Z</time>
      </trkpt>
      <trkpt lat="43.169650" lon="40.612182">
        <ele>164.609922</ele>
        <time>2026-08-25T14:01:47.366Z</time>
      </trkpt>
      <trkpt lat="43.168771" lon="40.612049">
        <ele>160.928334</ele>
        <time>2026-08-25T14:01:54.310Z</time>
      </trkpt>
      <trkpt lat="43.168181" lon="40.612025">
        <ele>158.471018</ele>
        <time>2026-08-25T14:01:58.802Z</time>
      </trkpt>
      <trkpt lat="43.166994" lon="40.612226">
        <ele>153.315928</ele>
        <time>2026-08-25T14:02:07.847Z</time>
      </trkpt>
      <trkpt lat="43.166777" lon="40.612296">
        <ele>152.345521</ele>
        <time>2026-08-25T14:02:09.568Z</time>
      </trkpt>
      <trkpt lat="43.166041" lon="40.612671">
        <ele>149.060488</ele>
        <time>2026-08-25T14:02:15.749Z</time>
      </trkpt>
      <trkpt lat="43.164967" lon="40.613218">
        <ele>145.195482</ele>
        <time>2026-08-25T14:02:25.010Z</time>
      </trkpt>
      <trkpt lat="43.164797" lon="40.613262">
        <ele>144.611864</ele>
        <time>2026-08-25T14:02:26.407Z</time>
      </trkpt>
      <trkpt lat="43.163187" lon="40.613448">
        <ele>139.094858</ele>
        <time>2026-08-25T14:02:39.437Z</time>
      </trkpt>
      <trkpt lat="43.162782" lon="40.613495">
        <ele>137.702466</ele>
        <time>2026-08-25T14:02:42.711Z</time>
      </trkpt>
      <trkpt lat="43.162631" lon="40.613540">
        <ele>137.149592</ele>
        <time>2026-08-25T14:02:43.932Z</time>
      </trkpt>
      <trkpt lat="43.162172" lon="40.613741">
        <ele>135.163553</ele>
        <time>2026-08-25T14:02:47.704Z</time>
      </trkpt>
      <trkpt lat="43.162017" lon="40.613778">
        <ele>134.515074</ele>
        <time>2026-08-25T14:02:48.913Z</time>
      </trkpt>
      <trkpt lat="43.161859" lon="40.613750">
        <ele>133.858424</ele>
        <time>2026-08-25T14:02:50.143Z</time>
      </trkpt>
      <trkpt lat="43.161041" lon="40.613408">
        <ele>130.333551</ele>
        <time>2026-08-25T14:02:56.710Z</time>
      </trkpt>
      <trkpt lat="43.160798" lon="40.613180">
        <ele>129.287943</ele>
        <time>2026-08-25T14:02:58.989Z</time>
      </trkpt>
      <trkpt lat="43.160466" lon="40.612735">
        <ele>127.799987</ele>
        <time>2026-08-25T14:03:02.678Z</time>
      </trkpt>
      <trkpt lat="43.160341" lon="40.612630">
        <ele>127.330193</ele>
        <time>2026-08-25T14:03:03.862Z</time>
      </trkpt>
      <trkpt lat="43.160241" lon="40.612607">
        <ele>127.005253</ele>
        <time>2026-08-25T14:03:04.694Z</time>
      </trkpt>
      <trkpt lat="43.160080" lon="40.612631">
        <ele>126.486268</ele>
        <time>2026-08-25T14:03:06.030Z</time>
      </trkpt>
      <trkpt lat="43.159757" lon="40.612730">
        <ele>125.425621</ele>
        <time>2026-08-25T14:03:08.801Z</time>
      </trkpt>
      <trkpt lat="43.158642" lon="40.613073">
        <ele>122.037580</ele>
        <time>2026-08-25T14:03:18.378Z</time>
      </trkpt>
      <trkpt lat="43.157923" lon="40.613293">
        <ele>119.952258</ele>
        <time>2026-08-25T14:03:24.453Z</time>
      </trkpt>
      <trkpt lat="43.154904" lon="40.614192">
        <ele>110.887079</ele>
        <time>2026-08-25T14:03:49.799Z</time>
      </trkpt>
      <trkpt lat="43.154519" lon="40.614276">
        <ele>109.761460</ele>
        <time>2026-08-25T14:03:53.028Z</time>
      </trkpt>
      <trkpt lat="43.154092" lon="40.614288">
        <ele>108.528306</ele>
        <time>2026-08-25T14:03:56.584Z</time>
      </trkpt>
      <trkpt lat="43.152946" lon="40.614188">
        <ele>105.269710</ele>
        <time>2026-08-25T14:04:06.151Z</time>
      </trkpt>
      <trkpt lat="43.148769" lon="40.614785">
        <ele>92.512044</ele>
        <time>2026-08-25T14:04:40.528Z</time>
      </trkpt>
      <trkpt lat="43.148454" lon="40.614710">
        <ele>91.399669</ele>
        <time>2026-08-25T14:04:43.051Z</time>
      </trkpt>
      <trkpt lat="43.146996" lon="40.613881">
        <ele>85.815988</ele>
        <time>2026-08-25T14:04:55.497Z</time>
      </trkpt>
      <trkpt lat="43.146750" lon="40.613832">
        <ele>85.378190</ele>
        <time>2026-08-25T14:04:57.551Z</time>
      </trkpt>
      <trkpt lat="43.146349" lon="40.613913">
        <ele>84.664333</ele>
        <time>2026-08-25T14:05:01.020Z</time>
      </trkpt>
      <trkpt lat="43.146077" lon="40.613997">
        <ele>84.173286</ele>
        <time>2026-08-25T14:05:03.489Z</time>
      </trkpt>
      <trkpt lat="43.143338" lon="40.614739">
        <ele>81.485440</ele>
        <time>2026-08-25T14:05:31.935Z</time>
      </trkpt>
      <trkpt lat="43.140205" lon="40.615533">
        <ele>81.319101</ele>
        <time>2026-08-25T14:06:09.068Z</time>
      </trkpt>
      <trkpt lat="43.140103" lon="40.615564">
        <ele>81.327347</ele>
        <time>2026-08-25T14:06:10.468Z</time>
      </trkpt>
      <trkpt lat="43.138938" lon="40.615855">
        <ele>81.972667</ele>
        <time>2026-08-25T14:06:27.312Z</time>
      </trkpt>
      <trkpt lat="43.137321" lon="40.616711">
        <ele>82.335886</ele>
        <time>2026-08-25T14:06:50.952Z</time>
      </trkpt>
      <trkpt lat="43.136792" lon="40.616974">
        <ele>82.276207</ele>
        <time>2026-08-25T14:06:56.642Z</time>
      </trkpt>
      <trkpt lat="43.136659" lon="40.617001">
        <ele>82.261948</ele>
        <time>2026-08-25T14:06:57.908Z</time>
      </trkpt>
      <trkpt lat="43.136451" lon="40.617018">
        <ele>82.241140</ele>
        <time>2026-08-25T14:06:59.901Z</time>
      </trkpt>
      <trkpt lat="43.135549" lon="40.616915">
        <ele>82.160127</ele>
        <time>2026-08-25T14:07:09.259Z</time>
      </trkpt>
      <trkpt lat="43.135362" lon="40.616893">
        <ele>82.143328</ele>
        <time>2026-08-25T14:07:11.556Z</time>
      </trkpt>
      <trkpt lat="43.134940" lon="40.616842">
        <ele>82.105411</ele>
        <time>2026-08-25T14:07:17.341Z</time>
      </trkpt>
      <trkpt lat="43.134783" lon="40.616823">
        <ele>82.091304</ele>
        <time>2026-08-25T14:07:19.735Z</time>
      </trkpt>
      <trkpt lat="43.133583" lon="40.616663">
        <ele>83.351377</ele>
        <time>2026-08-25T14:07:38.823Z</time>
      </trkpt>
      <trkpt lat="43.132685" lon="40.616754">
        <ele>84.277825</ele>
        <time>2026-08-25T14:07:52.310Z</time>
      </trkpt>
      <trkpt lat="43.132250" lon="40.616841">
        <ele>84.663406</ele>
        <time>2026-08-25T14:07:58.942Z</time>
      </trkpt>
      <trkpt lat="43.131433" lon="40.617296">
        <ele>85.436922</ele>
        <time>2026-08-25T14:08:12.282Z</time>
      </trkpt>
      <trkpt lat="43.130945" lon="40.617570">
        <ele>85.458507</ele>
        <time>2026-08-25T14:08:19.250Z</time>
      </trkpt>
      <trkpt lat="43.130213" lon="40.618036">
        <ele>85.022332</ele>
        <time>2026-08-25T14:08:28.165Z</time>
      </trkpt>
      <trkpt lat="43.127713" lon="40.619437">
        <ele>81.587254</ele>
        <time>2026-08-25T14:08:53.355Z</time>
      </trkpt>
      <trkpt lat="43.127496" lon="40.618938">
        <ele>80.721448</ele>
        <time>2026-08-25T14:08:58.459Z</time>
      </trkpt>
      <trkpt lat="43.127324" lon="40.618659">
        <ele>80.177078</ele>
        <time>2026-08-25T14:09:01.643Z</time>
      </trkpt>
      <trkpt lat="43.127233" lon="40.618546">
        <ele>79.926260</ele>
        <time>2026-08-25T14:09:03.115Z</time>
      </trkpt>
      <trkpt lat="43.126979" lon="40.618230">
        <ele>79.225579</ele>
        <time>2026-08-25T14:09:07.268Z</time>
      </trkpt>
      <trkpt lat="43.126791" lon="40.617844">
        <ele>78.533874</ele>
        <time>2026-08-25T14:09:11.540Z</time>
      </trkpt>
      <trkpt lat="43.126713" lon="40.617436">
        <ele>78.217829</ele>
        <time>2026-08-25T14:09:15.692Z</time>
      </trkpt>
      <trkpt lat="43.127011" lon="40.615290">
        <ele>77.144788</ele>
        <time>2026-08-25T14:09:40.471Z</time>
      </trkpt>
      <trkpt lat="43.126890" lon="40.614820">
        <ele>76.567232</ele>
        <time>2026-08-25T14:09:45.477Z</time>
      </trkpt>
      <trkpt lat="43.126587" lon="40.614131">
        <ele>75.635031</ele>
        <time>2026-08-25T14:09:53.042Z</time>
      </trkpt>
      <trkpt lat="43.126297" lon="40.613627">
        <ele>74.891278</ele>
        <time>2026-08-25T14:09:58.894Z</time>
      </trkpt>
      <trkpt lat="43.126008" lon="40.613273">
        <ele>74.278206</ele>
        <time>2026-08-25T14:10:03.716Z</time>
      </trkpt>
      <trkpt lat="43.125619" lon="40.612887">
        <ele>73.554614</ele>
        <time>2026-08-25T14:10:09.857Z</time>
      </trkpt>
      <trkpt lat="43.125366" lon="40.612780">
        <ele>73.155715</ele>
        <time>2026-08-25T14:10:13.343Z</time>
      </trkpt>
      <trkpt lat="43.123701" lon="40.612523">
        <ele>70.682919</ele>
        <time>2026-08-25T14:10:35.847Z</time>
      </trkpt>
      <trkpt lat="43.123316" lon="40.612320">
        <ele>70.093984</ele>
        <time>2026-08-25T14:10:41.311Z</time>
      </trkpt>
      <trkpt lat="43.122796" lon="40.611977">
        <ele>69.270059</ele>
        <time>2026-08-25T14:10:48.912Z</time>
      </trkpt>
      <trkpt lat="43.120527" lon="40.609947">
        <ele>64.556838</ele>
        <time>2026-08-25T14:11:24.258Z</time>
      </trkpt>
      <trkpt lat="43.120099" lon="40.609240">
        <ele>63.103338</ele>
        <time>2026-08-25T14:11:32.481Z</time>
      </trkpt>
      <trkpt lat="43.118634" lon="40.607324">
        <ele>57.627601</ele>
        <time>2026-08-25T14:11:56.535Z</time>
      </trkpt>
      <trkpt lat="43.118162" lon="40.606707">
        <ele>55.883025</ele>
        <time>2026-08-25T14:12:04.342Z</time>
      </trkpt>
      <trkpt lat="43.117770" lon="40.606042">
        <ele>54.241910</ele>
        <time>2026-08-25T14:12:11.851Z</time>
      </trkpt>
      <trkpt lat="43.116451" lon="40.603241">
        <ele>48.454998</ele>
        <time>2026-08-25T14:12:41.565Z</time>
      </trkpt>
      <trkpt lat="43.115939" lon="40.602385">
        <ele>47.417100</ele>
        <time>2026-08-25T14:12:52.311Z</time>
      </trkpt>
      <trkpt lat="43.115319" lon="40.601314">
        <ele>46.179989</ele>
        <time>2026-08-25T14:13:06.455Z</time>
      </trkpt>
      <trkpt lat="43.114996" lon="40.600885">
        <ele>45.510690</ele>
        <time>2026-08-25T14:13:12.771Z</time>
      </trkpt>
      <trkpt lat="43.114106" lon="40.600072">
        <ele>43.901762</ele>
        <time>2026-08-25T14:13:26.905Z</time>
      </trkpt>
      <trkpt lat="43.113635" lon="40.599697">
        <ele>42.540796</ele>
        <time>2026-08-25T14:13:33.696Z</time>
      </trkpt>
      <trkpt lat="43.113233" lon="40.599297">
        <ele>40.662393</ele>
        <time>2026-08-25T14:13:39.550Z</time>
      </trkpt>
      <trkpt lat="43.112976" lon="40.599002">
        <ele>39.394777</ele>
        <time>2026-08-25T14:13:43.324Z</time>
      </trkpt>
      <trkpt lat="43.112613" lon="40.598671">
        <ele>37.746195</ele>
        <time>2026-08-25T14:13:48.082Z</time>
      </trkpt>
      <trkpt lat="43.111130" lon="40.597590">
        <ele>30.690487</ele>
        <time>2026-08-25T14:14:06.114Z</time>
      </trkpt>
      <trkpt lat="43.111258" lon="40.596835">
        <ele>28.856135</ele>
        <time>2026-08-25T14:14:10.926Z</time>
      </trkpt>
      <trkpt lat="43.111341" lon="40.596335">
        <ele>28.685032</ele>
        <time>2026-08-25T14:14:14.616Z</time>
      </trkpt>
      <trkpt lat="43.111455" lon="40.595679">
        <ele>28.460017</ele>
        <time>2026-08-25T14:14:20.757Z</time>
      </trkpt>
      <trkpt lat="43.111473" lon="40.595566">
        <ele>28.421423</ele>
        <time>2026-08-25T14:14:21.819Z</time>
      </trkpt>
      <trkpt lat="43.111534" lon="40.595186">
        <ele>28.291592</ele>
        <time>2026-08-25T14:14:25.526Z</time>
      </trkpt>
      <trkpt lat="43.112013" lon="40.592555">
        <ele>28.147145</ele>
        <time>2026-08-25T14:14:51.119Z</time>
      </trkpt>
      <trkpt lat="43.112023" lon="40.592492">
        <ele>28.148418</ele>
        <time>2026-08-25T14:14:51.664Z</time>
      </trkpt>
      <trkpt lat="43.112066" lon="40.592225">
        <ele>28.125323</ele>
        <time>2026-08-25T14:14:53.856Z</time>
      </trkpt>
      <trkpt lat="43.112319" lon="40.591023">
        <ele>26.747911</ele>
        <time>2026-08-25T14:15:02.107Z</time>
      </trkpt>
      <trkpt lat="43.112392" lon="40.590853">
        <ele>26.530746</ele>
        <time>2026-08-25T14:15:03.341Z</time>
      </trkpt>
      <trkpt lat="43.112488" lon="40.590549">
        <ele>26.166044</ele>
        <time>2026-08-25T14:15:05.422Z</time>
      </trkpt>
      <trkpt lat="43.112497" lon="40.589894">
        <ele>25.444713</ele>
        <time>2026-08-25T14:15:09.591Z</time>
      </trkpt>
      <trkpt lat="43.113560" lon="40.587988">
        <ele>24.198879</ele>
        <time>2026-08-25T14:15:27.676Z</time>
      </trkpt>
      <trkpt lat="43.113640" lon="40.587796">
        <ele>24.191588</ele>
        <time>2026-08-25T14:15:29.661Z</time>
      </trkpt>
      <trkpt lat="43.114109" lon="40.586697">
        <ele>24.431026</ele>
        <time>2026-08-25T14:15:41.289Z</time>
      </trkpt>
      <trkpt lat="43.116192" lon="40.581845">
        <ele>26.227889</ele>
        <time>2026-08-25T14:16:37.529Z</time>
      </trkpt>
      <trkpt lat="43.116748" lon="40.580718">
        <ele>26.200037</ele>
        <time>2026-08-25T14:16:48.460Z</time>
      </trkpt>
      <trkpt lat="43.117073" lon="40.580209">
        <ele>26.118858</ele>
        <time>2026-08-25T14:16:53.737Z</time>
      </trkpt>
      <trkpt lat="43.117438" lon="40.579704">
        <ele>26.033547</ele>
        <time>2026-08-25T14:16:59.620Z</time>
      </trkpt>
      <trkpt lat="43.118349" lon="40.578596">
        <ele>26.267857</ele>
        <time>2026-08-25T14:17:15.111Z</time>
      </trkpt>
      <trkpt lat="43.118593" lon="40.578299">
        <ele>26.334597</ele>
        <time>2026-08-25T14:17:19.384Z</time>
      </trkpt>
      <trkpt lat="43.121948" lon="40.574194">
        <ele>26.430673</ele>
        <time>2026-08-25T14:18:13.698Z</time>
      </trkpt>
      <trkpt lat="43.122004" lon="40.574123">
        <ele>26.404717</ele>
        <time>2026-08-25T14:18:14.520Z</time>
      </trkpt>
      <trkpt lat="43.124633" lon="40.570971">
        <ele>25.023766</ele>
        <time>2026-08-25T14:18:51.352Z</time>
      </trkpt>
      <trkpt lat="43.125790" lon="40.569559">
        <ele>24.694394</ele>
        <time>2026-08-25T14:19:10.203Z</time>
      </trkpt>
      <trkpt lat="43.130530" lon="40.563769">
        <ele>22.702003</ele>
        <time>2026-08-25T14:20:18.078Z</time>
      </trkpt>
      <trkpt lat="43.130757" lon="40.563484">
        <ele>22.729688</ele>
        <time>2026-08-25T14:20:22.859Z</time>
      </trkpt>
      <trkpt lat="43.131102" lon="40.563178">
        <ele>22.763249</ele>
        <time>2026-08-25T14:20:29.585Z</time>
      </trkpt>
      <trkpt lat="43.131238" lon="40.563068">
        <ele>22.774829</ele>
        <time>2026-08-25T14:20:32.167Z</time>
      </trkpt>
      <trkpt lat="43.131451" lon="40.562923">
        <ele>22.792269</ele>
        <time>2026-08-25T14:20:35.923Z</time>
      </trkpt>
      <trkpt lat="43.132071" lon="40.562499">
        <ele>22.843079</ele>
        <time>2026-08-25T14:20:45.121Z</time>
      </trkpt>
      <trkpt lat="43.133380" lon="40.561610">
        <ele>21.611958</ele>
        <time>2026-08-25T14:20:58.404Z</time>
      </trkpt>
      <trkpt lat="43.133641" lon="40.561453">
        <ele>21.233638</ele>
        <time>2026-08-25T14:21:00.954Z</time>
      </trkpt>
      <trkpt lat="43.135244" lon="40.560385">
        <ele>19.850405</ele>
        <time>2026-08-25T14:21:18.974Z</time>
      </trkpt>
      <trkpt lat="43.136164" lon="40.559762">
        <ele>19.394940</ele>
        <time>2026-08-25T14:21:31.251Z</time>
      </trkpt>
      <trkpt lat="43.138523" lon="40.558151">
        <ele>18.393228</ele>
        <time>2026-08-25T14:21:59.325Z</time>
      </trkpt>
      <trkpt lat="43.140607" lon="40.556723">
        <ele>17.464592</ele>
        <time>2026-08-25T14:22:25.247Z</time>
      </trkpt>
      <trkpt lat="43.140560" lon="40.554880">
        <ele>15.872837</ele>
        <time>2026-08-25T14:22:37.961Z</time>
      </trkpt>
      <trkpt lat="43.140586" lon="40.553651">
        <ele>14.698556</ele>
        <time>2026-08-25T14:22:46.251Z</time>
      </trkpt>
      <trkpt lat="43.140581" lon="40.552625">
        <ele>13.631261</ele>
        <time>2026-08-25T14:22:53.249Z</time>
      </trkpt>
      <trkpt lat="43.140578" lon="40.552186">
        <ele>13.174582</ele>
        <time>2026-08-25T14:22:56.211Z</time>
      </trkpt>
      <trkpt lat="43.140567" lon="40.550022">
        <ele>11.133188</ele>
        <time>2026-08-25T14:23:10.808Z</time>
      </trkpt>
      <trkpt lat="43.140566" lon="40.548075">
        <ele>9.700797</ele>
        <time>2026-08-25T14:23:25.096Z</time>
      </trkpt>
      <trkpt lat="43.140564" lon="40.547692">
        <ele>9.456202</ele>
        <time>2026-08-25T14:23:27.984Z</time>
      </trkpt>
      <trkpt lat="43.140558" lon="40.546181">
        <ele>8.301553</ele>
        <time>2026-08-25T14:23:38.855Z</time>
      </trkpt>
      <trkpt lat="43.140603" lon="40.544236">
        <ele>6.534023</ele>
        <time>2026-08-25T14:23:52.069Z</time>
      </trkpt>
      <trkpt lat="43.140879" lon="40.541519">
        <ele>4.074332</ele>
        <time>2026-08-25T14:24:10.933Z</time>
      </trkpt>
      <trkpt lat="43.140899" lon="40.541325">
        <ele>3.941967</ele>
        <time>2026-08-25T14:24:12.323Z</time>
      </trkpt>
      <trkpt lat="43.140186" lon="40.536563">
        <ele>0.946354</ele>
        <time>2026-08-25T14:24:47.990Z</time>
      </trkpt>
      <trkpt lat="43.139793" lon="40.534262">
        <ele>0.024748</ele>
        <time>2026-08-25T14:25:05.492Z</time>
      </trkpt>
      <trkpt lat="43.139305" lon="40.531958">
        <ele>0.442354</ele>
        <time>2026-08-25T14:25:28.472Z</time>
      </trkpt>
      <trkpt lat="43.139209" lon="40.531439">
        <ele>0.672772</ele>
        <time>2026-08-25T14:25:34.781Z</time>
      </trkpt>
      <trkpt lat="43.139180" lon="40.531214">
        <ele>0.771101</ele>
        <time>2026-08-25T14:25:37.465Z</time>
      </trkpt>
      <trkpt lat="43.138992" lon="40.529917">
        <ele>1.296118</ele>
        <time>2026-08-25T14:25:50.884Z</time>
      </trkpt>
      <trkpt lat="43.138893" lon="40.529215">
        <ele>1.015647</ele>
        <time>2026-08-25T14:25:56.323Z</time>
      </trkpt>
      <trkpt lat="43.138843" lon="40.528650">
        <ele>0.792389</ele>
        <time>2026-08-25T14:26:00.380Z</time>
      </trkpt>
      <trkpt lat="43.138791" lon="40.527550">
        <ele>0.359984</ele>
        <time>2026-08-25T14:26:08.340Z</time>
      </trkpt>
      <trkpt lat="43.138817" lon="40.526908">
        <ele>0.394910</ele>
        <time>2026-08-25T14:26:13.617Z</time>
      </trkpt>
      <trkpt lat="43.138942" lon="40.526369">
        <ele>0.435814</ele>
        <time>2026-08-25T14:26:18.642Z</time>
      </trkpt>
      <trkpt lat="43.139053" lon="40.526173">
        <ele>0.453757</ele>
        <time>2026-08-25T14:26:20.952Z</time>
      </trkpt>
      <trkpt lat="43.139577" lon="40.525103">
        <ele>0.609047</ele>
        <time>2026-08-25T14:26:33.498Z</time>
      </trkpt>
      <trkpt lat="43.140422" lon="40.523503">
        <ele>1.231961</ele>
        <time>2026-08-25T14:26:52.774Z</time>
      </trkpt>
      <trkpt lat="43.140891" lon="40.522579">
        <ele>1.472286</ele>
        <time>2026-08-25T14:27:03.333Z</time>
      </trkpt>
      <trkpt lat="43.141689" lon="40.520577">
        <ele>1.781522</ele>
        <time>2026-08-25T14:27:24.126Z</time>
      </trkpt>
      <trkpt lat="43.142175" lon="40.519505">
        <ele>1.808941</ele>
        <time>2026-08-25T14:27:35.202Z</time>
      </trkpt>
      <trkpt lat="43.142413" lon="40.518869">
        <ele>1.902653</ele>
        <time>2026-08-25T14:27:41.172Z</time>
      </trkpt>
      <trkpt lat="43.143035" lon="40.517413">
        <ele>2.541040</ele>
        <time>2026-08-25T14:27:55.114Z</time>
      </trkpt>
      <trkpt lat="43.143266" lon="40.516804">
        <ele>3.269842</ele>
        <time>2026-08-25T14:28:02.759Z</time>
      </trkpt>
      <trkpt lat="43.143720" lon="40.515678">
        <ele>8.481729</ele>
        <time>2026-08-25T14:28:27.251Z</time>
      </trkpt>
      <trkpt lat="43.143786" lon="40.515608">
        <ele>8.945101</ele>
        <time>2026-08-25T14:28:30.094Z</time>
      </trkpt>
      <trkpt lat="43.143855" lon="40.515581">
        <ele>9.343526</ele>
        <time>2026-08-25T14:28:32.678Z</time>
      </trkpt>
      <trkpt lat="43.144966" lon="40.515805">
        <ele>17.081525</ele>
        <time>2026-08-25T14:29:37.011Z</time>
      </trkpt>
      <trkpt lat="43.145744" lon="40.515929">
        <ele>23.732236</ele>
        <time>2026-08-25T14:30:22.555Z</time>
      </trkpt>
      <trkpt lat="43.146140" lon="40.515992">
        <ele>27.117348</ele>
        <time>2026-08-25T14:30:45.130Z</time>
      </trkpt>
      <trkpt lat="43.146261" lon="40.515901">
        <ele>28.230395</ele>
        <time>2026-08-25T14:30:52.821Z</time>
      </trkpt>
      <trkpt lat="43.146328" lon="40.515792">
        <ele>28.925861</ele>
        <time>2026-08-25T14:30:58.579Z</time>
      </trkpt>
      <trkpt lat="43.146527" lon="40.515086">
        <ele>32.618971</ele>
        <time>2026-08-25T14:31:28.166Z</time>
      </trkpt>
      <trkpt lat="43.146652" lon="40.514887">
        <ele>33.900289</ele>
        <time>2026-08-25T14:31:38.232Z</time>
      </trkpt>
      <trkpt lat="43.146902" lon="40.514651">
        <ele>35.930465</ele>
        <time>2026-08-25T14:31:53.855Z</time>
      </trkpt>
      <trkpt lat="43.147240" lon="40.514485">
        <ele>38.331718</ele>
        <time>2026-08-25T14:32:11.341Z</time>
      </trkpt>
      <trkpt lat="43.147471" lon="40.514458">
        <ele>39.882232</ele>
        <time>2026-08-25T14:32:22.187Z</time>
      </trkpt>
      <trkpt lat="43.148762" lon="40.514464">
        <ele>45.617152</ele>
        <time>2026-08-25T14:33:19.251Z</time>
      </trkpt>
      <trkpt lat="43.149289" lon="40.514546">
        <ele>47.950905</ele>
        <time>2026-08-25T14:33:41.487Z</time>
      </trkpt>
      <trkpt lat="43.149428" lon="40.514544">
        <ele>48.476208</ele>
        <time>2026-08-25T14:33:47.186Z</time>
      </trkpt>
      <trkpt lat="43.149604" lon="40.514651">
        <ele>49.202921</ele>
        <time>2026-08-25T14:33:55.037Z</time>
      </trkpt>
      <trkpt lat="43.149721" lon="40.514753">
        <ele>49.726286</ele>
        <time>2026-08-25T14:34:00.685Z</time>
      </trkpt>
      <trkpt lat="43.150015" lon="40.515102">
        <ele>51.194277</ele>
        <time>2026-08-25T14:34:16.416Z</time>
      </trkpt>
      <trkpt lat="43.150214" lon="40.515268">
        <ele>52.073550</ele>
        <time>2026-08-25T14:34:25.909Z</time>
      </trkpt>
      <trkpt lat="43.150379" lon="40.515322">
        <ele>52.713837</ele>
        <time>2026-08-25T14:34:32.809Z</time>
      </trkpt>
      <trkpt lat="43.151197" lon="40.515086">
        <ele>56.130834</ele>
        <time>2026-08-25T14:35:08.430Z</time>
      </trkpt>
      <trkpt lat="43.151842" lon="40.515043">
        <ele>59.135663</ele>
        <time>2026-08-25T14:35:38.789Z</time>
      </trkpt>
      <trkpt lat="43.152089" lon="40.514952">
        <ele>60.325782</ele>
        <time>2026-08-25T14:35:51.098Z</time>
      </trkpt>
      <trkpt lat="43.152179" lon="40.514839">
        <ele>60.893696</ele>
        <time>2026-08-25T14:35:57.028Z</time>
      </trkpt>
      <trkpt lat="43.152382" lon="40.514427">
        <ele>62.581393</ele>
        <time>2026-08-25T14:36:14.829Z</time>
      </trkpt>
      <trkpt lat="43.152952" lon="40.513025">
        <ele>61.743943</ele>
        <time>2026-08-25T14:36:55.563Z</time>
      </trkpt>
      <trkpt lat="43.152741" lon="40.512712">
        <ele>61.340921</ele>
        <time>2026-08-25T14:37:02.651Z</time>
      </trkpt>
      <trkpt lat="43.152596" lon="40.512343">
        <ele>60.944560</ele>
        <time>2026-08-25T14:37:09.180Z</time>
      </trkpt>
      <trkpt lat="43.152490" lon="40.511914">
        <ele>59.066994</ele>
        <time>2026-08-25T14:37:15.884Z</time>
      </trkpt>
      <trkpt lat="43.152378" lon="40.511786">
        <ele>57.847147</ele>
        <time>2026-08-25T14:37:18.778Z</time>
      </trkpt>
      <trkpt lat="43.151500" lon="40.511702">
        <ele>50.484514</ele>
        <time>2026-08-25T14:37:36.178Z</time>
      </trkpt>
      <trkpt lat="43.151202" lon="40.511620">
        <ele>47.941909</ele>
        <time>2026-08-25T14:37:42.299Z</time>
      </trkpt>
      <trkpt lat="43.150465" lon="40.511146">
        <ele>42.253141</ele>
        <time>2026-08-25T14:37:58.981Z</time>
      </trkpt>
      <trkpt lat="43.150115" lon="40.511002">
        <ele>39.940812</ele>
        <time>2026-08-25T14:38:06.671Z</time>
      </trkpt>
      <trkpt lat="43.149292" lon="40.510854">
        <ele>34.688450</ele>
        <time>2026-08-25T14:38:24.612Z</time>
      </trkpt>
      <trkpt lat="43.148897" lon="40.510735">
        <ele>32.694546</ele>
        <time>2026-08-25T14:38:33.603Z</time>
      </trkpt>
      <trkpt lat="43.148042" lon="40.510415">
        <ele>28.510904</ele>
        <time>2026-08-25T14:38:53.517Z</time>
      </trkpt>
      <trkpt lat="43.147546" lon="40.510193">
        <ele>26.047947</ele>
        <time>2026-08-25T14:39:05.112Z</time>
      </trkpt>
      <trkpt lat="43.147348" lon="40.510065">
        <ele>24.825963</ele>
        <time>2026-08-25T14:39:09.900Z</time>
      </trkpt>
      <trkpt lat="43.147037" lon="40.509707">
        <ele>22.483271</ele>
        <time>2026-08-25T14:39:18.710Z</time>
      </trkpt>
      <trkpt lat="43.146510" lon="40.508977">
        <ele>18.161282</ele>
        <time>2026-08-25T14:39:34.602Z</time>
      </trkpt>
      <trkpt lat="43.146067" lon="40.508647">
        <ele>15.386541</ele>
        <time>2026-08-25T14:39:45.162Z</time>
      </trkpt>
      <trkpt lat="43.145747" lon="40.508092">
        <ele>14.093851</ele>
        <time>2026-08-25T14:39:56.374Z</time>
      </trkpt>
      <trkpt lat="43.145527" lon="40.507608">
        <ele>13.051767</ele>
        <time>2026-08-25T14:40:06.147Z</time>
      </trkpt>
      <trkpt lat="43.145507" lon="40.507447">
        <ele>12.753314</ele>
        <time>2026-08-25T14:40:09.101Z</time>
      </trkpt>
      <trkpt lat="43.146080" lon="40.507608">
        <ele>11.288295</ele>
        <time>2026-08-25T14:40:25.559Z</time>
      </trkpt>
      <trkpt lat="43.146579" lon="40.507680">
        <ele>12.653393</ele>
        <time>2026-08-25T14:40:43.446Z</time>
      </trkpt>
      <trkpt lat="43.146893" lon="40.507587">
        <ele>14.063440</ele>
        <time>2026-08-25T14:40:56.791Z</time>
      </trkpt>
      <trkpt lat="43.147396" lon="40.507557">
        <ele>16.273337</ele>
        <time>2026-08-25T14:41:19.530Z</time>
      </trkpt>
      <trkpt lat="43.147682" lon="40.507498">
        <ele>17.542811</ele>
        <time>2026-08-25T14:41:33.367Z</time>
      </trkpt>
      <trkpt lat="43.147950" lon="40.507389">
        <ele>18.769835</ele>
        <time>2026-08-25T14:41:47.530Z</time>
      </trkpt>
      <trkpt lat="43.148157" lon="40.507304">
        <ele>20.540362</ele>
        <time>2026-08-25T14:41:59.022Z</time>
      </trkpt>
      <trkpt lat="43.148252" lon="40.507154">
        <ele>21.799356</ele>
        <time>2026-08-25T14:42:07.126Z</time>
      </trkpt>
      <trkpt lat="43.148370" lon="40.507029">
        <ele>23.094968</ele>
        <time>2026-08-25T14:42:15.732Z</time>
      </trkpt>
      <trkpt lat="43.148669" lon="40.506912">
        <ele>25.796325</ele>
        <time>2026-08-25T14:42:34.734Z</time>
      </trkpt>
      <trkpt lat="43.148920" lon="40.506869">
        <ele>27.993863</ele>
        <time>2026-08-25T14:42:50.396Z</time>
      </trkpt>
      <trkpt lat="43.149075" lon="40.506597">
        <ele>30.181424</ele>
        <time>2026-08-25T14:43:05.860Z</time>
      </trkpt>
      <trkpt lat="43.149240" lon="40.505981">
        <ele>34.340588</ele>
        <time>2026-08-25T14:43:34.081Z</time>
      </trkpt>
      <trkpt lat="43.149295" lon="40.505821">
        <ele>35.170376</ele>
        <time>2026-08-25T14:43:41.549Z</time>
      </trkpt>
      <trkpt lat="43.149357" lon="40.505724">
        <ele>35.738991</ele>
        <time>2026-08-25T14:43:46.806Z</time>
      </trkpt>
      <trkpt lat="43.149679" lon="40.505438">
        <ele>38.057873</ele>
        <time>2026-08-25T14:44:07.685Z</time>
      </trkpt>
      <trkpt lat="43.150196" lon="40.505038">
        <ele>41.645789</ele>
        <time>2026-08-25T14:44:35.980Z</time>
      </trkpt>
      <trkpt lat="43.150431" lon="40.504909">
        <ele>43.175684</ele>
        <time>2026-08-25T14:44:46.547Z</time>
      </trkpt>
      <trkpt lat="43.151832" lon="40.504437">
        <ele>51.410352</ele>
        <time>2026-08-25T14:45:49.224Z</time>
      </trkpt>
      <trkpt lat="43.153126" lon="40.504280">
        <ele>59.189792</ele>
        <time>2026-08-25T14:46:59.076Z</time>
      </trkpt>
      <trkpt lat="43.154020" lon="40.503929">
        <ele>65.214066</ele>
        <time>2026-08-25T14:47:47.004Z</time>
      </trkpt>
      <trkpt lat="43.154592" lon="40.504096">
        <ele>68.098627</ele>
        <time>2026-08-25T14:48:12.941Z</time>
      </trkpt>
      <trkpt lat="43.154868" lon="40.504099">
        <ele>69.041862</ele>
        <time>2026-08-25T14:48:24.270Z</time>
      </trkpt>
      <trkpt lat="43.155147" lon="40.504052">
        <ele>70.002494</ele>
        <time>2026-08-25T14:48:35.288Z</time>
      </trkpt>
      <trkpt lat="43.155322" lon="40.503990">
        <ele>70.620192</ele>
        <time>2026-08-25T14:48:42.157Z</time>
      </trkpt>
      <trkpt lat="43.155974" lon="40.503605">
        <ele>73.046278</ele>
        <time>2026-08-25T14:49:09.193Z</time>
      </trkpt>
      <trkpt lat="43.156229" lon="40.503530">
        <ele>74.004241</ele>
        <time>2026-08-25T14:49:19.327Z</time>
      </trkpt>
      <trkpt lat="43.157306" lon="40.503493">
        <ele>78.035915</ele>
        <time>2026-08-25T14:50:03.416Z</time>
      </trkpt>
      <trkpt lat="43.158367" lon="40.503409">
        <ele>83.303997</ele>
        <time>2026-08-25T14:50:50.687Z</time>
      </trkpt>
      <trkpt lat="43.158997" lon="40.503423">
        <ele>87.149579</ele>
        <time>2026-08-25T14:51:21.317Z</time>
      </trkpt>
      <trkpt lat="43.159334" lon="40.503395">
        <ele>89.210164</ele>
        <time>2026-08-25T14:51:38.782Z</time>
      </trkpt>
      <trkpt lat="43.159505" lon="40.503325">
        <ele>90.299364</ele>
        <time>2026-08-25T14:51:48.352Z</time>
      </trkpt>
      <trkpt lat="43.160156" lon="40.502927">
        <ele>96.007416</ele>
        <time>2026-08-25T14:52:29.210Z</time>
      </trkpt>
      <trkpt lat="43.160616" lon="40.502071">
        <ele>102.475169</ele>
        <time>2026-08-25T14:53:14.841Z</time>
      </trkpt>
      <trkpt lat="43.160677" lon="40.501984">
        <ele>103.209256</ele>
        <time>2026-08-25T14:53:19.858Z</time>
      </trkpt>
      <trkpt lat="43.160765" lon="40.501920">
        <ele>104.040012</ele>
        <time>2026-08-25T14:53:25.493Z</time>
      </trkpt>
      <trkpt lat="43.161401" lon="40.501579">
        <ele>108.571243</ele>
        <time>2026-08-25T14:54:02.128Z</time>
      </trkpt>
      <trkpt lat="43.161836" lon="40.501284">
        <ele>111.375805</ele>
        <time>2026-08-25T14:54:25.446Z</time>
      </trkpt>
      <trkpt lat="43.162785" lon="40.500937">
        <ele>116.797678</ele>
        <time>2026-08-25T14:55:09.527Z</time>
      </trkpt>
      <trkpt lat="43.162734" lon="40.500881">
        <ele>117.040772</ele>
        <time>2026-08-25T14:55:12.336Z</time>
      </trkpt>
      <trkpt lat="43.162409" lon="40.500798">
        <ele>118.270689</ele>
        <time>2026-08-25T14:55:26.623Z</time>
      </trkpt>
      <trkpt lat="43.162172" lon="40.500790">
        <ele>119.152682</ele>
        <time>2026-08-25T14:55:36.727Z</time>
      </trkpt>
      <trkpt lat="43.161550" lon="40.500926">
        <ele>121.495994</ele>
        <time>2026-08-25T14:56:03.014Z</time>
      </trkpt>
      <trkpt lat="43.159026" lon="40.501294">
        <ele>127.077348</ele>
        <time>2026-08-25T14:57:39.847Z</time>
      </trkpt>
      <trkpt lat="43.158175" lon="40.501303">
        <ele>125.816686</ele>
        <time>2026-08-25T14:58:02.351Z</time>
      </trkpt>
      <trkpt lat="43.157565" lon="40.501348">
        <ele>124.911758</ele>
        <time>2026-08-25T14:58:16.299Z</time>
      </trkpt>
      <trkpt lat="43.155736" lon="40.501876">
        <ele>116.909206</ele>
        <time>2026-08-25T14:58:57.424Z</time>
      </trkpt>
      <trkpt lat="43.155342" lon="40.502072">
        <ele>117.147214</ele>
        <time>2026-08-25T14:59:07.913Z</time>
      </trkpt>
      <trkpt lat="43.154894" lon="40.502231">
        <ele>117.409997</ele>
        <time>2026-08-25T14:59:21.165Z</time>
      </trkpt>
      <trkpt lat="43.153927" lon="40.502161">
        <ele>118.468054</ele>
        <time>2026-08-25T14:59:58.597Z</time>
      </trkpt>
      <trkpt lat="43.153192" lon="40.502005">
        <ele>122.248470</ele>
        <time>2026-08-25T15:00:35.522Z</time>
      </trkpt>
      <trkpt lat="43.152589" lon="40.501689">
        <ele>125.529782</ele>
        <time>2026-08-25T15:01:09.967Z</time>
      </trkpt>
      <trkpt lat="43.152201" lon="40.501426">
        <ele>126.395873</ele>
        <time>2026-08-25T15:01:28.196Z</time>
      </trkpt>
      <trkpt lat="43.152005" lon="40.501138">
        <ele>125.039628</ele>
        <time>2026-08-25T15:01:37.180Z</time>
      </trkpt>
      <trkpt lat="43.151699" lon="40.500804">
        <ele>123.193296</ele>
        <time>2026-08-25T15:01:46.506Z</time>
      </trkpt>
      <trkpt lat="43.151335" lon="40.500002">
        <ele>119.940766</ele>
        <time>2026-08-25T15:02:00.508Z</time>
      </trkpt>
      <trkpt lat="43.151141" lon="40.499752">
        <ele>118.683934</ele>
        <time>2026-08-25T15:02:05.612Z</time>
      </trkpt>
      <trkpt lat="43.150757" lon="40.499543">
        <ele>114.820643</ele>
        <time>2026-08-25T15:02:13.541Z</time>
      </trkpt>
      <trkpt lat="43.150260" lon="40.499323">
        <ele>109.756565</ele>
        <time>2026-08-25T15:02:23.752Z</time>
      </trkpt>
      <trkpt lat="43.149924" lon="40.499017">
        <ele>105.845072</ele>
        <time>2026-08-25T15:02:31.797Z</time>
      </trkpt>
      <trkpt lat="43.149630" lon="40.498663">
        <ele>102.050670</ele>
        <time>2026-08-25T15:02:39.624Z</time>
      </trkpt>
      <trkpt lat="43.149474" lon="40.498352">
        <ele>99.434225</ele>
        <time>2026-08-25T15:02:45.127Z</time>
      </trkpt>
      <trkpt lat="43.149376" lon="40.497993">
        <ele>96.806512</ele>
        <time>2026-08-25T15:02:50.690Z</time>
      </trkpt>
      <trkpt lat="43.149325" lon="40.497660">
        <ele>94.473913</ele>
        <time>2026-08-25T15:02:55.604Z</time>
      </trkpt>
      <trkpt lat="43.149249" lon="40.497486">
        <ele>93.083647</ele>
        <time>2026-08-25T15:02:58.539Z</time>
      </trkpt>
      <trkpt lat="43.149114" lon="40.497268">
        <ele>91.123392</ele>
        <time>2026-08-25T15:03:02.654Z</time>
      </trkpt>
      <trkpt lat="43.148910" lon="40.497032">
        <ele>88.615021</ele>
        <time>2026-08-25T15:03:07.911Z</time>
      </trkpt>
      <trkpt lat="43.148583" lon="40.496520">
        <ele>83.950770</ele>
        <time>2026-08-25T15:03:17.682Z</time>
      </trkpt>
      <trkpt lat="43.148499" lon="40.496330">
        <ele>82.431455</ele>
        <time>2026-08-25T15:03:20.874Z</time>
      </trkpt>
      <trkpt lat="43.148319" lon="40.495927">
        <ele>79.199974</ele>
        <time>2026-08-25T15:03:27.658Z</time>
      </trkpt>
      <trkpt lat="43.147994" lon="40.495552">
        <ele>75.217827</ele>
        <time>2026-08-25T15:03:36.050Z</time>
      </trkpt>
      <trkpt lat="43.147811" lon="40.495384">
        <ele>73.153250</ele>
        <time>2026-08-25T15:03:40.401Z</time>
      </trkpt>
      <trkpt lat="43.147633" lon="40.495145">
        <ele>70.817569</ele>
        <time>2026-08-25T15:03:45.352Z</time>
      </trkpt>
      <trkpt lat="43.147271" lon="40.494075">
        <ele>63.551065</ele>
        <time>2026-08-25T15:04:02.516Z</time>
      </trkpt>
      <trkpt lat="43.147118" lon="40.493534">
        <ele>60.273232</ele>
        <time>2026-08-25T15:04:11.094Z</time>
      </trkpt>
      <trkpt lat="43.146868" lon="40.492941">
        <ele>56.404143</ele>
        <time>2026-08-25T15:04:21.342Z</time>
      </trkpt>
      <trkpt lat="43.146507" lon="40.492485">
        <ele>53.190239</ele>
        <time>2026-08-25T15:04:31.610Z</time>
      </trkpt>
      <trkpt lat="43.146414" lon="40.492242">
        <ele>52.752858</ele>
        <time>2026-08-25T15:04:35.916Z</time>
      </trkpt>
      <trkpt lat="43.146246" lon="40.491677">
        <ele>51.780362</ele>
        <time>2026-08-25T15:04:45.941Z</time>
      </trkpt>
      <trkpt lat="43.145980" lon="40.491340">
        <ele>50.989008</ele>
        <time>2026-08-25T15:04:54.915Z</time>
      </trkpt>
      <trkpt lat="43.145955" lon="40.491270">
        <ele>50.864781</ele>
        <time>2026-08-25T15:04:56.432Z</time>
      </trkpt>
      <trkpt lat="43.145969" lon="40.491187">
        <ele>50.728994</ele>
        <time>2026-08-25T15:04:58.129Z</time>
      </trkpt>
      <trkpt lat="43.146025" lon="40.491138">
        <ele>50.583847</ele>
        <time>2026-08-25T15:04:59.975Z</time>
      </trkpt>
      <trkpt lat="43.146144" lon="40.491135">
        <ele>50.323829</ele>
        <time>2026-08-25T15:05:03.491Z</time>
      </trkpt>
      <trkpt lat="43.146338" lon="40.491236">
        <ele>49.870461</ele>
        <time>2026-08-25T15:05:10.161Z</time>
      </trkpt>
      <trkpt lat="43.146530" lon="40.491440">
        <ele>49.731787</ele>
        <time>2026-08-25T15:05:18.878Z</time>
      </trkpt>
      <trkpt lat="43.146980" lon="40.492573">
        <ele>52.981110</ele>
        <time>2026-08-25T15:05:59.598Z</time>
      </trkpt>
      <trkpt lat="43.148177" lon="40.494255">
        <ele>55.912112</ele>
        <time>2026-08-25T15:07:10.094Z</time>
      </trkpt>
      <trkpt lat="43.148282" lon="40.494303">
        <ele>55.937308</ele>
        <time>2026-08-25T15:07:13.077Z</time>
      </trkpt>
      <trkpt lat="43.148376" lon="40.494293">
        <ele>55.958769</ele>
        <time>2026-08-25T15:07:15.544Z</time>
      </trkpt>
      <trkpt lat="43.148458" lon="40.494214">
        <ele>55.981585</ele>
        <time>2026-08-25T15:07:18.053Z</time>
      </trkpt>
      <trkpt lat="43.148479" lon="40.494110">
        <ele>55.999506</ele>
        <time>2026-08-25T15:07:19.982Z</time>
      </trkpt>
      <trkpt lat="43.148106" lon="40.493277">
        <ele>54.897732</ele>
        <time>2026-08-25T15:07:36.232Z</time>
      </trkpt>
      <trkpt lat="43.147971" lon="40.492911">
        <ele>53.282898</ele>
        <time>2026-08-25T15:07:42.655Z</time>
      </trkpt>
      <trkpt lat="43.147537" lon="40.491973">
        <ele>48.909408</ele>
        <time>2026-08-25T15:08:00.147Z</time>
      </trkpt>
      <trkpt lat="43.147381" lon="40.491436">
        <ele>46.633492</ele>
        <time>2026-08-25T15:08:09.268Z</time>
      </trkpt>
      <trkpt lat="43.147068" lon="40.490562">
        <ele>42.230393</ele>
        <time>2026-08-25T15:08:24.068Z</time>
      </trkpt>
      <trkpt lat="43.146974" lon="40.490234">
        <ele>40.623547</ele>
        <time>2026-08-25T15:08:29.292Z</time>
      </trkpt>
      <trkpt lat="43.146786" lon="40.489918">
        <ele>38.764341</ele>
        <time>2026-08-25T15:08:35.360Z</time>
      </trkpt>
      <trkpt lat="43.146371" lon="40.489612">
        <ele>35.819227</ele>
        <time>2026-08-25T15:08:45.298Z</time>
      </trkpt>
      <trkpt lat="43.146320" lon="40.489355">
        <ele>35.185108</ele>
        <time>2026-08-25T15:08:49.667Z</time>
      </trkpt>
      <trkpt lat="43.146559" lon="40.489017">
        <ele>35.271538</ele>
        <time>2026-08-25T15:08:58.076Z</time>
      </trkpt>
      <trkpt lat="43.146758" lon="40.488854">
        <ele>35.329884</ele>
        <time>2026-08-25T15:09:04.660Z</time>
      </trkpt>
      <trkpt lat="43.147495" lon="40.488947">
        <ele>35.516155</ele>
        <time>2026-08-25T15:09:32.682Z</time>
      </trkpt>
      <trkpt lat="43.148238" lon="40.489001">
        <ele>34.599576</ele>
        <time>2026-08-25T15:10:01.366Z</time>
      </trkpt>
      <trkpt lat="43.148474" lon="40.489130">
        <ele>33.862275</ele>
        <time>2026-08-25T15:10:08.722Z</time>
      </trkpt>
      <trkpt lat="43.148638" lon="40.489132">
        <ele>33.386344</ele>
        <time>2026-08-25T15:10:12.939Z</time>
      </trkpt>
      <trkpt lat="43.149153" lon="40.488863">
        <ele>31.787024</ele>
        <time>2026-08-25T15:10:25.477Z</time>
      </trkpt>
      <trkpt lat="43.149189" lon="40.488805">
        <ele>31.625802</ele>
        <time>2026-08-25T15:10:26.656Z</time>
      </trkpt>
      <trkpt lat="43.149190" lon="40.488727">
        <ele>31.460638</ele>
        <time>2026-08-25T15:10:27.867Z</time>
      </trkpt>
      <trkpt lat="43.149151" lon="40.488648">
        <ele>31.258691</ele>
        <time>2026-08-25T15:10:29.316Z</time>
      </trkpt>
      <trkpt lat="43.148477" lon="40.488558">
        <ele>27.990774</ele>
        <time>2026-08-25T15:10:42.975Z</time>
      </trkpt>
      <trkpt lat="43.148198" lon="40.488455">
        <ele>26.161292</ele>
        <time>2026-08-25T15:10:48.844Z</time>
      </trkpt>
      <trkpt lat="43.148128" lon="40.488379">
        <ele>25.595875</ele>
        <time>2026-08-25T15:10:50.668Z</time>
      </trkpt>
      <trkpt lat="43.148087" lon="40.488267">
        <ele>25.017018</ele>
        <time>2026-08-25T15:10:52.551Z</time>
      </trkpt>
      <trkpt lat="43.148085" lon="40.488052">
        <ele>24.023748</ele>
        <time>2026-08-25T15:10:55.823Z</time>
      </trkpt>
      <trkpt lat="43.148093" lon="40.488005">
        <ele>23.800802</ele>
        <time>2026-08-25T15:10:56.559Z</time>
      </trkpt>
      <trkpt lat="43.148107" lon="40.487920">
        <ele>23.398264</ele>
        <time>2026-08-25T15:10:57.911Z</time>
      </trkpt>
      <trkpt lat="43.148058" lon="40.487832">
        <ele>22.886884</ele>
        <time>2026-08-25T15:10:59.628Z</time>
      </trkpt>
      <trkpt lat="43.147921" lon="40.487762">
        <ele>21.961138</ele>
        <time>2026-08-25T15:11:02.756Z</time>
      </trkpt>
      <trkpt lat="43.147898" lon="40.487703">
        <ele>21.652121</ele>
        <time>2026-08-25T15:11:03.813Z</time>
      </trkpt>
      <trkpt lat="43.147679" lon="40.487754">
        <ele>20.245622</ele>
        <time>2026-08-25T15:11:08.643Z</time>
      </trkpt>
      <trkpt lat="43.147329" lon="40.487760">
        <ele>18.668809</ele>
        <time>2026-08-25T15:11:16.532Z</time>
      </trkpt>
      <trkpt lat="43.147089" lon="40.487732">
        <ele>18.140744</ele>
        <time>2026-08-25T15:11:22.441Z</time>
      </trkpt>
      <trkpt lat="43.146884" lon="40.487656">
        <ele>17.675163</ele>
        <time>2026-08-25T15:11:27.962Z</time>
      </trkpt>
      <trkpt lat="43.146601" lon="40.487490">
        <ele>17.000299</ele>
        <time>2026-08-25T15:11:36.108Z</time>
      </trkpt>
      <trkpt lat="43.146546" lon="40.487494">
        <ele>16.879551</ele>
        <time>2026-08-25T15:11:37.577Z</time>
      </trkpt>
      <trkpt lat="43.146499" lon="40.487484">
        <ele>16.775277</ele>
        <time>2026-08-25T15:11:38.790Z</time>
      </trkpt>
      <trkpt lat="43.146415" lon="40.487535">
        <ele>16.573860</ele>
        <time>2026-08-25T15:11:41.242Z</time>
      </trkpt>
      <trkpt lat="43.146105" lon="40.487750">
        <ele>15.812176</ele>
        <time>2026-08-25T15:11:50.253Z</time>
      </trkpt>
      <trkpt lat="43.145801" lon="40.487723">
        <ele>15.144306</ele>
        <time>2026-08-25T15:11:58.035Z</time>
      </trkpt>
      <trkpt lat="43.145661" lon="40.487781">
        <ele>14.788016</ele>
        <time>2026-08-25T15:12:01.765Z</time>
      </trkpt>
      <trkpt lat="43.145237" lon="40.488031">
        <ele>13.626154</ele>
        <time>2026-08-25T15:12:13.473Z</time>
      </trkpt>
      <trkpt lat="43.144708" lon="40.488442">
        <ele>12.095488</ele>
        <time>2026-08-25T15:12:28.153Z</time>
      </trkpt>
      <trkpt lat="43.144260" lon="40.488726">
        <ele>10.852999</ele>
        <time>2026-08-25T15:12:40.000Z</time>
      </trkpt>
      <trkpt lat="43.144135" lon="40.488833">
        <ele>10.482081</ele>
        <time>2026-08-25T15:12:43.534Z</time>
      </trkpt>
      <trkpt lat="43.144119" lon="40.488873">
        <ele>10.398390</ele>
        <time>2026-08-25T15:12:44.333Z</time>
      </trkpt>
      <trkpt lat="43.143532" lon="40.489141">
        <ele>8.842642</ele>
        <time>2026-08-25T15:12:58.879Z</time>
      </trkpt>
      <trkpt lat="43.143116" lon="40.489235">
        <ele>7.782493</ele>
        <time>2026-08-25T15:13:08.624Z</time>
      </trkpt>
      <trkpt lat="43.143015" lon="40.489306">
        <ele>7.497070</ele>
        <time>2026-08-25T15:13:11.345Z</time>
      </trkpt>
      <trkpt lat="43.142903" lon="40.489345">
        <ele>7.206500</ele>
        <time>2026-08-25T15:13:14.182Z</time>
      </trkpt>
      <trkpt lat="43.142595" lon="40.489314">
        <ele>6.429952</ele>
        <time>2026-08-25T15:13:22.091Z</time>
      </trkpt>
      <trkpt lat="43.142390" lon="40.489372">
        <ele>6.089584</ele>
        <time>2026-08-25T15:13:27.767Z</time>
      </trkpt>
      <trkpt lat="43.142290" lon="40.489339">
        <ele>6.266532</ele>
        <time>2026-08-25T15:13:30.726Z</time>
      </trkpt>
      <trkpt lat="43.142252" lon="40.489244">
        <ele>6.402523</ele>
        <time>2026-08-25T15:13:32.986Z</time>
      </trkpt>
      <trkpt lat="43.142290" lon="40.489339">
        <ele>6.538514</ele>
        <time>2026-08-25T15:13:35.420Z</time>
      </trkpt>
      <trkpt lat="43.142390" lon="40.489372">
        <ele>6.715462</ele>
        <time>2026-08-25T15:13:38.609Z</time>
      </trkpt>
      <trkpt lat="43.142595" lon="40.489314">
        <ele>7.075563</ele>
        <time>2026-08-25T15:13:45.434Z</time>
      </trkpt>
      <trkpt lat="43.142903" lon="40.489345">
        <ele>7.606846</ele>
        <time>2026-08-25T15:13:56.315Z</time>
      </trkpt>
      <trkpt lat="43.143015" lon="40.489306">
        <ele>7.805643</ele>
        <time>2026-08-25T15:14:00.674Z</time>
      </trkpt>
      <trkpt lat="43.143116" lon="40.489235">
        <ele>8.000918</ele>
        <time>2026-08-25T15:14:05.038Z</time>
      </trkpt>
      <trkpt lat="43.143532" lon="40.489141">
        <ele>8.726229</ele>
        <time>2026-08-25T15:14:22.532Z</time>
      </trkpt>
      <trkpt lat="43.144119" lon="40.488873">
        <ele>10.216989</ele>
        <time>2026-08-25T15:14:47.412Z</time>
      </trkpt>
      <trkpt lat="43.144135" lon="40.488833">
        <ele>10.310026</ele>
        <time>2026-08-25T15:14:48.697Z</time>
      </trkpt>
      <trkpt lat="43.144260" lon="40.488726">
        <ele>10.721988</ele>
        <time>2026-08-25T15:14:54.456Z</time>
      </trkpt>
      <trkpt lat="43.144708" lon="40.488442">
        <ele>12.101747</ele>
        <time>2026-08-25T15:15:13.574Z</time>
      </trkpt>
      <trkpt lat="43.145237" lon="40.488031">
        <ele>13.801519</ele>
        <time>2026-08-25T15:15:36.932Z</time>
      </trkpt>
      <trkpt lat="43.145661" lon="40.487781">
        <ele>14.722575</ele>
        <time>2026-08-25T15:15:53.409Z</time>
      </trkpt>
      <trkpt lat="43.145801" lon="40.487723">
        <ele>14.973489</ele>
        <time>2026-08-25T15:15:58.603Z</time>
      </trkpt>
      <trkpt lat="43.146105" lon="40.487750">
        <ele>15.496118</ele>
        <time>2026-08-25T15:16:09.353Z</time>
      </trkpt>
      <trkpt lat="43.146415" lon="40.487535">
        <ele>16.092159</ele>
        <time>2026-08-25T15:16:21.420Z</time>
      </trkpt>
      <trkpt lat="43.146499" lon="40.487484">
        <ele>16.249774</ele>
        <time>2026-08-25T15:16:24.498Z</time>
      </trkpt>
      <trkpt lat="43.146546" lon="40.487494">
        <ele>16.331372</ele>
        <time>2026-08-25T15:16:26.153Z</time>
      </trkpt>
      <trkpt lat="43.146601" lon="40.487490">
        <ele>16.425861</ele>
        <time>2026-08-25T15:16:28.006Z</time>
      </trkpt>
      <trkpt lat="43.146884" lon="40.487656">
        <ele>16.953963</ele>
        <time>2026-08-25T15:16:38.364Z</time>
      </trkpt>
      <trkpt lat="43.147089" lon="40.487732">
        <ele>17.357615</ele>
        <time>2026-08-25T15:16:45.480Z</time>
      </trkpt>
      <trkpt lat="43.147329" lon="40.487760">
        <ele>17.939068</ele>
        <time>2026-08-25T15:16:53.722Z</time>
      </trkpt>
      <trkpt lat="43.147679" lon="40.487754">
        <ele>18.784031</ele>
        <time>2026-08-25T15:17:06.576Z</time>
      </trkpt>
      <trkpt lat="43.147898" lon="40.487703">
        <ele>19.320272</ele>
        <time>2026-08-25T15:17:14.999Z</time>
      </trkpt>
      <trkpt lat="43.147898" lon="40.487638">
        <ele>19.434752</ele>
        <time>2026-08-25T15:17:16.782Z</time>
      </trkpt>
      <trkpt lat="43.148082" lon="40.487367">
        <ele>20.086747</ele>
        <time>2026-08-25T15:17:26.919Z</time>
      </trkpt>
      <trkpt lat="43.149127" lon="40.486553">
        <ele>23.440259</ele>
        <time>2026-08-25T15:18:14.366Z</time>
      </trkpt>
      <trkpt lat="43.149400" lon="40.486340">
        <ele>24.439144</ele>
        <time>2026-08-25T15:18:27.282Z</time>
      </trkpt>
      <trkpt lat="43.149940" lon="40.486029">
        <ele>26.301678</ele>
        <time>2026-08-25T15:18:50.828Z</time>
      </trkpt>
      <trkpt lat="43.150327" lon="40.485973">
        <ele>27.602777</ele>
        <time>2026-08-25T15:19:05.928Z</time>
      </trkpt>
      <trkpt lat="43.150590" lon="40.485847">
        <ele>28.708909</ele>
        <time>2026-08-25T15:19:16.812Z</time>
      </trkpt>
      <trkpt lat="43.150865" lon="40.485707">
        <ele>29.873615</ele>
        <time>2026-08-25T15:19:28.535Z</time>
      </trkpt>
      <trkpt lat="43.151120" lon="40.485497">
        <ele>31.054717</ele>
        <time>2026-08-25T15:19:40.665Z</time>
      </trkpt>
      <trkpt lat="43.151310" lon="40.485267">
        <ele>32.061136</ele>
        <time>2026-08-25T15:19:51.258Z</time>
      </trkpt>
      <trkpt lat="43.152531" lon="40.484162">
        <ele>38.972128</ele>
        <time>2026-08-25T15:20:59.334Z</time>
      </trkpt>
      <trkpt lat="43.153998" lon="40.483072">
        <ele>46.357491</ele>
        <time>2026-08-25T15:22:17.316Z</time>
      </trkpt>
      <trkpt lat="43.154274" lon="40.482804">
        <ele>47.507244</ele>
        <time>2026-08-25T15:22:30.772Z</time>
      </trkpt>
      <trkpt lat="43.154450" lon="40.482481">
        <ele>48.507004</ele>
        <time>2026-08-25T15:22:41.713Z</time>
      </trkpt>
      <trkpt lat="43.154532" lon="40.482270">
        <ele>49.099865</ele>
        <time>2026-08-25T15:22:47.841Z</time>
      </trkpt>
      <trkpt lat="43.155156" lon="40.481931">
        <ele>50.541875</ele>
        <time>2026-08-25T15:23:09.615Z</time>
      </trkpt>
      <trkpt lat="43.155572" lon="40.481520">
        <ele>51.253122</ele>
        <time>2026-08-25T15:23:25.856Z</time>
      </trkpt>
      <trkpt lat="43.155714" lon="40.481268">
        <ele>51.575314</ele>
        <time>2026-08-25T15:23:33.440Z</time>
      </trkpt>
      <trkpt lat="43.155982" lon="40.480966">
        <ele>52.056511</ele>
        <time>2026-08-25T15:23:45.221Z</time>
      </trkpt>
      <trkpt lat="43.156454" lon="40.480779">
        <ele>52.799644</ele>
        <time>2026-08-25T15:24:03.259Z</time>
      </trkpt>
      <trkpt lat="43.156753" lon="40.480471">
        <ele>53.432604</ele>
        <time>2026-08-25T15:24:18.742Z</time>
      </trkpt>
      <trkpt lat="43.157006" lon="40.480279">
        <ele>53.922005</ele>
        <time>2026-08-25T15:24:31.988Z</time>
      </trkpt>
      <trkpt lat="43.157198" lon="40.480320">
        <ele>54.250858</ele>
        <time>2026-08-25T15:24:39.675Z</time>
      </trkpt>
      <trkpt lat="43.157572" lon="40.480322">
        <ele>54.883807</ele>
        <time>2026-08-25T15:24:51.742Z</time>
      </trkpt>
      <trkpt lat="43.158054" lon="40.480432">
        <ele>55.197821</ele>
        <time>2026-08-25T15:25:04.959Z</time>
      </trkpt>
      <trkpt lat="43.158041" lon="40.479935">
        <ele>54.304471</ele>
        <time>2026-08-25T15:25:13.880Z</time>
      </trkpt>
      <trkpt lat="43.158124" lon="40.479633">
        <ele>53.724754</ele>
        <time>2026-08-25T15:25:19.522Z</time>
      </trkpt>
      <trkpt lat="43.158453" lon="40.479301">
        <ele>52.718752</ele>
        <time>2026-08-25T15:25:28.730Z</time>
      </trkpt>
      <trkpt lat="43.158846" lon="40.479167">
        <ele>51.721497</ele>
        <time>2026-08-25T15:25:37.731Z</time>
      </trkpt>
      <trkpt lat="43.159541" lon="40.478747">
        <ele>52.102588</ele>
        <time>2026-08-25T15:25:59.333Z</time>
      </trkpt>
      <trkpt lat="43.159846" lon="40.478524">
        <ele>52.820316</ele>
        <time>2026-08-25T15:26:11.439Z</time>
      </trkpt>
      <trkpt lat="43.160399" lon="40.478493">
        <ele>53.969501</ele>
        <time>2026-08-25T15:26:34.175Z</time>
      </trkpt>
      <trkpt lat="43.160783" lon="40.478338">
        <ele>54.800664</ele>
        <time>2026-08-25T15:26:52.299Z</time>
      </trkpt>
      <trkpt lat="43.161354" lon="40.478024">
        <ele>56.800113</ele>
        <time>2026-08-25T15:27:19.440Z</time>
      </trkpt>
      <trkpt lat="43.161559" lon="40.477615">
        <ele>57.978736</ele>
        <time>2026-08-25T15:27:33.472Z</time>
      </trkpt>
      <trkpt lat="43.161417" lon="40.477562">
        <ele>58.457923</ele>
        <time>2026-08-25T15:27:38.742Z</time>
      </trkpt>
      <trkpt lat="43.161107" lon="40.477808">
        <ele>59.624199</ele>
        <time>2026-08-25T15:27:50.882Z</time>
      </trkpt>
      <trkpt lat="43.160645" lon="40.477893">
        <ele>61.927115</ele>
        <time>2026-08-25T15:28:08.259Z</time>
      </trkpt>
      <trkpt lat="43.160338" lon="40.477884">
        <ele>64.568348</ele>
        <time>2026-08-25T15:28:21.734Z</time>
      </trkpt>
      <trkpt lat="43.160192" lon="40.477845">
        <ele>65.847769</ele>
        <time>2026-08-25T15:28:28.859Z</time>
      </trkpt>
      <trkpt lat="43.160061" lon="40.477384">
        <ele>68.951923</ele>
        <time>2026-08-25T15:28:48.297Z</time>
      </trkpt>
      <trkpt lat="43.160050" lon="40.476847">
        <ele>72.322525</ele>
        <time>2026-08-25T15:29:13.746Z</time>
      </trkpt>
      <trkpt lat="43.160175" lon="40.475354">
        <ele>83.668428</ele>
        <time>2026-08-25T15:30:36.608Z</time>
      </trkpt>
      <trkpt lat="43.160232" lon="40.474929">
        <ele>87.304978</ele>
        <time>2026-08-25T15:30:59.160Z</time>
      </trkpt>
      <trkpt lat="43.160305" lon="40.474760">
        <ele>88.957856</ele>
        <time>2026-08-25T15:31:09.178Z</time>
      </trkpt>
      <trkpt lat="43.160517" lon="40.474581">
        <ele>91.830348</ele>
        <time>2026-08-25T15:31:26.015Z</time>
      </trkpt>
      <trkpt lat="43.160964" lon="40.473855">
        <ele>97.350701</ele>
        <time>2026-08-25T15:32:05.346Z</time>
      </trkpt>
      <trkpt lat="43.161153" lon="40.473808">
        <ele>97.701456</ele>
        <time>2026-08-25T15:32:13.912Z</time>
      </trkpt>
      <trkpt lat="43.161231" lon="40.474038">
        <ele>98.039303</ele>
        <time>2026-08-25T15:32:21.177Z</time>
      </trkpt>
      <trkpt lat="43.161278" lon="40.474708">
        <ele>98.935845</ele>
        <time>2026-08-25T15:32:35.599Z</time>
      </trkpt>
      <trkpt lat="43.161252" lon="40.475209">
        <ele>99.604853</ele>
        <time>2026-08-25T15:32:44.527Z</time>
      </trkpt>
      <trkpt lat="43.160933" lon="40.476043">
        <ele>102.133693</ele>
        <time>2026-08-25T15:33:02.269Z</time>
      </trkpt>
      <trkpt lat="43.160910" lon="40.476235">
        <ele>102.871961</ele>
        <time>2026-08-25T15:33:06.863Z</time>
      </trkpt>
      <trkpt lat="43.160976" lon="40.476235">
        <ele>103.215274</ele>
        <time>2026-08-25T15:33:09.210Z</time>
      </trkpt>
      <trkpt lat="43.161342" lon="40.475504">
        <ele>106.579443</ele>
        <time>2026-08-25T15:33:39.552Z</time>
      </trkpt>
      <trkpt lat="43.161618" lon="40.474556">
        <ele>111.032218</ele>
        <time>2026-08-25T15:34:28.691Z</time>
      </trkpt>
      <trkpt lat="43.161825" lon="40.473698">
        <ele>116.607054</ele>
        <time>2026-08-25T15:35:13.137Z</time>
      </trkpt>
      <trkpt lat="43.161929" lon="40.473154">
        <ele>120.076223</ele>
        <time>2026-08-25T15:35:36.742Z</time>
      </trkpt>
      <trkpt lat="43.161822" lon="40.472829">
        <ele>122.275840</ele>
        <time>2026-08-25T15:35:49.717Z</time>
      </trkpt>
      <trkpt lat="43.161414" lon="40.472566">
        <ele>124.952405</ele>
        <time>2026-08-25T15:36:09.038Z</time>
      </trkpt>
      <trkpt lat="43.161079" lon="40.472658">
        <ele>125.412752</ele>
        <time>2026-08-25T15:36:21.620Z</time>
      </trkpt>
      <trkpt lat="43.160674" lon="40.472905">
        <ele>126.010013</ele>
        <time>2026-08-25T15:36:35.834Z</time>
      </trkpt>
      <trkpt lat="43.159913" lon="40.472424">
        <ele>127.139121</ele>
        <time>2026-08-25T15:37:00.724Z</time>
      </trkpt>
      <trkpt lat="43.159581" lon="40.472484">
        <ele>126.396108</ele>
        <time>2026-08-25T15:37:10.842Z</time>
      </trkpt>
      <trkpt lat="43.159316" lon="40.472593">
        <ele>125.733034</ele>
        <time>2026-08-25T15:37:18.808Z</time>
      </trkpt>
      <trkpt lat="43.159261" lon="40.472505">
        <ele>125.530444</ele>
        <time>2026-08-25T15:37:21.137Z</time>
      </trkpt>
      <trkpt lat="43.159258" lon="40.472353">
        <ele>125.264616</ele>
        <time>2026-08-25T15:37:24.149Z</time>
      </trkpt>
      <trkpt lat="43.159381" lon="40.471872">
        <ele>124.373549</ele>
        <time>2026-08-25T15:37:33.821Z</time>
      </trkpt>
      <trkpt lat="43.159506" lon="40.470393">
        <ele>119.241624</ele>
        <time>2026-08-25T15:37:57.551Z</time>
      </trkpt>
      <trkpt lat="43.159605" lon="40.470006">
        <ele>116.844630</ele>
        <time>2026-08-25T15:38:03.550Z</time>
      </trkpt>
      <trkpt lat="43.159638" lon="40.469421">
        <ele>113.415225</ele>
        <time>2026-08-25T15:38:12.008Z</time>
      </trkpt>
      <trkpt lat="43.159763" lon="40.468884">
        <ele>110.120649</ele>
        <time>2026-08-25T15:38:20.062Z</time>
      </trkpt>
      <trkpt lat="43.159763" lon="40.468305">
        <ele>107.218013</ele>
        <time>2026-08-25T15:38:28.447Z</time>
      </trkpt>
      <trkpt lat="43.159669" lon="40.467683">
        <ele>104.555896</ele>
        <time>2026-08-25T15:38:38.004Z</time>
      </trkpt>
      <trkpt lat="43.159335" lon="40.466928">
        <ele>100.855317</ele>
        <time>2026-08-25T15:38:52.420Z</time>
      </trkpt>
      <trkpt lat="43.159393" lon="40.466711">
        <ele>99.886752</ele>
        <time>2026-08-25T15:38:54.419Z</time>
      </trkpt>
      <trkpt lat="43.159463" lon="40.466612">
        <ele>99.308921</ele>
        <time>2026-08-25T15:38:55.598Z</time>
      </trkpt>
      <trkpt lat="43.159593" lon="40.466575">
        <ele>98.546100</ele>
        <time>2026-08-25T15:38:57.178Z</time>
      </trkpt>
      <trkpt lat="43.159669" lon="40.466618">
        <ele>98.065709</ele>
        <time>2026-08-25T15:38:58.157Z</time>
      </trkpt>
      <trkpt lat="43.160241" lon="40.467273">
        <ele>92.661186</ele>
        <time>2026-08-25T15:39:06.339Z</time>
      </trkpt>
      <trkpt lat="43.160461" lon="40.467369">
        <ele>90.986985</ele>
        <time>2026-08-25T15:39:08.710Z</time>
      </trkpt>
      <trkpt lat="43.160676" lon="40.467220">
        <ele>89.240020</ele>
        <time>2026-08-25T15:39:11.132Z</time>
      </trkpt>
      <trkpt lat="43.160863" lon="40.466813">
        <ele>86.695706</ele>
        <time>2026-08-25T15:39:14.576Z</time>
      </trkpt>
      <trkpt lat="43.161093" lon="40.466030">
        <ele>80.730012</ele>
        <time>2026-08-25T15:39:20.460Z</time>
      </trkpt>
      <trkpt lat="43.161672" lon="40.464424">
        <ele>66.230039</ele>
        <time>2026-08-25T15:39:32.888Z</time>
      </trkpt>
      <trkpt lat="43.161857" lon="40.464013">
        <ele>64.984024</ele>
        <time>2026-08-25T15:39:36.450Z</time>
      </trkpt>
      <trkpt lat="43.162043" lon="40.463751">
        <ele>64.857315</ele>
        <time>2026-08-25T15:39:39.353Z</time>
      </trkpt>
      <trkpt lat="43.162228" lon="40.463690">
        <ele>64.766909</ele>
        <time>2026-08-25T15:39:41.682Z</time>
      </trkpt>
      <trkpt lat="43.162359" lon="40.463968">
        <ele>64.652207</ele>
        <time>2026-08-25T15:39:45.378Z</time>
      </trkpt>
      <trkpt lat="43.162373" lon="40.464638">
        <ele>64.419910</ele>
        <time>2026-08-25T15:39:58.056Z</time>
      </trkpt>
      <trkpt lat="43.162325" lon="40.465323">
        <ele>64.741195</ele>
        <time>2026-08-25T15:40:17.031Z</time>
      </trkpt>
      <trkpt lat="43.161960" lon="40.466285">
        <ele>67.498572</ele>
        <time>2026-08-25T15:40:46.673Z</time>
      </trkpt>
      <trkpt lat="43.161811" lon="40.467041">
        <ele>69.489919</ele>
        <time>2026-08-25T15:41:00.724Z</time>
      </trkpt>
      <trkpt lat="43.161789" lon="40.467309">
        <ele>70.175710</ele>
        <time>2026-08-25T15:41:03.852Z</time>
      </trkpt>
      <trkpt lat="43.161825" lon="40.467428">
        <ele>70.503305</ele>
        <time>2026-08-25T15:41:05.118Z</time>
      </trkpt>
      <trkpt lat="43.161903" lon="40.467396">
        <ele>70.012785</ele>
        <time>2026-08-25T15:41:06.171Z</time>
      </trkpt>
      <trkpt lat="43.162036" lon="40.467087">
        <ele>68.291699</ele>
        <time>2026-08-25T15:41:09.259Z</time>
      </trkpt>
      <trkpt lat="43.162103" lon="40.466614">
        <ele>65.980350</ele>
        <time>2026-08-25T15:41:13.082Z</time>
      </trkpt>
      <trkpt lat="43.162594" lon="40.465755">
        <ele>60.745315</ele>
        <time>2026-08-25T15:41:21.138Z</time>
      </trkpt>
      <trkpt lat="43.162970" lon="40.464436">
        <ele>50.345101</ele>
        <time>2026-08-25T15:41:31.016Z</time>
      </trkpt>
      <trkpt lat="43.163002" lon="40.463775">
        <ele>44.748218</ele>
        <time>2026-08-25T15:41:35.549Z</time>
      </trkpt>
      <trkpt lat="43.163282" lon="40.462903">
        <ele>37.340787</ele>
        <time>2026-08-25T15:41:42.177Z</time>
      </trkpt>
      <trkpt lat="43.164886" lon="40.462590">
        <ele>28.979733</ele>
        <time>2026-08-25T15:41:54.461Z</time>
      </trkpt>
      <trkpt lat="43.165044" lon="40.462557">
        <ele>28.642765</ele>
        <time>2026-08-25T15:41:56.313Z</time>
      </trkpt>
      <trkpt lat="43.165229" lon="40.462518">
        <ele>28.799572</ele>
        <time>2026-08-25T15:41:58.729Z</time>
      </trkpt>
      <trkpt lat="43.165481" lon="40.462465">
        <ele>29.013156</ele>
        <time>2026-08-25T15:42:02.466Z</time>
      </trkpt>
      <trkpt lat="43.166749" lon="40.462223">
        <ele>30.087336</ele>
        <time>2026-08-25T15:42:25.686Z</time>
      </trkpt>
      <trkpt lat="43.166785" lon="40.462216">
        <ele>30.129806</ele>
        <time>2026-08-25T15:42:26.370Z</time>
      </trkpt>
      <trkpt lat="43.168548" lon="40.461436">
        <ele>32.379019</ele>
        <time>2026-08-25T15:42:53.484Z</time>
      </trkpt>
      <trkpt lat="43.170666" lon="40.460709">
        <ele>36.056875</ele>
        <time>2026-08-25T15:43:35.679Z</time>
      </trkpt>
      <trkpt lat="43.171126" lon="40.460687">
        <ele>36.210650</ele>
        <time>2026-08-25T15:43:42.076Z</time>
      </trkpt>
      <trkpt lat="43.172075" lon="40.459961">
        <ele>36.447734</ele>
        <time>2026-08-25T15:43:52.664Z</time>
      </trkpt>
      <trkpt lat="43.172714" lon="40.459644">
        <ele>36.299836</ele>
        <time>2026-08-25T15:43:59.596Z</time>
      </trkpt>
      <trkpt lat="43.173046" lon="40.459604">
        <ele>36.227299</ele>
        <time>2026-08-25T15:44:03.835Z</time>
      </trkpt>
      <trkpt lat="43.174290" lon="40.459129">
        <ele>36.782266</ele>
        <time>2026-08-25T15:44:21.241Z</time>
      </trkpt>
      <trkpt lat="43.174452" lon="40.458973">
        <ele>36.964705</ele>
        <time>2026-08-25T15:44:23.718Z</time>
      </trkpt>
      <trkpt lat="43.174590" lon="40.458745">
        <ele>37.163846</ele>
        <time>2026-08-25T15:44:26.760Z</time>
      </trkpt>
      <trkpt lat="43.174685" lon="40.458470">
        <ele>37.368362</ele>
        <time>2026-08-25T15:44:30.051Z</time>
      </trkpt>
      <trkpt lat="43.174822" lon="40.458075">
        <ele>37.662337</ele>
        <time>2026-08-25T15:44:36.582Z</time>
      </trkpt>
      <trkpt lat="43.175085" lon="40.457490">
        <ele>39.072497</ele>
        <time>2026-08-25T15:44:47.782Z</time>
      </trkpt>
      <trkpt lat="43.175359" lon="40.457266">
        <ele>40.139566</ele>
        <time>2026-08-25T15:44:56.365Z</time>
      </trkpt>
      <trkpt lat="43.176639" lon="40.456725">
        <ele>44.112723</ele>
        <time>2026-08-25T15:45:36.729Z</time>
      </trkpt>
      <trkpt lat="43.177396" lon="40.456128">
        <ele>45.269478</ele>
        <time>2026-08-25T15:45:55.756Z</time>
      </trkpt>
      <trkpt lat="43.177808" lon="40.455941">
        <ele>45.844346</ele>
        <time>2026-08-25T15:46:02.172Z</time>
      </trkpt>
      <trkpt lat="43.178106" lon="40.455940">
        <ele>46.217342</ele>
        <time>2026-08-25T15:46:06.236Z</time>
      </trkpt>
      <trkpt lat="43.178542" lon="40.456043">
        <ele>46.636572</ele>
        <time>2026-08-25T15:46:12.275Z</time>
      </trkpt>
      <trkpt lat="43.179267" lon="40.455985">
        <ele>47.324734</ele>
        <time>2026-08-25T15:46:25.400Z</time>
      </trkpt>
      <trkpt lat="43.180338" lon="40.455365">
        <ele>48.977064</ele>
        <time>2026-08-25T15:46:55.517Z</time>
      </trkpt>
      <trkpt lat="43.180769" lon="40.455281">
        <ele>49.795809</ele>
        <time>2026-08-25T15:47:05.503Z</time>
      </trkpt>
      <trkpt lat="43.181581" lon="40.455464">
        <ele>51.313715</ele>
        <time>2026-08-25T15:47:21.238Z</time>
      </trkpt>
      <trkpt lat="43.182097" lon="40.455298">
        <ele>51.993879</ele>
        <time>2026-08-25T15:47:31.399Z</time>
      </trkpt>
      <trkpt lat="43.182390" lon="40.454928">
        <ele>52.505015</ele>
        <time>2026-08-25T15:47:39.586Z</time>
      </trkpt>
      <trkpt lat="43.182949" lon="40.454499">
        <ele>53.327070</ele>
        <time>2026-08-25T15:47:53.225Z</time>
      </trkpt>
      <trkpt lat="43.183707" lon="40.454442">
        <ele>54.774650</ele>
        <time>2026-08-25T15:48:08.845Z</time>
      </trkpt>
      <trkpt lat="43.185035" lon="40.453988">
        <ele>58.103166</ele>
        <time>2026-08-25T15:48:39.391Z</time>
      </trkpt>
      <trkpt lat="43.185881" lon="40.453550">
        <ele>62.752129</ele>
        <time>2026-08-25T15:49:10.867Z</time>
      </trkpt>
      <trkpt lat="43.186649" lon="40.453031">
        <ele>66.677911</ele>
        <time>2026-08-25T15:49:43.569Z</time>
      </trkpt>
      <trkpt lat="43.186976" lon="40.452684">
        <ele>67.030125</ele>
        <time>2026-08-25T15:49:54.089Z</time>
      </trkpt>
      <trkpt lat="43.187213" lon="40.452625">
        <ele>67.235322</ele>
        <time>2026-08-25T15:49:58.341Z</time>
      </trkpt>
      <trkpt lat="43.187559" lon="40.452758">
        <ele>67.541434</ele>
        <time>2026-08-25T15:50:03.500Z</time>
      </trkpt>
      <trkpt lat="43.187785" lon="40.452894">
        <ele>67.751678</ele>
        <time>2026-08-25T15:50:06.665Z</time>
      </trkpt>
      <trkpt lat="43.187866" lon="40.452962">
        <ele>67.832581</ele>
        <time>2026-08-25T15:50:07.856Z</time>
      </trkpt>
      <trkpt lat="43.187964" lon="40.453037">
        <ele>67.928184</ele>
        <time>2026-08-25T15:50:09.251Z</time>
      </trkpt>
      <trkpt lat="43.188001" lon="40.453066">
        <ele>67.964488</ele>
        <time>2026-08-25T15:50:09.766Z</time>
      </trkpt>
      <trkpt lat="43.188086" lon="40.453147">
        <ele>68.052661</ele>
        <time>2026-08-25T15:50:11.046Z</time>
      </trkpt>
      <trkpt lat="43.188180" lon="40.453217">
        <ele>68.206692</ele>
        <time>2026-08-25T15:50:13.696Z</time>
      </trkpt>
      <trkpt lat="43.188563" lon="40.453643">
        <ele>69.566006</ele>
        <time>2026-08-25T15:50:26.905Z</time>
      </trkpt>
      <trkpt lat="43.188922" lon="40.453921">
        <ele>70.702459</ele>
        <time>2026-08-25T15:50:42.146Z</time>
      </trkpt>
      <trkpt lat="43.189844" lon="40.454346">
        <ele>73.402066</ele>
        <time>2026-08-25T15:51:28.946Z</time>
      </trkpt>
      <trkpt lat="43.190251" lon="40.454600">
        <ele>74.707583</ele>
        <time>2026-08-25T15:51:51.611Z</time>
      </trkpt>
      <trkpt lat="43.191019" lon="40.455344">
        <ele>77.452755</ele>
        <time>2026-08-25T15:52:29.175Z</time>
      </trkpt>
      <trkpt lat="43.191100" lon="40.455300">
        <ele>77.707117</ele>
        <time>2026-08-25T15:52:31.673Z</time>
      </trkpt>
      <trkpt lat="43.191086" lon="40.455177">
        <ele>77.972110</ele>
        <time>2026-08-25T15:52:34.190Z</time>
      </trkpt>
      <trkpt lat="43.190512" lon="40.454541">
        <ele>77.858048</ele>
        <time>2026-08-25T15:52:51.663Z</time>
      </trkpt>
      <trkpt lat="43.189905" lon="40.453961">
        <ele>77.297976</ele>
        <time>2026-08-25T15:53:09.362Z</time>
      </trkpt>
      <trkpt lat="43.189885" lon="40.453859">
        <ele>77.239673</ele>
        <time>2026-08-25T15:53:11.639Z</time>
      </trkpt>
      <trkpt lat="43.189973" lon="40.453797">
        <ele>77.164774</ele>
        <time>2026-08-25T15:53:14.723Z</time>
      </trkpt>
      <trkpt lat="43.190126" lon="40.453875">
        <ele>77.041197</ele>
        <time>2026-08-25T15:53:20.473Z</time>
      </trkpt>
      <trkpt lat="43.190427" lon="40.454252">
        <ele>79.084038</ele>
        <time>2026-08-25T15:53:37.814Z</time>
      </trkpt>
      <trkpt lat="43.191236" lon="40.454932">
        <ele>85.683398</ele>
        <time>2026-08-25T15:54:30.907Z</time>
      </trkpt>
      <trkpt lat="43.192766" lon="40.455969">
        <ele>98.452362</ele>
        <time>2026-08-25T15:56:08.471Z</time>
      </trkpt>
      <trkpt lat="43.193207" lon="40.455648">
        <ele>102.311157</ele>
        <time>2026-08-25T15:56:33.002Z</time>
      </trkpt>
      <trkpt lat="43.193417" lon="40.455668">
        <ele>103.952495</ele>
        <time>2026-08-25T15:56:43.128Z</time>
      </trkpt>
      <trkpt lat="43.193524" lon="40.455834">
        <ele>105.232802</ele>
        <time>2026-08-25T15:56:51.120Z</time>
      </trkpt>
      <trkpt lat="43.193529" lon="40.456187">
        <ele>107.272871</ele>
        <time>2026-08-25T15:57:04.692Z</time>
      </trkpt>
      <trkpt lat="43.193702" lon="40.456392">
        <ele>109.084799</ele>
        <time>2026-08-25T15:57:17.715Z</time>
      </trkpt>
      <trkpt lat="43.193911" lon="40.456490">
        <ele>110.835366</ele>
        <time>2026-08-25T15:57:30.578Z</time>
      </trkpt>
      <trkpt lat="43.194235" lon="40.456469">
        <ele>113.406132</ele>
        <time>2026-08-25T15:57:49.534Z</time>
      </trkpt>
      <trkpt lat="43.194794" lon="40.455990">
        <ele>118.446943</ele>
        <time>2026-08-25T15:58:26.619Z</time>
      </trkpt>
      <trkpt lat="43.195180" lon="40.455770">
        <ele>121.152810</ele>
        <time>2026-08-25T15:58:49.964Z</time>
      </trkpt>
      <trkpt lat="43.195396" lon="40.455805">
        <ele>122.560797</ele>
        <time>2026-08-25T15:59:02.116Z</time>
      </trkpt>
      <trkpt lat="43.195496" lon="40.456329">
        <ele>125.117031</ele>
        <time>2026-08-25T15:59:23.455Z</time>
      </trkpt>
      <trkpt lat="43.195542" lon="40.456477">
        <ele>125.876314</ele>
        <time>2026-08-25T15:59:29.360Z</time>
      </trkpt>
      <trkpt lat="43.195611" lon="40.456533">
        <ele>126.395309</ele>
        <time>2026-08-25T15:59:33.252Z</time>
      </trkpt>
      <trkpt lat="43.195700" lon="40.456405">
        <ele>127.230073</ele>
        <time>2026-08-25T15:59:39.194Z</time>
      </trkpt>
      <trkpt lat="43.195692" lon="40.455887">
        <ele>129.302039</ele>
        <time>2026-08-25T15:59:54.466Z</time>
      </trkpt>
      <trkpt lat="43.195574" lon="40.455560">
        <ele>129.420895</ele>
        <time>2026-08-25T16:00:04.511Z</time>
      </trkpt>
      <trkpt lat="43.195495" lon="40.455477">
        <ele>129.465360</ele>
        <time>2026-08-25T16:00:08.111Z</time>
      </trkpt>
      <trkpt lat="43.195325" lon="40.455406">
        <ele>129.544765</ele>
        <time>2026-08-25T16:00:14.361Z</time>
      </trkpt>
      <trkpt lat="43.194111" lon="40.455892">
        <ele>130.410675</ele>
        <time>2026-08-25T16:00:48.241Z</time>
      </trkpt>
      <trkpt lat="43.193967" lon="40.455858">
        <ele>131.093884</ele>
        <time>2026-08-25T16:00:52.020Z</time>
      </trkpt>
      <trkpt lat="43.193979" lon="40.455664">
        <ele>131.757569</ele>
        <time>2026-08-25T16:00:55.944Z</time>
      </trkpt>
      <trkpt lat="43.193869" lon="40.455389">
        <ele>132.826819</ele>
        <time>2026-08-25T16:01:03.144Z</time>
      </trkpt>
      <trkpt lat="43.193725" lon="40.455120">
        <ele>133.964439</ele>
        <time>2026-08-25T16:01:12.429Z</time>
      </trkpt>
      <trkpt lat="43.193152" lon="40.454890">
        <ele>136.756000</ele>
        <time>2026-08-25T16:01:43.213Z</time>
      </trkpt>
      <trkpt lat="43.193146" lon="40.454763">
        <ele>137.189833</ele>
        <time>2026-08-25T16:01:48.726Z</time>
      </trkpt>
      <trkpt lat="43.193213" lon="40.454685">
        <ele>137.600732</ele>
        <time>2026-08-25T16:01:54.067Z</time>
      </trkpt>
      <trkpt lat="43.193718" lon="40.454784">
        <ele>141.635463</ele>
        <time>2026-08-25T16:02:26.844Z</time>
      </trkpt>
      <trkpt lat="43.194018" lon="40.454660">
        <ele>144.713754</ele>
        <time>2026-08-25T16:02:47.471Z</time>
      </trkpt>
      <trkpt lat="43.194420" lon="40.454348">
        <ele>149.251636</ele>
        <time>2026-08-25T16:03:17.826Z</time>
      </trkpt>
      <trkpt lat="43.194563" lon="40.454325">
        <ele>150.666180</ele>
        <time>2026-08-25T16:03:26.924Z</time>
      </trkpt>
      <trkpt lat="43.195063" lon="40.454546">
        <ele>155.827215</ele>
        <time>2026-08-25T16:03:57.979Z</time>
      </trkpt>
      <trkpt lat="43.195391" lon="40.454561">
        <ele>158.154549</ele>
        <time>2026-08-25T16:04:15.352Z</time>
      </trkpt>
      <trkpt lat="43.195965" lon="40.454427">
        <ele>162.101109</ele>
        <time>2026-08-25T16:04:43.980Z</time>
      </trkpt>
      <trkpt lat="43.196129" lon="40.454453">
        <ele>163.220113</ele>
        <time>2026-08-25T16:04:51.986Z</time>
      </trkpt>
      <trkpt lat="43.196545" lon="40.454721">
        <ele>166.335284</ele>
        <time>2026-08-25T16:05:14.804Z</time>
      </trkpt>
      <trkpt lat="43.197142" lon="40.454875">
        <ele>170.284003</ele>
        <time>2026-08-25T16:05:46.540Z</time>
      </trkpt>
      <trkpt lat="43.198276" lon="40.454882">
        <ele>177.353563</ele>
        <time>2026-08-25T16:06:44.741Z</time>
      </trkpt>
      <trkpt lat="43.198524" lon="40.455016">
        <ele>179.015236</ele>
        <time>2026-08-25T16:06:57.007Z</time>
      </trkpt>
      <trkpt lat="43.199440" lon="40.455939">
        <ele>185.200140</ele>
        <time>2026-08-25T16:07:46.211Z</time>
      </trkpt>
      <trkpt lat="43.199858" lon="40.456427">
        <ele>188.150567</ele>
        <time>2026-08-25T16:08:12.589Z</time>
      </trkpt>
      <trkpt lat="43.200609" lon="40.456856">
        <ele>192.048634</ele>
        <time>2026-08-25T16:08:56.863Z</time>
      </trkpt>
      <trkpt lat="43.201406" lon="40.456837">
        <ele>195.715384</ele>
        <time>2026-08-25T16:09:33.840Z</time>
      </trkpt>
      <trkpt lat="43.201597" lon="40.457072">
        <ele>196.895584</ele>
        <time>2026-08-25T16:09:42.701Z</time>
      </trkpt>
      <trkpt lat="43.201649" lon="40.457832">
        <ele>197.882858</ele>
        <time>2026-08-25T16:09:58.213Z</time>
      </trkpt>
      <trkpt lat="43.201725" lon="40.458044">
        <ele>198.036236</ele>
        <time>2026-08-25T16:10:02.657Z</time>
      </trkpt>
      <trkpt lat="43.202219" lon="40.458293">
        <ele>198.504960</ele>
        <time>2026-08-25T16:10:16.180Z</time>
      </trkpt>
      <trkpt lat="43.202478" lon="40.458581">
        <ele>198.801890</ele>
        <time>2026-08-25T16:10:26.700Z</time>
      </trkpt>
      <trkpt lat="43.203004" lon="40.458592">
        <ele>200.377945</ele>
        <time>2026-08-25T16:10:48.411Z</time>
      </trkpt>
      <trkpt lat="43.203764" lon="40.459060">
        <ele>206.156101</ele>
        <time>2026-08-25T16:11:33.852Z</time>
      </trkpt>
      <trkpt lat="43.204800" lon="40.459346">
        <ele>212.998490</ele>
        <time>2026-08-25T16:12:33.344Z</time>
      </trkpt>
      <trkpt lat="43.205147" lon="40.459236">
        <ele>214.835983</ele>
        <time>2026-08-25T16:12:51.508Z</time>
      </trkpt>
      <trkpt lat="43.205821" lon="40.458821">
        <ele>218.647604</ele>
        <time>2026-08-25T16:13:25.019Z</time>
      </trkpt>
      <trkpt lat="43.206266" lon="40.458817">
        <ele>220.881937</ele>
        <time>2026-08-25T16:13:42.093Z</time>
      </trkpt>
      <trkpt lat="43.206577" lon="40.459046">
        <ele>221.312598</ele>
        <time>2026-08-25T16:13:54.876Z</time>
      </trkpt>
      <trkpt lat="43.207021" lon="40.459541">
        <ele>222.010651</ele>
        <time>2026-08-25T16:14:14.432Z</time>
      </trkpt>
      <trkpt lat="43.208983" lon="40.460041">
        <ele>223.825736</ele>
        <time>2026-08-25T16:15:15.576Z</time>
      </trkpt>
      <trkpt lat="43.209926" lon="40.460791">
        <ele>225.116153</ele>
        <time>2026-08-25T16:15:51.676Z</time>
      </trkpt>
      <trkpt lat="43.210510" lon="40.461264">
        <ele>226.450410</ele>
        <time>2026-08-25T16:16:18.790Z</time>
      </trkpt>
      <trkpt lat="43.211180" lon="40.461550">
        <ele>227.749489</ele>
        <time>2026-08-25T16:16:46.043Z</time>
      </trkpt>
      <trkpt lat="43.211581" lon="40.461495">
        <ele>225.318563</ele>
        <time>2026-08-25T16:16:57.538Z</time>
      </trkpt>
      <trkpt lat="43.211996" lon="40.461370">
        <ele>222.755633</ele>
        <time>2026-08-25T16:17:07.251Z</time>
      </trkpt>
      <trkpt lat="43.212583" lon="40.461460">
        <ele>219.192755</ele>
        <time>2026-08-25T16:17:19.130Z</time>
      </trkpt>
      <trkpt lat="43.212920" lon="40.461383">
        <ele>217.131945</ele>
        <time>2026-08-25T16:17:25.665Z</time>
      </trkpt>
      <trkpt lat="43.213184" lon="40.461126">
        <ele>214.361495</ele>
        <time>2026-08-25T16:17:31.761Z</time>
      </trkpt>
      <trkpt lat="43.213315" lon="40.460773">
        <ele>211.820699</ele>
        <time>2026-08-25T16:17:37.170Z</time>
      </trkpt>
      <trkpt lat="43.213365" lon="40.460454">
        <ele>209.727827</ele>
        <time>2026-08-25T16:17:41.612Z</time>
      </trkpt>
      <trkpt lat="43.213369" lon="40.459215">
        <ele>201.780717</ele>
        <time>2026-08-25T16:18:00.018Z</time>
      </trkpt>
      <trkpt lat="43.213341" lon="40.458925">
        <ele>201.383645</ele>
        <time>2026-08-25T16:18:05.815Z</time>
      </trkpt>
      <trkpt lat="43.213580" lon="40.458384">
        <ele>202.215854</ele>
        <time>2026-08-25T16:18:49.710Z</time>
      </trkpt>
      <trkpt lat="43.213791" lon="40.458438">
        <ele>202.603270</ele>
        <time>2026-08-25T16:19:11.525Z</time>
      </trkpt>
      <trkpt lat="43.213995" lon="40.458373">
        <ele>202.981281</ele>
        <time>2026-08-25T16:19:33.375Z</time>
      </trkpt>
      <trkpt lat="43.214143" lon="40.458266">
        <ele>203.283230</ele>
        <time>2026-08-25T16:19:51.416Z</time>
      </trkpt>
      <trkpt lat="43.214084" lon="40.457818">
        <ele>203.882101</ele>
        <time>2026-08-25T16:20:26.867Z</time>
      </trkpt>
      <trkpt lat="43.213890" lon="40.457060">
        <ele>203.128705</ele>
        <time>2026-08-25T16:21:22.288Z</time>
      </trkpt>
      <trkpt lat="43.213755" lon="40.456737">
        <ele>202.036703</ele>
        <time>2026-08-25T16:21:45.030Z</time>
      </trkpt>
      <trkpt lat="43.213552" lon="40.455868">
        <ele>199.360405</ele>
        <time>2026-08-25T16:22:36.565Z</time>
      </trkpt>
      <trkpt lat="43.213423" lon="40.455120">
        <ele>197.074870</ele>
        <time>2026-08-25T16:23:17.348Z</time>
      </trkpt>
      <trkpt lat="43.212587" lon="40.454609">
        <ele>190.047717</ele>
        <time>2026-08-25T16:24:22.351Z</time>
      </trkpt>
      <trkpt lat="43.211928" lon="40.454361">
        <ele>184.800876</ele>
        <time>2026-08-25T16:25:12.903Z</time>
      </trkpt>
      <trkpt lat="43.211646" lon="40.454512">
        <ele>182.742441</ele>
        <time>2026-08-25T16:25:36.176Z</time>
      </trkpt>
      <trkpt lat="43.211647" lon="40.454271">
        <ele>181.813888</ele>
        <time>2026-08-25T16:25:40.170Z</time>
      </trkpt>
      <trkpt lat="43.211774" lon="40.454068">
        <ele>180.783131</ele>
        <time>2026-08-25T16:25:44.691Z</time>
      </trkpt>
      <trkpt lat="43.212998" lon="40.453840">
        <ele>174.253272</ele>
        <time>2026-08-25T16:26:11.992Z</time>
      </trkpt>
      <trkpt lat="43.213204" lon="40.453655">
        <ele>173.177946</ele>
        <time>2026-08-25T16:26:17.007Z</time>
      </trkpt>
      <trkpt lat="43.213527" lon="40.453275">
        <ele>171.513470</ele>
        <time>2026-08-25T16:26:25.774Z</time>
      </trkpt>
      <trkpt lat="43.213834" lon="40.452653">
        <ele>169.371667</ele>
        <time>2026-08-25T16:26:37.790Z</time>
      </trkpt>
      <trkpt lat="43.214022" lon="40.452601">
        <ele>168.621408</ele>
        <time>2026-08-25T16:26:42.385Z</time>
      </trkpt>
      <trkpt lat="43.214228" lon="40.452698">
        <ele>167.769394</ele>
        <time>2026-08-25T16:26:48.041Z</time>
      </trkpt>
      <trkpt lat="43.214391" lon="40.452816">
        <ele>167.048424</ele>
        <time>2026-08-25T16:26:53.293Z</time>
      </trkpt>
      <trkpt lat="43.214526" lon="40.453124">
        <ele>166.613870</ele>
        <time>2026-08-25T16:27:01.752Z</time>
      </trkpt>
      <trkpt lat="43.214536" lon="40.453497">
        <ele>166.374203</ele>
        <time>2026-08-25T16:27:11.475Z</time>
      </trkpt>
      <trkpt lat="43.214579" lon="40.453738">
        <ele>166.214885</ele>
        <time>2026-08-25T16:27:18.236Z</time>
      </trkpt>
      <trkpt lat="43.215139" lon="40.454558">
        <ele>165.493317</ele>
        <time>2026-08-25T16:27:43.652Z</time>
      </trkpt>
      <trkpt lat="43.215390" lon="40.455079">
        <ele>164.388480</ele>
        <time>2026-08-25T16:27:53.720Z</time>
      </trkpt>
      <trkpt lat="43.215577" lon="40.455336">
        <ele>162.641593</ele>
        <time>2026-08-25T16:27:59.272Z</time>
      </trkpt>
      <trkpt lat="43.215832" lon="40.455449">
        <ele>160.872927</ele>
        <time>2026-08-25T16:28:04.782Z</time>
      </trkpt>
      <trkpt lat="43.216116" lon="40.455359">
        <ele>158.949104</ele>
        <time>2026-08-25T16:28:10.692Z</time>
      </trkpt>
      <trkpt lat="43.216588" lon="40.455020">
        <ele>155.432819</ele>
        <time>2026-08-25T16:28:21.457Z</time>
      </trkpt>
      <trkpt lat="43.217430" lon="40.454290">
        <ele>150.946224</ele>
        <time>2026-08-25T16:28:42.719Z</time>
      </trkpt>
      <trkpt lat="43.217698" lon="40.453908">
        <ele>149.586604</ele>
        <time>2026-08-25T16:28:51.847Z</time>
      </trkpt>
      <trkpt lat="43.217988" lon="40.453411">
        <ele>147.954080</ele>
        <time>2026-08-25T16:29:03.555Z</time>
      </trkpt>
      <trkpt lat="43.218123" lon="40.453281">
        <ele>147.373795</ele>
        <time>2026-08-25T16:29:08.002Z</time>
      </trkpt>
      <trkpt lat="43.218414" lon="40.453218">
        <ele>147.115921</ele>
        <time>2026-08-25T16:29:16.366Z</time>
      </trkpt>
      <trkpt lat="43.218627" lon="40.453068">
        <ele>147.262259</ele>
        <time>2026-08-25T16:29:23.625Z</time>
      </trkpt>
      <trkpt lat="43.218926" lon="40.452726">
        <ele>147.500183</ele>
        <time>2026-08-25T16:29:35.862Z</time>
      </trkpt>
      <trkpt lat="43.219445" lon="40.452283">
        <ele>147.873779</ele>
        <time>2026-08-25T16:29:55.777Z</time>
      </trkpt>
      <trkpt lat="43.219909" lon="40.451493">
        <ele>148.707217</ele>
        <time>2026-08-25T16:30:21.526Z</time>
      </trkpt>
      <trkpt lat="43.220208" lon="40.450821">
        <ele>149.650798</ele>
        <time>2026-08-25T16:30:42.379Z</time>
      </trkpt>
      <trkpt lat="43.220393" lon="40.450772">
        <ele>149.960650</ele>
        <time>2026-08-25T16:30:49.033Z</time>
      </trkpt>
      <trkpt lat="43.220746" lon="40.450862">
        <ele>150.551102</ele>
        <time>2026-08-25T16:31:01.448Z</time>
      </trkpt>
      <trkpt lat="43.220973" lon="40.450751">
        <ele>150.947402</ele>
        <time>2026-08-25T16:31:09.592Z</time>
      </trkpt>
      <trkpt lat="43.221314" lon="40.450366">
        <ele>150.937642</ele>
        <time>2026-08-25T16:31:24.915Z</time>
      </trkpt>
      <trkpt lat="43.221497" lon="40.450297">
        <ele>150.876632</ele>
        <time>2026-08-25T16:31:31.211Z</time>
      </trkpt>
      <trkpt lat="43.221842" lon="40.450334">
        <ele>150.765386</ele>
        <time>2026-08-25T16:31:41.387Z</time>
      </trkpt>
      <trkpt lat="43.222386" lon="40.450630">
        <ele>150.577261</ele>
        <time>2026-08-25T16:31:57.145Z</time>
      </trkpt>
      <trkpt lat="43.222627" lon="40.450633">
        <ele>150.499783</ele>
        <time>2026-08-25T16:32:03.363Z</time>
      </trkpt>
      <trkpt lat="43.222833" lon="40.450509">
        <ele>149.996435</ele>
        <time>2026-08-25T16:32:09.008Z</time>
      </trkpt>
      <trkpt lat="43.223623" lon="40.449705">
        <ele>147.074408</ele>
        <time>2026-08-25T16:32:32.439Z</time>
      </trkpt>
      <trkpt lat="43.224506" lon="40.449081">
        <ele>144.058418</ele>
        <time>2026-08-25T16:32:55.436Z</time>
      </trkpt>
      <trkpt lat="43.224899" lon="40.448853">
        <ele>142.709083</ele>
        <time>2026-08-25T16:33:05.378Z</time>
      </trkpt>
      <trkpt lat="43.225934" lon="40.448517">
        <ele>139.346858</ele>
        <time>2026-08-25T16:33:30.879Z</time>
      </trkpt>
      <trkpt lat="43.226134" lon="40.448487">
        <ele>138.718325</ele>
        <time>2026-08-25T16:33:35.773Z</time>
      </trkpt>
      <trkpt lat="43.226077" lon="40.448310">
        <ele>138.277813</ele>
        <time>2026-08-25T16:33:36.963Z</time>
      </trkpt>
      <trkpt lat="43.226036" lon="40.448151">
        <ele>137.893875</ele>
        <time>2026-08-25T16:33:37.986Z</time>
      </trkpt>
      <trkpt lat="43.225757" lon="40.447055">
        <ele>135.251100</ele>
        <time>2026-08-25T16:33:44.973Z</time>
      </trkpt>
      <trkpt lat="43.225506" lon="40.446377">
        <ele>133.486041</ele>
        <time>2026-08-25T16:33:49.332Z</time>
      </trkpt>
      <trkpt lat="43.225006" lon="40.445355">
        <ele>130.376383</ele>
        <time>2026-08-25T16:33:56.395Z</time>
      </trkpt>
      <trkpt lat="43.224750" lon="40.444688">
        <ele>128.471989</ele>
        <time>2026-08-25T16:34:00.868Z</time>
      </trkpt>
      <trkpt lat="43.224291" lon="40.442838">
        <ele>123.082209</ele>
        <time>2026-08-25T16:34:12.430Z</time>
      </trkpt>
      <trkpt lat="43.224162" lon="40.442530">
        <ele>122.084627</ele>
        <time>2026-08-25T16:34:14.396Z</time>
      </trkpt>
      <trkpt lat="43.224050" lon="40.442338">
        <ele>121.393992</ele>
        <time>2026-08-25T16:34:15.754Z</time>
      </trkpt>
      <trkpt lat="43.223780" lon="40.441940">
        <ele>119.622568</ele>
        <time>2026-08-25T16:34:18.724Z</time>
      </trkpt>
      <trkpt lat="43.223628" lon="40.441783">
        <ele>118.664023</ele>
        <time>2026-08-25T16:34:20.140Z</time>
      </trkpt>
      <trkpt lat="43.223402" lon="40.441614">
        <ele>117.367233</ele>
        <time>2026-08-25T16:34:22.049Z</time>
      </trkpt>
      <trkpt lat="43.222615" lon="40.441187">
        <ele>113.103232</ele>
        <time>2026-08-25T16:34:28.428Z</time>
      </trkpt>
      <trkpt lat="43.222244" lon="40.440920">
        <ele>111.135235</ele>
        <time>2026-08-25T16:34:31.607Z</time>
      </trkpt>
      <trkpt lat="43.222051" lon="40.440707">
        <ele>110.180846</ele>
        <time>2026-08-25T16:34:33.497Z</time>
      </trkpt>
      <trkpt lat="43.221616" lon="40.440087">
        <ele>107.764049</ele>
        <time>2026-08-25T16:34:38.281Z</time>
      </trkpt>
      <trkpt lat="43.221100" lon="40.439340">
        <ele>104.873760</ele>
        <time>2026-08-25T16:34:44.251Z</time>
      </trkpt>
      <trkpt lat="43.220831" lon="40.439081">
        <ele>104.817810</ele>
        <time>2026-08-25T16:34:47.162Z</time>
      </trkpt>
      <trkpt lat="43.220665" lon="40.438959">
        <ele>104.919983</ele>
        <time>2026-08-25T16:34:48.988Z</time>
      </trkpt>
      <trkpt lat="43.219421" lon="40.438313">
        <ele>105.641679</ele>
        <time>2026-08-25T16:35:10.683Z</time>
      </trkpt>
      <trkpt lat="43.219212" lon="40.438181">
        <ele>106.128611</ele>
        <time>2026-08-25T16:35:15.835Z</time>
      </trkpt>
      <trkpt lat="43.219050" lon="40.438028">
        <ele>106.551591</ele>
        <time>2026-08-25T16:35:20.212Z</time>
      </trkpt>
      <trkpt lat="43.218772" lon="40.437690">
        <ele>107.350450</ele>
        <time>2026-08-25T16:35:28.273Z</time>
      </trkpt>
      <trkpt lat="43.218680" lon="40.437499">
        <ele>107.709305</ele>
        <time>2026-08-25T16:35:31.713Z</time>
      </trkpt>
      <trkpt lat="43.218608" lon="40.437279">
        <ele>108.087308</ele>
        <time>2026-08-25T16:35:35.197Z</time>
      </trkpt>
      <trkpt lat="43.218545" lon="40.436978">
        <ele>108.578166</ele>
        <time>2026-08-25T16:35:39.485Z</time>
      </trkpt>
      <trkpt lat="43.218511" lon="40.436723">
        <ele>108.984486</ele>
        <time>2026-08-25T16:35:42.759Z</time>
      </trkpt>
      <trkpt lat="43.218515" lon="40.436440">
        <ele>109.428142</ele>
        <time>2026-08-25T16:35:45.988Z</time>
      </trkpt>
      <trkpt lat="43.218547" lon="40.436157">
        <ele>109.771846</ele>
        <time>2026-08-25T16:35:48.893Z</time>
      </trkpt>
      <trkpt lat="43.218657" lon="40.435804">
        <ele>110.199792</ele>
        <time>2026-08-25T16:35:52.397Z</time>
      </trkpt>
      <trkpt lat="43.219136" lon="40.434804">
        <ele>111.533700</ele>
        <time>2026-08-25T16:36:04.645Z</time>
      </trkpt>
      <trkpt lat="43.219265" lon="40.434484">
        <ele>111.941333</ele>
        <time>2026-08-25T16:36:09.797Z</time>
      </trkpt>
      <trkpt lat="43.219415" lon="40.433982">
        <ele>113.035191</ele>
        <time>2026-08-25T16:36:18.846Z</time>
      </trkpt>
      <trkpt lat="43.219451" lon="40.433318">
        <ele>115.064354</ele>
        <time>2026-08-25T16:36:32.043Z</time>
      </trkpt>
      <trkpt lat="43.219295" lon="40.431168">
        <ele>118.470802</ele>
        <time>2026-08-25T16:37:14.397Z</time>
      </trkpt>
      <trkpt lat="43.219304" lon="40.430851">
        <ele>117.788350</ele>
        <time>2026-08-25T16:37:16.882Z</time>
      </trkpt>
      <trkpt lat="43.219350" lon="40.430507">
        <ele>117.035978</ele>
        <time>2026-08-25T16:37:19.053Z</time>
      </trkpt>
      <trkpt lat="43.219408" lon="40.430267">
        <ele>116.492038</ele>
        <time>2026-08-25T16:37:20.475Z</time>
      </trkpt>
      <trkpt lat="43.219775" lon="40.429275">
        <ele>113.177070</ele>
        <time>2026-08-25T16:37:26.177Z</time>
      </trkpt>
      <trkpt lat="43.219812" lon="40.429182">
        <ele>112.392712</ele>
        <time>2026-08-25T16:37:26.699Z</time>
      </trkpt>
      <trkpt lat="43.220512" lon="40.427502">
        <ele>98.067061</ele>
        <time>2026-08-25T16:37:36.280Z</time>
      </trkpt>
      <trkpt lat="43.221543" lon="40.424680">
        <ele>81.541172</ele>
        <time>2026-08-25T16:37:52.682Z</time>
      </trkpt>
      <trkpt lat="43.221906" lon="40.423721">
        <ele>78.669370</ele>
        <time>2026-08-25T16:37:59.248Z</time>
      </trkpt>
      <trkpt lat="43.222301" lon="40.422541">
        <ele>75.221544</ele>
        <time>2026-08-25T16:38:07.587Z</time>
      </trkpt>
      <trkpt lat="43.222624" lon="40.421334">
        <ele>71.815601</ele>
        <time>2026-08-25T16:38:14.916Z</time>
      </trkpt>
      <trkpt lat="43.222675" lon="40.421140">
        <ele>71.269307</ele>
        <time>2026-08-25T16:38:16.073Z</time>
      </trkpt>
      <trkpt lat="43.222993" lon="40.419946">
        <ele>67.977938</ele>
        <time>2026-08-25T16:38:23.265Z</time>
      </trkpt>
      <trkpt lat="43.223343" lon="40.418695">
        <ele>64.586728</ele>
        <time>2026-08-25T16:38:31.094Z</time>
      </trkpt>
      <trkpt lat="43.223509" lon="40.417894">
        <ele>62.776317</ele>
        <time>2026-08-25T16:38:36.107Z</time>
      </trkpt>
      <trkpt lat="43.223645" lon="40.416614">
        <ele>60.608453</ele>
        <time>2026-08-25T16:38:44.133Z</time>
      </trkpt>
      <trkpt lat="43.223692" lon="40.415714">
        <ele>59.138555</ele>
        <time>2026-08-25T16:38:49.951Z</time>
      </trkpt>
      <trkpt lat="43.223803" lon="40.410879">
        <ele>53.898520</ele>
        <time>2026-08-25T16:39:22.533Z</time>
      </trkpt>
      <trkpt lat="43.223759" lon="40.410017">
        <ele>52.842143</ele>
        <time>2026-08-25T16:39:28.396Z</time>
      </trkpt>
      <trkpt lat="43.223664" lon="40.409124">
        <ele>51.734507</ele>
        <time>2026-08-25T16:39:34.342Z</time>
      </trkpt>
      <trkpt lat="43.223652" lon="40.409022">
        <ele>51.607697</ele>
        <time>2026-08-25T16:39:35.010Z</time>
      </trkpt>
      <trkpt lat="43.223511" lon="40.407737">
        <ele>50.112119</ele>
        <time>2026-08-25T16:39:43.375Z</time>
      </trkpt>
      <trkpt lat="43.223498" lon="40.407379">
        <ele>49.724797</ele>
        <time>2026-08-25T16:39:45.719Z</time>
      </trkpt>
      <trkpt lat="43.223513" lon="40.406833">
        <ele>49.134389</ele>
        <time>2026-08-25T16:39:49.364Z</time>
      </trkpt>
      <trkpt lat="43.223968" lon="40.403673">
        <ele>46.231430</ele>
        <time>2026-08-25T16:40:12.334Z</time>
      </trkpt>
      <trkpt lat="43.224179" lon="40.402541">
        <ele>44.480056</ele>
        <time>2026-08-25T16:40:19.828Z</time>
      </trkpt>
      <trkpt lat="43.224454" lon="40.401392">
        <ele>42.563058</ele>
        <time>2026-08-25T16:40:27.220Z</time>
      </trkpt>
      <trkpt lat="43.224738" lon="40.400471">
        <ele>41.485203</ele>
        <time>2026-08-25T16:40:33.484Z</time>
      </trkpt>
      <trkpt lat="43.225409" lon="40.398671">
        <ele>39.895950</ele>
        <time>2026-08-25T16:40:48.294Z</time>
      </trkpt>
      <trkpt lat="43.226150" lon="40.396788">
        <ele>39.809176</ele>
        <time>2026-08-25T16:41:07.323Z</time>
      </trkpt>
      <trkpt lat="43.227803" lon="40.392477">
        <ele>40.547822</ele>
        <time>2026-08-25T16:41:51.235Z</time>
      </trkpt>
      <trkpt lat="43.228711" lon="40.390145">
        <ele>41.900266</ele>
        <time>2026-08-25T16:42:18.861Z</time>
      </trkpt>
      <trkpt lat="43.229254" lon="40.388753">
        <ele>42.789930</ele>
        <time>2026-08-25T16:42:35.375Z</time>
      </trkpt>
      <trkpt lat="43.229621" lon="40.387686">
        <ele>43.281824</ele>
        <time>2026-08-25T16:42:47.951Z</time>
      </trkpt>
      <trkpt lat="43.229935" lon="40.386626">
        <ele>43.433216</ele>
        <time>2026-08-25T16:42:59.230Z</time>
      </trkpt>
      <trkpt lat="43.230094" lon="40.386022">
        <ele>43.518184</ele>
        <time>2026-08-25T16:43:04.406Z</time>
      </trkpt>
      <trkpt lat="43.230314" lon="40.385076">
        <ele>43.004186</ele>
        <time>2026-08-25T16:43:11.872Z</time>
      </trkpt>
      <trkpt lat="43.230526" lon="40.384152">
        <ele>42.254266</ele>
        <time>2026-08-25T16:43:18.435Z</time>
      </trkpt>
      <trkpt lat="43.230792" lon="40.382809">
        <ele>41.341725</ele>
        <time>2026-08-25T16:43:28.083Z</time>
      </trkpt>
      <trkpt lat="43.230879" lon="40.382392">
        <ele>41.124348</ele>
        <time>2026-08-25T16:43:31.133Z</time>
      </trkpt>
      <trkpt lat="43.231235" lon="40.380786">
        <ele>40.354178</ele>
        <time>2026-08-25T16:43:44.534Z</time>
      </trkpt>
      <trkpt lat="43.231557" lon="40.379291">
        <ele>40.020430</ele>
        <time>2026-08-25T16:43:57.434Z</time>
      </trkpt>
      <trkpt lat="43.231612" lon="40.378883">
        <ele>39.931601</ele>
        <time>2026-08-25T16:44:00.684Z</time>
      </trkpt>
      <trkpt lat="43.231646" lon="40.378428">
        <ele>39.825092</ele>
        <time>2026-08-25T16:44:04.191Z</time>
      </trkpt>
      <trkpt lat="43.231642" lon="40.377718">
        <ele>39.644080</ele>
        <time>2026-08-25T16:44:09.765Z</time>
      </trkpt>
      <trkpt lat="43.231608" lon="40.377019">
        <ele>39.465481</ele>
        <time>2026-08-25T16:44:15.309Z</time>
      </trkpt>
      <trkpt lat="43.231471" lon="40.376390">
        <ele>39.298113</ele>
        <time>2026-08-25T16:44:20.595Z</time>
      </trkpt>
      <trkpt lat="43.231362" lon="40.376001">
        <ele>39.182475</ele>
        <time>2026-08-25T16:44:24.006Z</time>
      </trkpt>
      <trkpt lat="43.231153" lon="40.375427">
        <ele>38.992171</ele>
        <time>2026-08-25T16:44:29.193Z</time>
      </trkpt>
      <trkpt lat="43.230848" lon="40.374817">
        <ele>38.772762</ele>
        <time>2026-08-25T16:44:34.887Z</time>
      </trkpt>
      <trkpt lat="43.230583" lon="40.374331">
        <ele>38.592736</ele>
        <time>2026-08-25T16:44:39.556Z</time>
      </trkpt>
      <trkpt lat="43.230307" lon="40.373825">
        <ele>38.381637</ele>
        <time>2026-08-25T16:44:44.497Z</time>
      </trkpt>
      <trkpt lat="43.230090" lon="40.373394">
        <ele>38.193454</ele>
        <time>2026-08-25T16:44:48.606Z</time>
      </trkpt>
      <trkpt lat="43.229804" lon="40.372718">
        <ele>37.912663</ele>
        <time>2026-08-25T16:44:54.739Z</time>
      </trkpt>
      <trkpt lat="43.229613" lon="40.372186">
        <ele>37.699626</ele>
        <time>2026-08-25T16:44:59.286Z</time>
      </trkpt>
      <trkpt lat="43.229377" lon="40.371528">
        <ele>37.284272</ele>
        <time>2026-08-25T16:45:04.729Z</time>
      </trkpt>
      <trkpt lat="43.228727" lon="40.369751">
        <ele>36.016566</ele>
        <time>2026-08-25T16:45:18.946Z</time>
      </trkpt>
      <trkpt lat="43.228472" lon="40.369133">
        <ele>35.619599</ele>
        <time>2026-08-25T16:45:24.146Z</time>
      </trkpt>
      <trkpt lat="43.228208" lon="40.368465">
        <ele>35.194839</ele>
        <time>2026-08-25T16:45:29.751Z</time>
      </trkpt>
      <trkpt lat="43.227697" lon="40.367127">
        <ele>34.441350</ele>
        <time>2026-08-25T16:45:41.147Z</time>
      </trkpt>
      <trkpt lat="43.227062" lon="40.365418">
        <ele>33.684294</ele>
        <time>2026-08-25T16:45:55.684Z</time>
      </trkpt>
      <trkpt lat="43.226898" lon="40.364871">
        <ele>33.730337</ele>
        <time>2026-08-25T16:46:00.505Z</time>
      </trkpt>
      <trkpt lat="43.226803" lon="40.364481">
        <ele>33.762346</ele>
        <time>2026-08-25T16:46:04.027Z</time>
      </trkpt>
      <trkpt lat="43.226397" lon="40.362420">
        <ele>34.064267</ele>
        <time>2026-08-25T16:46:24.518Z</time>
      </trkpt>
      <trkpt lat="43.226160" lon="40.361048">
        <ele>34.450539</ele>
        <time>2026-08-25T16:46:38.385Z</time>
      </trkpt>
      <trkpt lat="43.226134" lon="40.360537">
        <ele>34.510783</ele>
        <time>2026-08-25T16:46:42.961Z</time>
      </trkpt>
      <trkpt lat="43.226190" lon="40.359974">
        <ele>34.354677</ele>
        <time>2026-08-25T16:46:47.754Z</time>
      </trkpt>
      <trkpt lat="43.226257" lon="40.359640">
        <ele>34.259504</ele>
        <time>2026-08-25T16:46:50.550Z</time>
      </trkpt>
      <trkpt lat="43.226684" lon="40.358026">
        <ele>33.842588</ele>
        <time>2026-08-25T16:47:03.465Z</time>
      </trkpt>
      <trkpt lat="43.226798" lon="40.357484">
        <ele>33.787599</ele>
        <time>2026-08-25T16:47:07.842Z</time>
      </trkpt>
      <trkpt lat="43.226856" lon="40.356765">
        <ele>33.717085</ele>
        <time>2026-08-25T16:47:14.077Z</time>
      </trkpt>
      <trkpt lat="43.226972" lon="40.354731">
        <ele>33.867862</ele>
        <time>2026-08-25T16:47:32.620Z</time>
      </trkpt>
      <trkpt lat="43.227201" lon="40.353636">
        <ele>34.097692</ele>
        <time>2026-08-25T16:47:43.084Z</time>
      </trkpt>
      <trkpt lat="43.227439" lon="40.352489">
        <ele>34.861143</ele>
        <time>2026-08-25T16:47:55.043Z</time>
      </trkpt>
      <trkpt lat="43.227537" lon="40.352065">
        <ele>35.176274</ele>
        <time>2026-08-25T16:48:00.356Z</time>
      </trkpt>
      <trkpt lat="43.227691" lon="40.351402">
        <ele>35.669262</ele>
        <time>2026-08-25T16:48:08.661Z</time>
      </trkpt>
      <trkpt lat="43.227841" lon="40.350499">
        <ele>36.018689</ele>
        <time>2026-08-25T16:48:19.251Z</time>
      </trkpt>
      <trkpt lat="43.227994" lon="40.348916">
        <ele>36.372848</ele>
        <time>2026-08-25T16:48:33.918Z</time>
      </trkpt>
      <trkpt lat="43.228054" lon="40.348488">
        <ele>36.265121</ele>
        <time>2026-08-25T16:48:37.125Z</time>
      </trkpt>
      <trkpt lat="43.228148" lon="40.347849">
        <ele>35.724452</ele>
        <time>2026-08-25T16:48:41.659Z</time>
      </trkpt>
      <trkpt lat="43.228203" lon="40.347462">
        <ele>35.397432</ele>
        <time>2026-08-25T16:48:44.298Z</time>
      </trkpt>
      <trkpt lat="43.228288" lon="40.346435">
        <ele>34.540180</ele>
        <time>2026-08-25T16:48:51.261Z</time>
      </trkpt>
      <trkpt lat="43.228308" lon="40.345894">
        <ele>34.103023</ele>
        <time>2026-08-25T16:48:55.236Z</time>
      </trkpt>
      <trkpt lat="43.228288" lon="40.343787">
        <ele>32.428848</ele>
        <time>2026-08-25T16:49:10.248Z</time>
      </trkpt>
      <trkpt lat="43.228295" lon="40.341084">
        <ele>29.425677</ele>
        <time>2026-08-25T16:49:27.988Z</time>
      </trkpt>
      <trkpt lat="43.228271" lon="40.340308">
        <ele>28.972644</ele>
        <time>2026-08-25T16:49:33.356Z</time>
      </trkpt>
      <trkpt lat="43.228231" lon="40.339861">
        <ele>28.709958</ele>
        <time>2026-08-25T16:49:36.629Z</time>
      </trkpt>
      <trkpt lat="43.228020" lon="40.338253">
        <ele>28.450272</ele>
        <time>2026-08-25T16:49:50.040Z</time>
      </trkpt>
      <trkpt lat="43.228007" lon="40.338171">
        <ele>28.496245</ele>
        <time>2026-08-25T16:49:50.858Z</time>
      </trkpt>
      <trkpt lat="43.227972" lon="40.337876">
        <ele>28.659984</ele>
        <time>2026-08-25T16:49:53.830Z</time>
      </trkpt>
      <trkpt lat="43.227870" lon="40.336751">
        <ele>29.281049</ele>
        <time>2026-08-25T16:50:06.414Z</time>
      </trkpt>
      <trkpt lat="43.227851" lon="40.336305">
        <ele>29.605460</ele>
        <time>2026-08-25T16:50:11.943Z</time>
      </trkpt>
      <trkpt lat="43.227824" lon="40.335659">
        <ele>30.438622</ele>
        <time>2026-08-25T16:50:20.160Z</time>
      </trkpt>
      <trkpt lat="43.227826" lon="40.335133">
        <ele>31.115913</ele>
        <time>2026-08-25T16:50:26.987Z</time>
      </trkpt>
      <trkpt lat="43.227864" lon="40.334405">
        <ele>32.055693</ele>
        <time>2026-08-25T16:50:36.714Z</time>
      </trkpt>
      <trkpt lat="43.227988" lon="40.333331">
        <ele>33.340317</ele>
        <time>2026-08-25T16:50:50.511Z</time>
      </trkpt>
      <trkpt lat="43.228064" lon="40.332959">
        <ele>33.766881</ele>
        <time>2026-08-25T16:50:55.206Z</time>
      </trkpt>
      <trkpt lat="43.228165" lon="40.332459">
        <ele>34.339750</ele>
        <time>2026-08-25T16:51:01.644Z</time>
      </trkpt>
      <trkpt lat="43.228386" lon="40.331609">
        <ele>35.336188</ele>
        <time>2026-08-25T16:51:12.410Z</time>
      </trkpt>
      <trkpt lat="43.228479" lon="40.331267">
        <ele>35.539976</ele>
        <time>2026-08-25T16:51:16.499Z</time>
      </trkpt>
      <trkpt lat="43.228729" lon="40.330351">
        <ele>36.035945</ele>
        <time>2026-08-25T16:51:27.421Z</time>
      </trkpt>
      <trkpt lat="43.229034" lon="40.329493">
        <ele>36.520003</ele>
        <time>2026-08-25T16:51:36.764Z</time>
      </trkpt>
      <trkpt lat="43.229236" lon="40.328962">
        <ele>36.547234</ele>
        <time>2026-08-25T16:51:41.623Z</time>
      </trkpt>
      <trkpt lat="43.229587" lon="40.327945">
        <ele>36.334117</ele>
        <time>2026-08-25T16:51:50.098Z</time>
      </trkpt>
      <trkpt lat="43.229709" lon="40.327567">
        <ele>36.255822</ele>
        <time>2026-08-25T16:51:53.326Z</time>
      </trkpt>
      <trkpt lat="43.229864" lon="40.327023">
        <ele>36.177315</ele>
        <time>2026-08-25T16:51:58.245Z</time>
      </trkpt>
      <trkpt lat="43.230017" lon="40.326294">
        <ele>36.508435</ele>
        <time>2026-08-25T16:52:05.380Z</time>
      </trkpt>
      <trkpt lat="43.230090" lon="40.325808">
        <ele>36.725017</ele>
        <time>2026-08-25T16:52:10.752Z</time>
      </trkpt>
      <trkpt lat="43.230110" lon="40.325629">
        <ele>36.804057</ele>
        <time>2026-08-25T16:52:12.752Z</time>
      </trkpt>
      <trkpt lat="43.230162" lon="40.324267">
        <ele>37.391807</ele>
        <time>2026-08-25T16:52:27.296Z</time>
      </trkpt>
      <trkpt lat="43.230173" lon="40.323370">
        <ele>37.765712</ele>
        <time>2026-08-25T16:52:35.930Z</time>
      </trkpt>
      <trkpt lat="43.230196" lon="40.321591">
        <ele>38.941192</ele>
        <time>2026-08-25T16:52:53.296Z</time>
      </trkpt>
      <trkpt lat="43.230205" lon="40.320833">
        <ele>39.814366</ele>
        <time>2026-08-25T16:53:02.322Z</time>
      </trkpt>
      <trkpt lat="43.230212" lon="40.320284">
        <ele>40.446797</ele>
        <time>2026-08-25T16:53:09.552Z</time>
      </trkpt>
      <trkpt lat="43.230319" lon="40.319560">
        <ele>41.512248</ele>
        <time>2026-08-25T16:53:20.161Z</time>
      </trkpt>
      <trkpt lat="43.230538" lon="40.318934">
        <ele>43.200750</ele>
        <time>2026-08-25T16:53:30.696Z</time>
      </trkpt>
      <trkpt lat="43.230874" lon="40.318420">
        <ele>44.879837</ele>
        <time>2026-08-25T16:53:42.017Z</time>
      </trkpt>
      <trkpt lat="43.231388" lon="40.317801">
        <ele>47.179633</ele>
        <time>2026-08-25T16:53:58.607Z</time>
      </trkpt>
      <trkpt lat="43.232002" lon="40.317026">
        <ele>50.865100</ele>
        <time>2026-08-25T16:54:20.449Z</time>
      </trkpt>
      <trkpt lat="43.232200" lon="40.316781">
        <ele>52.042910</ele>
        <time>2026-08-25T16:54:27.520Z</time>
      </trkpt>
      <trkpt lat="43.232770" lon="40.316172">
        <ele>55.204554</ele>
        <time>2026-08-25T16:54:46.573Z</time>
      </trkpt>
      <trkpt lat="43.233489" lon="40.315635">
        <ele>58.225185</ele>
        <time>2026-08-25T16:55:07.541Z</time>
      </trkpt>
      <trkpt lat="43.234669" lon="40.314753">
        <ele>62.483016</ele>
        <time>2026-08-25T16:55:37.498Z</time>
      </trkpt>
      <trkpt lat="43.237254" lon="40.312749">
        <ele>66.987501</ele>
        <time>2026-08-25T16:56:26.979Z</time>
      </trkpt>
      <trkpt lat="43.237394" lon="40.312640">
        <ele>67.168857</ele>
        <time>2026-08-25T16:56:29.228Z</time>
      </trkpt>
      <trkpt lat="43.237816" lon="40.312187">
        <ele>66.045564</ele>
        <time>2026-08-25T16:56:35.270Z</time>
      </trkpt>
      <trkpt lat="43.239096" lon="40.309391">
        <ele>58.774260</ele>
        <time>2026-08-25T16:56:54.322Z</time>
      </trkpt>
      <trkpt lat="43.239249" lon="40.309045">
        <ele>57.703685</ele>
        <time>2026-08-25T16:56:56.595Z</time>
      </trkpt>
      <trkpt lat="43.239447" lon="40.308285">
        <ele>55.762784</ele>
        <time>2026-08-25T16:57:01.242Z</time>
      </trkpt>
      <trkpt lat="43.239759" lon="40.305623">
        <ele>51.313268</ele>
        <time>2026-08-25T16:57:18.278Z</time>
      </trkpt>
      <trkpt lat="43.240081" lon="40.304693">
        <ele>50.290647</ele>
        <time>2026-08-25T16:57:24.971Z</time>
      </trkpt>
      <trkpt lat="43.240515" lon="40.303848">
        <ele>49.294547</ele>
        <time>2026-08-25T16:57:32.461Z</time>
      </trkpt>
      <trkpt lat="43.240734" lon="40.303474">
        <ele>49.132667</ele>
        <time>2026-08-25T16:57:36.870Z</time>
      </trkpt>
      <trkpt lat="43.240982" lon="40.303128">
        <ele>48.968913</ele>
        <time>2026-08-25T16:57:41.611Z</time>
      </trkpt>
      <trkpt lat="43.241279" lon="40.302799">
        <ele>48.792175</ele>
        <time>2026-08-25T16:57:46.533Z</time>
      </trkpt>
      <trkpt lat="43.241626" lon="40.302510">
        <ele>48.604217</ele>
        <time>2026-08-25T16:57:51.377Z</time>
      </trkpt>
      <trkpt lat="43.243122" lon="40.301382">
        <ele>44.781909</ele>
        <time>2026-08-25T16:58:05.921Z</time>
      </trkpt>
      <trkpt lat="43.243898" lon="40.300605">
        <ele>42.076273</ele>
        <time>2026-08-25T16:58:13.512Z</time>
      </trkpt>
      <trkpt lat="43.244088" lon="40.300372">
        <ele>41.321324</ele>
        <time>2026-08-25T16:58:15.555Z</time>
      </trkpt>
      <trkpt lat="43.244885" lon="40.299420">
        <ele>38.246109</ele>
        <time>2026-08-25T16:58:24.453Z</time>
      </trkpt>
      <trkpt lat="43.245225" lon="40.299036">
        <ele>37.168480</ele>
        <time>2026-08-25T16:58:28.320Z</time>
      </trkpt>
      <trkpt lat="43.246244" lon="40.298422">
        <ele>34.444681</ele>
        <time>2026-08-25T16:58:37.777Z</time>
      </trkpt>
      <trkpt lat="43.246471" lon="40.298214">
        <ele>33.699170</ele>
        <time>2026-08-25T16:58:40.034Z</time>
      </trkpt>
      <trkpt lat="43.247116" lon="40.297549">
        <ele>31.260860</ele>
        <time>2026-08-25T16:58:46.650Z</time>
      </trkpt>
      <trkpt lat="43.248044" lon="40.296462">
        <ele>27.561618</ele>
        <time>2026-08-25T16:58:56.554Z</time>
      </trkpt>
      <trkpt lat="43.248504" lon="40.295962">
        <ele>25.768988</ele>
        <time>2026-08-25T16:59:01.324Z</time>
      </trkpt>
      <trkpt lat="43.248983" lon="40.295378">
        <ele>23.811686</ele>
        <time>2026-08-25T16:59:06.571Z</time>
      </trkpt>
      <trkpt lat="43.249232" lon="40.295140">
        <ele>22.969623</ele>
        <time>2026-08-25T16:59:09.071Z</time>
      </trkpt>
      <trkpt lat="43.249529" lon="40.294971">
        <ele>22.275658</ele>
        <time>2026-08-25T16:59:11.750Z</time>
      </trkpt>
      <trkpt lat="43.249881" lon="40.294848">
        <ele>21.491633</ele>
        <time>2026-08-25T16:59:14.793Z</time>
      </trkpt>
      <trkpt lat="43.250905" lon="40.294640">
        <ele>19.279622</ele>
        <time>2026-08-25T16:59:24.010Z</time>
      </trkpt>
      <trkpt lat="43.251426" lon="40.294582">
        <ele>18.885625</ele>
        <time>2026-08-25T16:59:29.036Z</time>
      </trkpt>
      <trkpt lat="43.251539" lon="40.294579">
        <ele>18.800434</ele>
        <time>2026-08-25T16:59:30.136Z</time>
      </trkpt>
      <trkpt lat="43.252288" lon="40.294584">
        <ele>18.235862</ele>
        <time>2026-08-25T16:59:37.815Z</time>
      </trkpt>
      <trkpt lat="43.252651" lon="40.294595">
        <ele>17.962181</ele>
        <time>2026-08-25T16:59:41.794Z</time>
      </trkpt>
      <trkpt lat="43.253495" lon="40.294833">
        <ele>17.781217</ele>
        <time>2026-08-25T16:59:53.275Z</time>
      </trkpt>
      <trkpt lat="43.253693" lon="40.294949">
        <ele>17.740943</ele>
        <time>2026-08-25T16:59:56.230Z</time>
      </trkpt>
      <trkpt lat="43.254107" lon="40.295210">
        <ele>17.655714</ele>
        <time>2026-08-25T17:00:01.207Z</time>
      </trkpt>
      <trkpt lat="43.254461" lon="40.295480">
        <ele>17.458148</ele>
        <time>2026-08-25T17:00:05.129Z</time>
      </trkpt>
      <trkpt lat="43.254547" lon="40.295518">
        <ele>17.335305</ele>
        <time>2026-08-25T17:00:05.982Z</time>
      </trkpt>
      <trkpt lat="43.254712" lon="40.295539">
        <ele>17.109987</ele>
        <time>2026-08-25T17:00:07.477Z</time>
      </trkpt>
      <trkpt lat="43.255044" lon="40.295453">
        <ele>16.650593</ele>
        <time>2026-08-25T17:00:10.435Z</time>
      </trkpt>
      <trkpt lat="43.255741" lon="40.295182">
        <ele>15.665594</ele>
        <time>2026-08-25T17:00:16.695Z</time>
      </trkpt>
      <trkpt lat="43.256010" lon="40.295073">
        <ele>15.284231</ele>
        <time>2026-08-25T17:00:19.500Z</time>
      </trkpt>
      <trkpt lat="43.256377" lon="40.294803">
        <ele>15.294038</ele>
        <time>2026-08-25T17:00:24.761Z</time>
      </trkpt>
      <trkpt lat="43.256637" lon="40.294566">
        <ele>15.430730</ele>
        <time>2026-08-25T17:00:29.203Z</time>
      </trkpt>
      <trkpt lat="43.257023" lon="40.294015">
        <ele>15.674613</ele>
        <time>2026-08-25T17:00:37.806Z</time>
      </trkpt>
      <trkpt lat="43.257752" lon="40.292686">
        <ele>16.468478</ele>
        <time>2026-08-25T17:00:53.717Z</time>
      </trkpt>
      <trkpt lat="43.258452" lon="40.291834">
        <ele>17.286840</ele>
        <time>2026-08-25T17:01:06.750Z</time>
      </trkpt>
      <trkpt lat="43.258839" lon="40.291458">
        <ele>18.157801</ele>
        <time>2026-08-25T17:01:15.101Z</time>
      </trkpt>
      <trkpt lat="43.259370" lon="40.291094">
        <ele>19.947130</ele>
        <time>2026-08-25T17:01:27.542Z</time>
      </trkpt>
      <trkpt lat="43.260036" lon="40.290672">
        <ele>22.158535</ele>
        <time>2026-08-25T17:01:45.039Z</time>
      </trkpt>
      <trkpt lat="43.260898" lon="40.289923">
        <ele>24.647791</ele>
        <time>2026-08-25T17:02:08.439Z</time>
      </trkpt>
      <trkpt lat="43.261311" lon="40.289486">
        <ele>25.818416</ele>
        <time>2026-08-25T17:02:18.603Z</time>
      </trkpt>
      <trkpt lat="43.261635" lon="40.289060">
        <ele>26.825554</ele>
        <time>2026-08-25T17:02:25.571Z</time>
      </trkpt>
      <trkpt lat="43.262036" lon="40.288345">
        <ele>25.992233</ele>
        <time>2026-08-25T17:02:32.655Z</time>
      </trkpt>
      <trkpt lat="43.262316" lon="40.287847">
        <ele>25.228280</ele>
        <time>2026-08-25T17:02:36.738Z</time>
      </trkpt>
      <trkpt lat="43.262539" lon="40.287352">
        <ele>24.521515</ele>
        <time>2026-08-25T17:02:40.282Z</time>
      </trkpt>
      <trkpt lat="43.262570" lon="40.287306">
        <ele>24.445412</ele>
        <time>2026-08-25T17:02:40.664Z</time>
      </trkpt>
      <trkpt lat="43.262764" lon="40.286886">
        <ele>23.703121</ele>
        <time>2026-08-25T17:02:43.602Z</time>
      </trkpt>
      <trkpt lat="43.262898" lon="40.286532">
        <ele>22.724427</ele>
        <time>2026-08-25T17:02:45.930Z</time>
      </trkpt>
      <trkpt lat="43.263067" lon="40.286028">
        <ele>21.363315</ele>
        <time>2026-08-25T17:02:49.157Z</time>
      </trkpt>
      <trkpt lat="43.263136" lon="40.285838">
        <ele>20.842493</ele>
        <time>2026-08-25T17:02:50.390Z</time>
      </trkpt>
      <trkpt lat="43.263279" lon="40.285348">
        <ele>19.547570</ele>
        <time>2026-08-25T17:02:53.437Z</time>
      </trkpt>
      <trkpt lat="43.263358" lon="40.285102">
        <ele>18.888049</ele>
        <time>2026-08-25T17:02:55.003Z</time>
      </trkpt>
      <trkpt lat="43.263529" lon="40.284560">
        <ele>17.629464</ele>
        <time>2026-08-25T17:02:58.444Z</time>
      </trkpt>
      <trkpt lat="43.263732" lon="40.284097">
        <ele>16.830473</ele>
        <time>2026-08-25T17:03:01.667Z</time>
      </trkpt>
      <trkpt lat="43.264087" lon="40.283498">
        <ele>15.688702</ele>
        <time>2026-08-25T17:03:06.611Z</time>
      </trkpt>
      <trkpt lat="43.264284" lon="40.283212">
        <ele>15.106695</ele>
        <time>2026-08-25T17:03:09.237Z</time>
      </trkpt>
      <trkpt lat="43.264643" lon="40.282604">
        <ele>14.013260</ele>
        <time>2026-08-25T17:03:14.785Z</time>
      </trkpt>
      <trkpt lat="43.265097" lon="40.281866">
        <ele>12.872193</ele>
        <time>2026-08-25T17:03:22.135Z</time>
      </trkpt>
      <trkpt lat="43.265764" lon="40.280930">
        <ele>11.316926</ele>
        <time>2026-08-25T17:03:30.385Z</time>
      </trkpt>
      <trkpt lat="43.265717" lon="40.280904">
        <ele>11.205602</ele>
        <time>2026-08-25T17:03:30.795Z</time>
      </trkpt>
      <trkpt lat="43.265600" lon="40.280908">
        <ele>10.948468</ele>
        <time>2026-08-25T17:03:31.759Z</time>
      </trkpt>
      <trkpt lat="43.265530" lon="40.280982">
        <ele>10.754385</ele>
        <time>2026-08-25T17:03:32.483Z</time>
      </trkpt>
      <trkpt lat="43.265432" lon="40.281031">
        <ele>10.525247</ele>
        <time>2026-08-25T17:03:33.343Z</time>
      </trkpt>
      <trkpt lat="43.265309" lon="40.280869">
        <ele>10.150814</ele>
        <time>2026-08-25T17:03:34.748Z</time>
      </trkpt>
      <trkpt lat="43.265141" lon="40.280594">
        <ele>9.576528</ele>
        <time>2026-08-25T17:03:40.997Z</time>
      </trkpt>
      <trkpt lat="43.265082" lon="40.280495">
        <ele>9.371859</ele>
        <time>2026-08-25T17:03:43.242Z</time>
      </trkpt>
      <trkpt lat="43.265473" lon="40.280038">
        <ele>8.243800</ele>
        <time>2026-08-25T17:03:55.844Z</time>
      </trkpt>
      <trkpt lat="43.265768" lon="40.279582">
        <ele>7.430637</ele>
        <time>2026-08-25T17:04:07.396Z</time>
      </trkpt>
      <trkpt lat="43.266308" lon="40.279129">
        <ele>7.784574</ele>
        <time>2026-08-25T17:04:26.370Z</time>
      </trkpt>
      <trkpt lat="43.267043" lon="40.278622">
        <ele>8.244634</ele>
        <time>2026-08-25T17:04:53.182Z</time>
      </trkpt>
      <trkpt lat="43.267650" lon="40.278182">
        <ele>8.958591</ele>
        <time>2026-08-25T17:05:17.823Z</time>
      </trkpt>
      <trkpt lat="43.267854" lon="40.278718">
        <ele>9.566452</ele>
        <time>2026-08-25T17:05:27.777Z</time>
      </trkpt>
      <trkpt lat="43.267888" lon="40.278738">
        <ele>9.617505</ele>
        <time>2026-08-25T17:05:28.606Z</time>
      </trkpt>
      <trkpt lat="43.267954" lon="40.278701">
        <ele>9.715901</ele>
        <time>2026-08-25T17:05:30.180Z</time>
      </trkpt>
      <trkpt lat="43.268616" lon="40.278275">
        <ele>10.724978</ele>
        <time>2026-08-25T17:05:45.348Z</time>
      </trkpt>
      <trkpt lat="43.269347" lon="40.277750">
        <ele>10.296964</ele>
        <time>2026-08-25T17:05:57.978Z</time>
      </trkpt>
      <trkpt lat="43.269668" lon="40.277423">
        <ele>9.964313</ele>
        <time>2026-08-25T17:06:03.380Z</time>
      </trkpt>
      <trkpt lat="43.270214" lon="40.276868">
        <ele>9.398932</ele>
        <time>2026-08-25T17:06:12.257Z</time>
      </trkpt>
      <trkpt lat="43.271480" lon="40.275530">
        <ele>7.149261</ele>
        <time>2026-08-25T17:06:33.138Z</time>
      </trkpt>
      <trkpt lat="43.272060" lon="40.274909">
        <ele>6.848638</ele>
        <time>2026-08-25T17:06:43.676Z</time>
      </trkpt>
      <trkpt lat="43.272387" lon="40.274408">
        <ele>6.848638</ele>
        <time>2026-08-25T17:06:51.247Z</time>
      </trkpt>
      <trkpt lat="43.272714" lon="40.274060">
        <ele>6.848638</ele>
        <time>2026-08-25T17:06:57.858Z</time>
      </trkpt>
      <trkpt lat="43.272568" lon="40.273750">
        <ele>6.848638</ele>
        <time>2026-08-25T17:07:05.826Z</time>
      </trkpt>
    </trkseg>
  </trk>
</gpx>