<?xml version='1.0' encoding='UTF-8'?>
<gpx version="1.1" creator="https://www.komoot.de" xmlns="http://www.topografix.com/GPX/1/1" xmlns:xsi="http://www.w3.org/2001/XMLSchema-instance" xsi:schemaLocation="http://www.topografix.com/GPX/1/1 http://www.topografix.com/GPX/1/1/gpx.xsd">
  <metadata>
    <name>Гагра-Гарп-Лыхны-Мюссера-Гагра. Группа гравел</name>
    <author>
      <link href="https://www.komoot.de">
        <text>komoot</text>
        <type>text/html</type>
      </link>
    </author>
  </metadata>
  <trk>
    <name>Гагра-Гарп-Лыхны-Мюссера-Гагра. Группа гравел</name>
    <type>racebike</type>
    <trkseg>
      <trkpt lat="43.272664" lon="40.274113">
        <ele>6.485480</ele>
        <time>2025-11-03T16:14:23.306Z</time>
      </trkpt>
      <trkpt lat="43.272387" lon="40.274408">
        <ele>6.485480</ele>
        <time>2025-11-03T16:14:29.049Z</time>
      </trkpt>
      <trkpt lat="43.272060" lon="40.274909">
        <ele>6.485480</ele>
        <time>2025-11-03T16:14:37.352Z</time>
      </trkpt>
      <trkpt lat="43.271480" lon="40.275530">
        <ele>7.302930</ele>
        <time>2025-11-03T16:14:51.028Z</time>
      </trkpt>
      <trkpt lat="43.270214" lon="40.276868">
        <ele>9.247624</ele>
        <time>2025-11-03T16:15:24.866Z</time>
      </trkpt>
      <trkpt lat="43.269668" lon="40.277423">
        <ele>10.089050</ele>
        <time>2025-11-03T16:15:39.302Z</time>
      </trkpt>
      <trkpt lat="43.269347" lon="40.277750">
        <ele>10.584116</ele>
        <time>2025-11-03T16:15:47.337Z</time>
      </trkpt>
      <trkpt lat="43.268616" lon="40.278275">
        <ele>10.340395</ele>
        <time>2025-11-03T16:16:01.492Z</time>
      </trkpt>
      <trkpt lat="43.267954" lon="40.278701">
        <ele>9.652307</ele>
        <time>2025-11-03T16:16:11.172Z</time>
      </trkpt>
      <trkpt lat="43.267888" lon="40.278738">
        <ele>9.585211</ele>
        <time>2025-11-03T16:16:12.083Z</time>
      </trkpt>
      <trkpt lat="43.267854" lon="40.278718">
        <ele>9.550398</ele>
        <time>2025-11-03T16:16:12.548Z</time>
      </trkpt>
      <trkpt lat="43.267650" lon="40.278182">
        <ele>9.123788</ele>
        <time>2025-11-03T16:16:18.106Z</time>
      </trkpt>
      <trkpt lat="43.267043" lon="40.278622">
        <ele>8.342939</ele>
        <time>2025-11-03T16:16:35.475Z</time>
      </trkpt>
      <trkpt lat="43.266411" lon="40.279058">
        <ele>7.538320</ele>
        <time>2025-11-03T16:16:54.563Z</time>
      </trkpt>
      <trkpt lat="43.266308" lon="40.279129">
        <ele>7.407209</ele>
        <time>2025-11-03T16:16:57.851Z</time>
      </trkpt>
      <trkpt lat="43.265768" lon="40.279582">
        <ele>7.816585</ele>
        <time>2025-11-03T16:17:16.434Z</time>
      </trkpt>
      <trkpt lat="43.265473" lon="40.280038">
        <ele>8.550788</ele>
        <time>2025-11-03T16:17:31.706Z</time>
      </trkpt>
      <trkpt lat="43.265082" lon="40.280495">
        <ele>9.399506</ele>
        <time>2025-11-03T16:17:50.968Z</time>
      </trkpt>
      <trkpt lat="43.265141" lon="40.280594">
        <ele>9.553493</ele>
        <time>2025-11-03T16:17:54.582Z</time>
      </trkpt>
      <trkpt lat="43.265309" lon="40.280869">
        <ele>9.985568</ele>
        <time>2025-11-03T16:18:04.806Z</time>
      </trkpt>
      <trkpt lat="43.265432" lon="40.281031">
        <ele>10.297982</ele>
        <time>2025-11-03T16:18:08.436Z</time>
      </trkpt>
      <trkpt lat="43.265530" lon="40.280982">
        <ele>10.506516</ele>
        <time>2025-11-03T16:18:10.659Z</time>
      </trkpt>
      <trkpt lat="43.265600" lon="40.280908">
        <ele>10.683149</ele>
        <time>2025-11-03T16:18:12.554Z</time>
      </trkpt>
      <trkpt lat="43.265717" lon="40.280904">
        <ele>10.917162</ele>
        <time>2025-11-03T16:18:15.013Z</time>
      </trkpt>
      <trkpt lat="43.265764" lon="40.280930">
        <ele>11.018477</ele>
        <time>2025-11-03T16:18:16.166Z</time>
      </trkpt>
      <trkpt lat="43.265097" lon="40.281866">
        <ele>12.925293</ele>
        <time>2025-11-03T16:18:34.167Z</time>
      </trkpt>
      <trkpt lat="43.264643" lon="40.282604">
        <ele>14.206554</ele>
        <time>2025-11-03T16:18:43.813Z</time>
      </trkpt>
      <trkpt lat="43.264284" lon="40.283212">
        <ele>15.113785</ele>
        <time>2025-11-03T16:18:52.487Z</time>
      </trkpt>
      <trkpt lat="43.264087" lon="40.283498">
        <ele>15.570067</ele>
        <time>2025-11-03T16:18:57.280Z</time>
      </trkpt>
      <trkpt lat="43.263732" lon="40.284097">
        <ele>16.465192</ele>
        <time>2025-11-03T16:19:07.552Z</time>
      </trkpt>
      <trkpt lat="43.263529" lon="40.284560">
        <ele>17.631481</ele>
        <time>2025-11-03T16:19:16.001Z</time>
      </trkpt>
      <trkpt lat="43.263358" lon="40.285102">
        <ele>19.038580</ele>
        <time>2025-11-03T16:19:25.881Z</time>
      </trkpt>
      <trkpt lat="43.263279" lon="40.285348">
        <ele>19.679045</ele>
        <time>2025-11-03T16:19:30.434Z</time>
      </trkpt>
      <trkpt lat="43.263136" lon="40.285838">
        <ele>20.936553</ele>
        <time>2025-11-03T16:19:39.465Z</time>
      </trkpt>
      <trkpt lat="43.263067" lon="40.286028">
        <ele>21.442326</ele>
        <time>2025-11-03T16:19:43.046Z</time>
      </trkpt>
      <trkpt lat="43.262898" lon="40.286532">
        <ele>22.687463</ele>
        <time>2025-11-03T16:19:52.408Z</time>
      </trkpt>
      <trkpt lat="43.262764" lon="40.286886">
        <ele>23.395315</ele>
        <time>2025-11-03T16:19:59.042Z</time>
      </trkpt>
      <trkpt lat="43.262570" lon="40.287306">
        <ele>24.277743</ele>
        <time>2025-11-03T16:20:07.048Z</time>
      </trkpt>
      <trkpt lat="43.262539" lon="40.287352">
        <ele>24.388942</ele>
        <time>2025-11-03T16:20:07.985Z</time>
      </trkpt>
      <trkpt lat="43.262316" lon="40.287847">
        <ele>25.421651</ele>
        <time>2025-11-03T16:20:16.625Z</time>
      </trkpt>
      <trkpt lat="43.262036" lon="40.288345">
        <ele>26.537922</ele>
        <time>2025-11-03T16:20:24.745Z</time>
      </trkpt>
      <trkpt lat="43.261635" lon="40.289060">
        <ele>26.141621</ele>
        <time>2025-11-03T16:20:33.412Z</time>
      </trkpt>
      <trkpt lat="43.261311" lon="40.289486">
        <ele>25.546375</ele>
        <time>2025-11-03T16:20:37.704Z</time>
      </trkpt>
      <trkpt lat="43.260898" lon="40.289923">
        <ele>24.854504</ele>
        <time>2025-11-03T16:20:42.159Z</time>
      </trkpt>
      <trkpt lat="43.260036" lon="40.290672">
        <ele>22.083590</ele>
        <time>2025-11-03T16:20:50.322Z</time>
      </trkpt>
      <trkpt lat="43.259370" lon="40.291094">
        <ele>19.670774</ele>
        <time>2025-11-03T16:20:56.114Z</time>
      </trkpt>
      <trkpt lat="43.258839" lon="40.291458">
        <ele>18.158634</ele>
        <time>2025-11-03T16:21:01.022Z</time>
      </trkpt>
      <trkpt lat="43.258452" lon="40.291834">
        <ele>17.432133</ele>
        <time>2025-11-03T16:21:05.264Z</time>
      </trkpt>
      <trkpt lat="43.257752" lon="40.292686">
        <ele>15.998653</ele>
        <time>2025-11-03T16:21:14.365Z</time>
      </trkpt>
      <trkpt lat="43.257271" lon="40.293284">
        <ele>15.479659</ele>
        <time>2025-11-03T16:21:21.135Z</time>
      </trkpt>
      <trkpt lat="43.257134" lon="40.293447">
        <ele>15.370751</ele>
        <time>2025-11-03T16:21:22.950Z</time>
      </trkpt>
      <trkpt lat="43.256848" lon="40.293708">
        <ele>15.164438</ele>
        <time>2025-11-03T16:21:26.345Z</time>
      </trkpt>
      <trkpt lat="43.256407" lon="40.294062">
        <ele>14.857537</ele>
        <time>2025-11-03T16:21:31.476Z</time>
      </trkpt>
      <trkpt lat="43.255885" lon="40.294359">
        <ele>14.876971</ele>
        <time>2025-11-03T16:21:38.151Z</time>
      </trkpt>
      <trkpt lat="43.255566" lon="40.294487">
        <ele>15.059430</ele>
        <time>2025-11-03T16:21:42.672Z</time>
      </trkpt>
      <trkpt lat="43.255115" lon="40.294607">
        <ele>15.311640</ele>
        <time>2025-11-03T16:21:49.240Z</time>
      </trkpt>
      <trkpt lat="43.254508" lon="40.294613">
        <ele>15.644897</ele>
        <time>2025-11-03T16:21:58.141Z</time>
      </trkpt>
      <trkpt lat="43.253401" lon="40.294547">
        <ele>16.633810</ele>
        <time>2025-11-03T16:22:14.388Z</time>
      </trkpt>
      <trkpt lat="43.252651" lon="40.294595">
        <ele>17.326081</ele>
        <time>2025-11-03T16:22:25.659Z</time>
      </trkpt>
      <trkpt lat="43.252288" lon="40.294584">
        <ele>17.729663</ele>
        <time>2025-11-03T16:22:31.112Z</time>
      </trkpt>
      <trkpt lat="43.251539" lon="40.294579">
        <ele>18.573853</ele>
        <time>2025-11-03T16:22:42.261Z</time>
      </trkpt>
      <trkpt lat="43.251426" lon="40.294582">
        <ele>18.701236</ele>
        <time>2025-11-03T16:22:44.002Z</time>
      </trkpt>
      <trkpt lat="43.250905" lon="40.294640">
        <ele>19.290370</ele>
        <time>2025-11-03T16:22:52.077Z</time>
      </trkpt>
      <trkpt lat="43.249881" lon="40.294848">
        <ele>21.492011</ele>
        <time>2025-11-03T16:23:10.471Z</time>
      </trkpt>
      <trkpt lat="43.249529" lon="40.294971">
        <ele>22.294283</ele>
        <time>2025-11-03T16:23:17.841Z</time>
      </trkpt>
      <trkpt lat="43.249232" lon="40.295140">
        <ele>23.004398</ele>
        <time>2025-11-03T16:23:24.492Z</time>
      </trkpt>
      <trkpt lat="43.248983" lon="40.295378">
        <ele>23.799948</ele>
        <time>2025-11-03T16:23:30.883Z</time>
      </trkpt>
      <trkpt lat="43.248504" lon="40.295962">
        <ele>25.764133</ele>
        <time>2025-11-03T16:23:44.693Z</time>
      </trkpt>
      <trkpt lat="43.248044" lon="40.296462">
        <ele>27.563067</ele>
        <time>2025-11-03T16:23:57.530Z</time>
      </trkpt>
      <trkpt lat="43.247116" lon="40.297549">
        <ele>31.257184</ele>
        <time>2025-11-03T16:24:24.431Z</time>
      </trkpt>
      <trkpt lat="43.246471" lon="40.298214">
        <ele>33.683598</ele>
        <time>2025-11-03T16:24:41.737Z</time>
      </trkpt>
      <trkpt lat="43.246244" lon="40.298422">
        <ele>34.461262</ele>
        <time>2025-11-03T16:24:47.428Z</time>
      </trkpt>
      <trkpt lat="43.245225" lon="40.299036">
        <ele>37.172705</ele>
        <time>2025-11-03T16:25:09.330Z</time>
      </trkpt>
      <trkpt lat="43.244885" lon="40.299420">
        <ele>38.245446</ele>
        <time>2025-11-03T16:25:17.334Z</time>
      </trkpt>
      <trkpt lat="43.244088" lon="40.300372">
        <ele>41.311847</ele>
        <time>2025-11-03T16:25:38.556Z</time>
      </trkpt>
      <trkpt lat="43.243898" lon="40.300605">
        <ele>42.074054</ele>
        <time>2025-11-03T16:25:44.344Z</time>
      </trkpt>
      <trkpt lat="43.243122" lon="40.301382">
        <ele>44.804096</ele>
        <time>2025-11-03T16:26:07.248Z</time>
      </trkpt>
      <trkpt lat="43.241626" lon="40.302510">
        <ele>48.660291</ele>
        <time>2025-11-03T16:26:40.534Z</time>
      </trkpt>
      <trkpt lat="43.241279" lon="40.302799">
        <ele>48.833016</ele>
        <time>2025-11-03T16:26:45.320Z</time>
      </trkpt>
      <trkpt lat="43.240982" lon="40.303128">
        <ele>48.995429</ele>
        <time>2025-11-03T16:26:49.515Z</time>
      </trkpt>
      <trkpt lat="43.240734" lon="40.303474">
        <ele>49.145911</ele>
        <time>2025-11-03T16:26:53.272Z</time>
      </trkpt>
      <trkpt lat="43.240515" lon="40.303848">
        <ele>49.294672</ele>
        <time>2025-11-03T16:26:57.187Z</time>
      </trkpt>
      <trkpt lat="43.240081" lon="40.304693">
        <ele>50.268461</ele>
        <time>2025-11-03T16:27:08.246Z</time>
      </trkpt>
      <trkpt lat="43.239759" lon="40.305623">
        <ele>51.333917</ele>
        <time>2025-11-03T16:27:21.522Z</time>
      </trkpt>
      <trkpt lat="43.239447" lon="40.308285">
        <ele>55.799818</ele>
        <time>2025-11-03T16:27:58.387Z</time>
      </trkpt>
      <trkpt lat="43.239249" lon="40.309045">
        <ele>57.682200</ele>
        <time>2025-11-03T16:28:12.395Z</time>
      </trkpt>
      <trkpt lat="43.239096" lon="40.309391">
        <ele>58.758065</ele>
        <time>2025-11-03T16:28:19.978Z</time>
      </trkpt>
      <trkpt lat="43.237816" lon="40.312187">
        <ele>65.966069</ele>
        <time>2025-11-03T16:29:16.900Z</time>
      </trkpt>
      <trkpt lat="43.237394" lon="40.312640">
        <ele>67.252762</ele>
        <time>2025-11-03T16:29:23.594Z</time>
      </trkpt>
      <trkpt lat="43.237254" lon="40.312749">
        <ele>67.061721</ele>
        <time>2025-11-03T16:29:25.260Z</time>
      </trkpt>
      <trkpt lat="43.234669" lon="40.314753">
        <ele>62.452741</ele>
        <time>2025-11-03T16:29:52.582Z</time>
      </trkpt>
      <trkpt lat="43.233489" lon="40.315635">
        <ele>58.232557</ele>
        <time>2025-11-03T16:30:03.452Z</time>
      </trkpt>
      <trkpt lat="43.232770" lon="40.316172">
        <ele>55.165097</ele>
        <time>2025-11-03T16:30:09.773Z</time>
      </trkpt>
      <trkpt lat="43.232200" lon="40.316781">
        <ele>52.049869</ele>
        <time>2025-11-03T16:30:15.303Z</time>
      </trkpt>
      <trkpt lat="43.232002" lon="40.317026">
        <ele>50.875025</ele>
        <time>2025-11-03T16:30:17.340Z</time>
      </trkpt>
      <trkpt lat="43.231388" lon="40.317801">
        <ele>47.198840</ele>
        <time>2025-11-03T16:30:23.748Z</time>
      </trkpt>
      <trkpt lat="43.230874" lon="40.318420">
        <ele>44.866202</ele>
        <time>2025-11-03T16:30:29.117Z</time>
      </trkpt>
      <trkpt lat="43.230538" lon="40.318934">
        <ele>43.215183</ele>
        <time>2025-11-03T16:30:33.174Z</time>
      </trkpt>
      <trkpt lat="43.230319" lon="40.319560">
        <ele>41.554906</ele>
        <time>2025-11-03T16:30:37.369Z</time>
      </trkpt>
      <trkpt lat="43.230212" lon="40.320284">
        <ele>40.412042</ele>
        <time>2025-11-03T16:30:41.937Z</time>
      </trkpt>
      <trkpt lat="43.230205" lon="40.320833">
        <ele>39.804410</ele>
        <time>2025-11-03T16:30:45.466Z</time>
      </trkpt>
      <trkpt lat="43.230196" lon="40.321591">
        <ele>38.965473</ele>
        <time>2025-11-03T16:30:50.617Z</time>
      </trkpt>
      <trkpt lat="43.230173" lon="40.323370">
        <ele>37.756379</ele>
        <time>2025-11-03T16:31:04.408Z</time>
      </trkpt>
      <trkpt lat="43.230162" lon="40.324267">
        <ele>37.381515</ele>
        <time>2025-11-03T16:31:11.439Z</time>
      </trkpt>
      <trkpt lat="43.230110" lon="40.325629">
        <ele>36.810768</ele>
        <time>2025-11-03T16:31:21.348Z</time>
      </trkpt>
      <trkpt lat="43.230090" lon="40.325808">
        <ele>36.734926</ele>
        <time>2025-11-03T16:31:22.637Z</time>
      </trkpt>
      <trkpt lat="43.230017" lon="40.326294">
        <ele>36.527107</ele>
        <time>2025-11-03T16:31:26.200Z</time>
      </trkpt>
      <trkpt lat="43.229864" lon="40.327023">
        <ele>36.209385</ele>
        <time>2025-11-03T16:31:32.273Z</time>
      </trkpt>
      <trkpt lat="43.229709" lon="40.327567">
        <ele>36.237564</ele>
        <time>2025-11-03T16:31:37.448Z</time>
      </trkpt>
      <trkpt lat="43.229587" lon="40.327945">
        <ele>36.316662</ele>
        <time>2025-11-03T16:31:41.457Z</time>
      </trkpt>
      <trkpt lat="43.229236" lon="40.328962">
        <ele>36.531963</ele>
        <time>2025-11-03T16:31:52.865Z</time>
      </trkpt>
      <trkpt lat="43.229034" lon="40.329493">
        <ele>36.561481</ele>
        <time>2025-11-03T16:31:58.405Z</time>
      </trkpt>
      <trkpt lat="43.228729" lon="40.330351">
        <ele>36.045845</ele>
        <time>2025-11-03T16:32:05.799Z</time>
      </trkpt>
      <trkpt lat="43.228479" lon="40.331267">
        <ele>35.517522</ele>
        <time>2025-11-03T16:32:12.685Z</time>
      </trkpt>
      <trkpt lat="43.228386" lon="40.331609">
        <ele>35.320354</ele>
        <time>2025-11-03T16:32:15.249Z</time>
      </trkpt>
      <trkpt lat="43.228165" lon="40.332459">
        <ele>34.343559</ele>
        <time>2025-11-03T16:32:21.373Z</time>
      </trkpt>
      <trkpt lat="43.228064" lon="40.332959">
        <ele>33.763953</ele>
        <time>2025-11-03T16:32:24.811Z</time>
      </trkpt>
      <trkpt lat="43.227988" lon="40.333331">
        <ele>33.332374</ele>
        <time>2025-11-03T16:32:27.402Z</time>
      </trkpt>
      <trkpt lat="43.227864" lon="40.334405">
        <ele>32.057305</ele>
        <time>2025-11-03T16:32:34.524Z</time>
      </trkpt>
      <trkpt lat="43.227826" lon="40.335133">
        <ele>31.123642</ele>
        <time>2025-11-03T16:32:39.198Z</time>
      </trkpt>
      <trkpt lat="43.227824" lon="40.335659">
        <ele>30.450759</ele>
        <time>2025-11-03T16:32:42.604Z</time>
      </trkpt>
      <trkpt lat="43.227851" lon="40.336305">
        <ele>29.623019</ele>
        <time>2025-11-03T16:32:46.844Z</time>
      </trkpt>
      <trkpt lat="43.227870" lon="40.336751">
        <ele>29.246622</ele>
        <time>2025-11-03T16:32:49.813Z</time>
      </trkpt>
      <trkpt lat="43.227972" lon="40.337876">
        <ele>28.669243</ele>
        <time>2025-11-03T16:32:57.835Z</time>
      </trkpt>
      <trkpt lat="43.228007" lon="40.338171">
        <ele>28.517021</ele>
        <time>2025-11-03T16:33:00.119Z</time>
      </trkpt>
      <trkpt lat="43.228020" lon="40.338253">
        <ele>28.474282</ele>
        <time>2025-11-03T16:33:00.764Z</time>
      </trkpt>
      <trkpt lat="43.228231" lon="40.339861">
        <ele>28.698150</ele>
        <time>2025-11-03T16:33:15.681Z</time>
      </trkpt>
      <trkpt lat="43.228271" lon="40.340308">
        <ele>28.977283</ele>
        <time>2025-11-03T16:33:20.476Z</time>
      </trkpt>
      <trkpt lat="43.228295" lon="40.341084">
        <ele>29.458682</ele>
        <time>2025-11-03T16:33:29.421Z</time>
      </trkpt>
      <trkpt lat="43.228288" lon="40.343787">
        <ele>32.418693</ele>
        <time>2025-11-03T16:34:03.626Z</time>
      </trkpt>
      <trkpt lat="43.228308" lon="40.345894">
        <ele>34.108704</ele>
        <time>2025-11-03T16:34:26.789Z</time>
      </trkpt>
      <trkpt lat="43.228288" lon="40.346435">
        <ele>34.539173</ele>
        <time>2025-11-03T16:34:32.472Z</time>
      </trkpt>
      <trkpt lat="43.228203" lon="40.347462">
        <ele>35.381601</ele>
        <time>2025-11-03T16:34:44.933Z</time>
      </trkpt>
      <trkpt lat="43.228148" lon="40.347849">
        <ele>35.702966</ele>
        <time>2025-11-03T16:34:49.732Z</time>
      </trkpt>
      <trkpt lat="43.228054" lon="40.348488">
        <ele>36.234286</ele>
        <time>2025-11-03T16:34:57.158Z</time>
      </trkpt>
      <trkpt lat="43.227994" lon="40.348916">
        <ele>36.421542</ele>
        <time>2025-11-03T16:35:01.733Z</time>
      </trkpt>
      <trkpt lat="43.227841" lon="40.350499">
        <ele>36.000730</ele>
        <time>2025-11-03T16:35:14.766Z</time>
      </trkpt>
      <trkpt lat="43.227691" lon="40.351402">
        <ele>35.666215</ele>
        <time>2025-11-03T16:35:21.200Z</time>
      </trkpt>
      <trkpt lat="43.227537" lon="40.352065">
        <ele>35.183508</ele>
        <time>2025-11-03T16:35:25.914Z</time>
      </trkpt>
      <trkpt lat="43.227439" lon="40.352489">
        <ele>34.874948</ele>
        <time>2025-11-03T16:35:28.924Z</time>
      </trkpt>
      <trkpt lat="43.227201" lon="40.353636">
        <ele>34.085203</ele>
        <time>2025-11-03T16:35:37.974Z</time>
      </trkpt>
      <trkpt lat="43.226972" lon="40.354731">
        <ele>33.864520</ele>
        <time>2025-11-03T16:35:47.276Z</time>
      </trkpt>
      <trkpt lat="43.226856" lon="40.356765">
        <ele>33.711920</ele>
        <time>2025-11-03T16:36:04.083Z</time>
      </trkpt>
      <trkpt lat="43.226798" lon="40.357484">
        <ele>33.795076</ele>
        <time>2025-11-03T16:36:10.358Z</time>
      </trkpt>
      <trkpt lat="43.226684" lon="40.358026">
        <ele>33.859925</ele>
        <time>2025-11-03T16:36:15.850Z</time>
      </trkpt>
      <trkpt lat="43.226257" lon="40.359640">
        <ele>34.248092</ele>
        <time>2025-11-03T16:36:33.307Z</time>
      </trkpt>
      <trkpt lat="43.226190" lon="40.359974">
        <ele>34.337902</ele>
        <time>2025-11-03T16:36:36.508Z</time>
      </trkpt>
      <trkpt lat="43.226134" lon="40.360537">
        <ele>34.485212</ele>
        <time>2025-11-03T16:36:41.546Z</time>
      </trkpt>
      <trkpt lat="43.226160" lon="40.361048">
        <ele>34.465777</ele>
        <time>2025-11-03T16:36:45.846Z</time>
      </trkpt>
      <trkpt lat="43.226397" lon="40.362420">
        <ele>34.066409</ele>
        <time>2025-11-03T16:36:56.714Z</time>
      </trkpt>
      <trkpt lat="43.226803" lon="40.364481">
        <ele>33.769284</ele>
        <time>2025-11-03T16:37:13.487Z</time>
      </trkpt>
      <trkpt lat="43.226898" lon="40.364871">
        <ele>33.746006</ele>
        <time>2025-11-03T16:37:17.076Z</time>
      </trkpt>
      <trkpt lat="43.227062" lon="40.365418">
        <ele>33.712524</ele>
        <time>2025-11-03T16:37:22.520Z</time>
      </trkpt>
      <trkpt lat="43.227697" lon="40.367127">
        <ele>34.442341</ele>
        <time>2025-11-03T16:37:41.822Z</time>
      </trkpt>
      <trkpt lat="43.228208" lon="40.368465">
        <ele>35.192708</ele>
        <time>2025-11-03T16:37:57.094Z</time>
      </trkpt>
      <trkpt lat="43.228472" lon="40.369133">
        <ele>35.623095</ele>
        <time>2025-11-03T16:38:05.030Z</time>
      </trkpt>
      <trkpt lat="43.228727" lon="40.369751">
        <ele>36.025321</ele>
        <time>2025-11-03T16:38:12.515Z</time>
      </trkpt>
      <trkpt lat="43.229377" lon="40.371528">
        <ele>37.274748</ele>
        <time>2025-11-03T16:38:34.217Z</time>
      </trkpt>
      <trkpt lat="43.229613" lon="40.372186">
        <ele>37.709423</ele>
        <time>2025-11-03T16:38:41.812Z</time>
      </trkpt>
      <trkpt lat="43.229804" lon="40.372718">
        <ele>37.919617</ele>
        <time>2025-11-03T16:38:47.685Z</time>
      </trkpt>
      <trkpt lat="43.230090" lon="40.373394">
        <ele>38.196659</ele>
        <time>2025-11-03T16:38:55.207Z</time>
      </trkpt>
      <trkpt lat="43.230307" lon="40.373825">
        <ele>38.382330</ele>
        <time>2025-11-03T16:39:00.239Z</time>
      </trkpt>
      <trkpt lat="43.230583" lon="40.374331">
        <ele>38.596418</ele>
        <time>2025-11-03T16:39:06.354Z</time>
      </trkpt>
      <trkpt lat="43.230848" lon="40.374817">
        <ele>38.775886</ele>
        <time>2025-11-03T16:39:12.334Z</time>
      </trkpt>
      <trkpt lat="43.231153" lon="40.375427">
        <ele>38.994615</ele>
        <time>2025-11-03T16:39:19.623Z</time>
      </trkpt>
      <trkpt lat="43.231362" lon="40.376001">
        <ele>39.184328</ele>
        <time>2025-11-03T16:39:25.547Z</time>
      </trkpt>
      <trkpt lat="43.231471" lon="40.376390">
        <ele>39.316627</ele>
        <time>2025-11-03T16:39:29.329Z</time>
      </trkpt>
      <trkpt lat="43.231608" lon="40.377019">
        <ele>39.567151</ele>
        <time>2025-11-03T16:39:35.495Z</time>
      </trkpt>
      <trkpt lat="43.231869" lon="40.376767">
        <ele>39.734287</ele>
        <time>2025-11-03T16:39:45.479Z</time>
      </trkpt>
      <trkpt lat="43.231926" lon="40.376594">
        <ele>39.806741</ele>
        <time>2025-11-03T16:39:49.842Z</time>
      </trkpt>
      <trkpt lat="43.232543" lon="40.377922">
        <ele>40.352574</ele>
        <time>2025-11-03T16:40:26.396Z</time>
      </trkpt>
      <trkpt lat="43.233229" lon="40.379288">
        <ele>40.801164</ele>
        <time>2025-11-03T16:41:03.554Z</time>
      </trkpt>
      <trkpt lat="43.233915" lon="40.380795">
        <ele>41.130729</ele>
        <time>2025-11-03T16:41:42.470Z</time>
      </trkpt>
      <trkpt lat="43.234568" lon="40.382229">
        <ele>41.558660</ele>
        <time>2025-11-03T16:42:20.446Z</time>
      </trkpt>
      <trkpt lat="43.234611" lon="40.382323">
        <ele>41.600694</ele>
        <time>2025-11-03T16:42:22.983Z</time>
      </trkpt>
      <trkpt lat="43.235563" lon="40.384437">
        <ele>42.482647</ele>
        <time>2025-11-03T16:43:20.251Z</time>
      </trkpt>
      <trkpt lat="43.235995" lon="40.385368">
        <ele>42.820273</ele>
        <time>2025-11-03T16:44:32.505Z</time>
      </trkpt>
      <trkpt lat="43.236297" lon="40.386017">
        <ele>43.024235</ele>
        <time>2025-11-03T16:45:23.020Z</time>
      </trkpt>
      <trkpt lat="43.236393" lon="40.386228">
        <ele>43.064363</ele>
        <time>2025-11-03T16:45:39.255Z</time>
      </trkpt>
      <trkpt lat="43.236629" lon="40.386733">
        <ele>43.161141</ele>
        <time>2025-11-03T16:46:18.178Z</time>
      </trkpt>
      <trkpt lat="43.237207" lon="40.387959">
        <ele>43.410030</ele>
        <time>2025-11-03T16:47:53.696Z</time>
      </trkpt>
      <trkpt lat="43.237587" lon="40.388826">
        <ele>43.803088</ele>
        <time>2025-11-03T16:49:00.045Z</time>
      </trkpt>
      <trkpt lat="43.237855" lon="40.389601">
        <ele>44.136347</ele>
        <time>2025-11-03T16:49:56.849Z</time>
      </trkpt>
      <trkpt lat="43.238042" lon="40.390300">
        <ele>44.508084</ele>
        <time>2025-11-03T16:50:46.510Z</time>
      </trkpt>
      <trkpt lat="43.238463" lon="40.391616">
        <ele>45.647135</ele>
        <time>2025-11-03T16:51:02.402Z</time>
      </trkpt>
      <trkpt lat="43.239213" lon="40.393773">
        <ele>47.776550</ele>
        <time>2025-11-03T16:51:30.353Z</time>
      </trkpt>
      <trkpt lat="43.239488" lon="40.394563">
        <ele>48.602254</ele>
        <time>2025-11-03T16:51:40.386Z</time>
      </trkpt>
      <trkpt lat="43.239571" lon="40.394996">
        <ele>48.996540</ele>
        <time>2025-11-03T16:51:45.568Z</time>
      </trkpt>
      <trkpt lat="43.239600" lon="40.395602">
        <ele>49.528538</ele>
        <time>2025-11-03T16:51:52.643Z</time>
      </trkpt>
      <trkpt lat="43.239562" lon="40.396908">
        <ele>50.673502</ele>
        <time>2025-11-03T16:52:07.233Z</time>
      </trkpt>
      <trkpt lat="43.239636" lon="40.397193">
        <ele>50.912735</ele>
        <time>2025-11-03T16:52:10.925Z</time>
      </trkpt>
      <trkpt lat="43.239720" lon="40.397263">
        <ele>51.009776</ele>
        <time>2025-11-03T16:52:12.616Z</time>
      </trkpt>
      <trkpt lat="43.239912" lon="40.397351">
        <ele>51.209670</ele>
        <time>2025-11-03T16:52:16.115Z</time>
      </trkpt>
      <trkpt lat="43.241244" lon="40.397974">
        <ele>52.597361</ele>
        <time>2025-11-03T16:52:36.595Z</time>
      </trkpt>
      <trkpt lat="43.241092" lon="40.398633">
        <ele>53.061193</ele>
        <time>2025-11-03T16:52:52.627Z</time>
      </trkpt>
      <trkpt lat="43.240694" lon="40.400620">
        <ele>54.176128</ele>
        <time>2025-11-03T16:53:42.207Z</time>
      </trkpt>
      <trkpt lat="43.240656" lon="40.400680">
        <ele>54.163582</ele>
        <time>2025-11-03T16:53:43.214Z</time>
      </trkpt>
      <trkpt lat="43.240532" lon="40.400661">
        <ele>54.136557</ele>
        <time>2025-11-03T16:53:44.963Z</time>
      </trkpt>
      <trkpt lat="43.240348" lon="40.400523">
        <ele>54.091141</ele>
        <time>2025-11-03T16:53:47.710Z</time>
      </trkpt>
      <trkpt lat="43.240159" lon="40.400458">
        <ele>54.048938</ele>
        <time>2025-11-03T16:53:49.934Z</time>
      </trkpt>
      <trkpt lat="43.239578" lon="40.400610">
        <ele>53.920826</ele>
        <time>2025-11-03T16:53:55.670Z</time>
      </trkpt>
      <trkpt lat="43.238440" lon="40.400612">
        <ele>53.893839</ele>
        <time>2025-11-03T16:54:06.945Z</time>
      </trkpt>
      <trkpt lat="43.238311" lon="40.400661">
        <ele>53.903842</ele>
        <time>2025-11-03T16:54:08.539Z</time>
      </trkpt>
      <trkpt lat="43.238190" lon="40.400734">
        <ele>53.913720</ele>
        <time>2025-11-03T16:54:10.192Z</time>
      </trkpt>
      <trkpt lat="43.237823" lon="40.401045">
        <ele>53.945954</ele>
        <time>2025-11-03T16:54:16.102Z</time>
      </trkpt>
      <trkpt lat="43.237639" lon="40.401254">
        <ele>53.963803</ele>
        <time>2025-11-03T16:54:19.727Z</time>
      </trkpt>
      <trkpt lat="43.237416" lon="40.401727">
        <ele>54.660308</ele>
        <time>2025-11-03T16:54:26.723Z</time>
      </trkpt>
      <trkpt lat="43.237061" lon="40.402349">
        <ele>55.974955</ele>
        <time>2025-11-03T16:54:36.981Z</time>
      </trkpt>
      <trkpt lat="43.236689" lon="40.403379">
        <ele>57.887708</ele>
        <time>2025-11-03T16:54:53.857Z</time>
      </trkpt>
      <trkpt lat="43.236244" lon="40.404258">
        <ele>60.954947</ele>
        <time>2025-11-03T16:55:12.636Z</time>
      </trkpt>
      <trkpt lat="43.236209" lon="40.404398">
        <ele>61.400577</ele>
        <time>2025-11-03T16:55:15.382Z</time>
      </trkpt>
      <trkpt lat="43.236197" lon="40.404763">
        <ele>62.500613</ele>
        <time>2025-11-03T16:55:22.308Z</time>
      </trkpt>
      <trkpt lat="43.236232" lon="40.405895">
        <ele>66.000079</ele>
        <time>2025-11-03T16:55:44.084Z</time>
      </trkpt>
      <trkpt lat="43.236486" lon="40.407509">
        <ele>72.070703</ele>
        <time>2025-11-03T16:56:16.748Z</time>
      </trkpt>
      <trkpt lat="43.236486" lon="40.407955">
        <ele>73.710388</ele>
        <time>2025-11-03T16:56:26.374Z</time>
      </trkpt>
      <trkpt lat="43.236396" lon="40.408523">
        <ele>75.798114</ele>
        <time>2025-11-03T16:56:39.615Z</time>
      </trkpt>
      <trkpt lat="43.236392" lon="40.408716">
        <ele>76.480134</ele>
        <time>2025-11-03T16:56:44.104Z</time>
      </trkpt>
      <trkpt lat="43.236478" lon="40.409092">
        <ele>77.872216</ele>
        <time>2025-11-03T16:56:53.192Z</time>
      </trkpt>
      <trkpt lat="43.236666" lon="40.409580">
        <ele>79.822171</ele>
        <time>2025-11-03T16:57:05.390Z</time>
      </trkpt>
      <trkpt lat="43.236725" lon="40.409800">
        <ele>80.650265</ele>
        <time>2025-11-03T16:57:10.144Z</time>
      </trkpt>
      <trkpt lat="43.236713" lon="40.410143">
        <ele>81.863253</ele>
        <time>2025-11-03T16:57:16.551Z</time>
      </trkpt>
      <trkpt lat="43.236682" lon="40.410315">
        <ele>82.489131</ele>
        <time>2025-11-03T16:57:19.574Z</time>
      </trkpt>
      <trkpt lat="43.236576" lon="40.410535">
        <ele>83.336821</ele>
        <time>2025-11-03T16:57:23.706Z</time>
      </trkpt>
      <trkpt lat="43.236455" lon="40.410722">
        <ele>83.549608</ele>
        <time>2025-11-03T16:57:27.206Z</time>
      </trkpt>
      <trkpt lat="43.236322" lon="40.410873">
        <ele>83.751171</ele>
        <time>2025-11-03T16:57:30.110Z</time>
      </trkpt>
      <trkpt lat="43.235192" lon="40.411817">
        <ele>85.295979</ele>
        <time>2025-11-03T16:57:46.255Z</time>
      </trkpt>
      <trkpt lat="43.234989" lon="40.412069">
        <ele>86.188258</ele>
        <time>2025-11-03T16:57:50.669Z</time>
      </trkpt>
      <trkpt lat="43.234766" lon="40.412557">
        <ele>88.047494</ele>
        <time>2025-11-03T16:57:59.578Z</time>
      </trkpt>
      <trkpt lat="43.234610" lon="40.412997">
        <ele>89.626858</ele>
        <time>2025-11-03T16:58:09.557Z</time>
      </trkpt>
      <trkpt lat="43.234427" lon="40.413786">
        <ele>92.299353</ele>
        <time>2025-11-03T16:58:30.040Z</time>
      </trkpt>
      <trkpt lat="43.234290" lon="40.414563">
        <ele>94.173789</ele>
        <time>2025-11-03T16:58:47.878Z</time>
      </trkpt>
      <trkpt lat="43.234200" lon="40.414746">
        <ele>94.551275</ele>
        <time>2025-11-03T16:58:51.855Z</time>
      </trkpt>
      <trkpt lat="43.234067" lon="40.414778">
        <ele>94.868142</ele>
        <time>2025-11-03T16:58:54.828Z</time>
      </trkpt>
      <trkpt lat="43.234009" lon="40.414757">
        <ele>95.008905</ele>
        <time>2025-11-03T16:58:56.023Z</time>
      </trkpt>
      <trkpt lat="43.233946" lon="40.414692">
        <ele>95.193856</ele>
        <time>2025-11-03T16:58:57.516Z</time>
      </trkpt>
      <trkpt lat="43.233911" lon="40.414601">
        <ele>95.369788</ele>
        <time>2025-11-03T16:58:58.814Z</time>
      </trkpt>
      <trkpt lat="43.233891" lon="40.414504">
        <ele>95.542143</ele>
        <time>2025-11-03T16:59:00.094Z</time>
      </trkpt>
      <trkpt lat="43.233911" lon="40.413866">
        <ele>96.633942</ele>
        <time>2025-11-03T16:59:06.465Z</time>
      </trkpt>
      <trkpt lat="43.233829" lon="40.413163">
        <ele>97.889248</ele>
        <time>2025-11-03T16:59:11.978Z</time>
      </trkpt>
      <trkpt lat="43.233735" lon="40.412858">
        <ele>98.541161</ele>
        <time>2025-11-03T16:59:14.955Z</time>
      </trkpt>
      <trkpt lat="43.233508" lon="40.412515">
        <ele>99.453352</ele>
        <time>2025-11-03T16:59:20.673Z</time>
      </trkpt>
      <trkpt lat="43.233395" lon="40.412246">
        <ele>100.064605</ele>
        <time>2025-11-03T16:59:25.592Z</time>
      </trkpt>
      <trkpt lat="43.233238" lon="40.411463">
        <ele>101.663287</ele>
        <time>2025-11-03T16:59:41.605Z</time>
      </trkpt>
      <trkpt lat="43.233188" lon="40.411039">
        <ele>102.485853</ele>
        <time>2025-11-03T16:59:50.143Z</time>
      </trkpt>
      <trkpt lat="43.233081" lon="40.410750">
        <ele>102.827091</ele>
        <time>2025-11-03T16:59:55.757Z</time>
      </trkpt>
      <trkpt lat="43.233027" lon="40.410605">
        <ele>102.998507</ele>
        <time>2025-11-03T16:59:58.255Z</time>
      </trkpt>
      <trkpt lat="43.233004" lon="40.410486">
        <ele>103.128104</ele>
        <time>2025-11-03T17:00:00.011Z</time>
      </trkpt>
      <trkpt lat="43.233012" lon="40.410095">
        <ele>103.539847</ele>
        <time>2025-11-03T17:00:04.786Z</time>
      </trkpt>
      <trkpt lat="43.232977" lon="40.409633">
        <ele>104.028787</ele>
        <time>2025-11-03T17:00:09.252Z</time>
      </trkpt>
      <trkpt lat="43.233035" lon="40.409280">
        <ele>104.409699</ele>
        <time>2025-11-03T17:00:12.195Z</time>
      </trkpt>
      <trkpt lat="43.233086" lon="40.409204">
        <ele>104.518462</ele>
        <time>2025-11-03T17:00:13.003Z</time>
      </trkpt>
      <trkpt lat="43.233164" lon="40.409162">
        <ele>104.639517</ele>
        <time>2025-11-03T17:00:13.930Z</time>
      </trkpt>
      <trkpt lat="43.233457" lon="40.409113">
        <ele>105.072192</ele>
        <time>2025-11-03T17:00:17.250Z</time>
      </trkpt>
      <trkpt lat="43.233563" lon="40.409049">
        <ele>105.372114</ele>
        <time>2025-11-03T17:00:18.644Z</time>
      </trkpt>
      <trkpt lat="43.233575" lon="40.408899">
        <ele>105.656858</ele>
        <time>2025-11-03T17:00:20.116Z</time>
      </trkpt>
      <trkpt lat="43.233508" lon="40.408775">
        <ele>105.948163</ele>
        <time>2025-11-03T17:00:21.746Z</time>
      </trkpt>
      <trkpt lat="43.233442" lon="40.408738">
        <ele>106.132808</ele>
        <time>2025-11-03T17:00:22.867Z</time>
      </trkpt>
      <trkpt lat="43.233196" lon="40.408764">
        <ele>106.771820</ele>
        <time>2025-11-03T17:00:27.295Z</time>
      </trkpt>
      <trkpt lat="43.232898" lon="40.408668">
        <ele>107.564597</ele>
        <time>2025-11-03T17:00:34.170Z</time>
      </trkpt>
      <trkpt lat="43.232809" lon="40.408673">
        <ele>107.795295</ele>
        <time>2025-11-03T17:00:36.442Z</time>
      </trkpt>
      <trkpt lat="43.232562" lon="40.408845">
        <ele>108.512634</ele>
        <time>2025-11-03T17:00:43.782Z</time>
      </trkpt>
      <trkpt lat="43.232386" lon="40.409017">
        <ele>109.072206</ele>
        <time>2025-11-03T17:00:49.645Z</time>
      </trkpt>
      <trkpt lat="43.232082" lon="40.409483">
        <ele>109.610576</ele>
        <time>2025-11-03T17:01:00.655Z</time>
      </trkpt>
      <trkpt lat="43.231976" lon="40.409548">
        <ele>109.551151</ele>
        <time>2025-11-03T17:01:02.940Z</time>
      </trkpt>
      <trkpt lat="43.231742" lon="40.409564">
        <ele>109.431230</ele>
        <time>2025-11-03T17:01:06.816Z</time>
      </trkpt>
      <trkpt lat="43.231491" lon="40.409510">
        <ele>109.301186</ele>
        <time>2025-11-03T17:01:09.784Z</time>
      </trkpt>
      <trkpt lat="43.231007" lon="40.409307">
        <ele>109.042142</ele>
        <time>2025-11-03T17:01:14.198Z</time>
      </trkpt>
      <trkpt lat="43.230737" lon="40.409414">
        <ele>108.898296</ele>
        <time>2025-11-03T17:01:16.428Z</time>
      </trkpt>
      <trkpt lat="43.230479" lon="40.409585">
        <ele>108.708206</ele>
        <time>2025-11-03T17:01:18.689Z</time>
      </trkpt>
      <trkpt lat="43.230448" lon="40.409644">
        <ele>108.654431</ele>
        <time>2025-11-03T17:01:19.113Z</time>
      </trkpt>
      <trkpt lat="43.230417" lon="40.409741">
        <ele>108.576127</ele>
        <time>2025-11-03T17:01:19.726Z</time>
      </trkpt>
      <trkpt lat="43.230459" lon="40.409956">
        <ele>108.411572</ele>
        <time>2025-11-03T17:01:21.048Z</time>
      </trkpt>
      <trkpt lat="43.230718" lon="40.410540">
        <ele>107.906152</ele>
        <time>2025-11-03T17:01:25.404Z</time>
      </trkpt>
      <trkpt lat="43.230842" lon="40.410696">
        <ele>107.735480</ele>
        <time>2025-11-03T17:01:27.099Z</time>
      </trkpt>
      <trkpt lat="43.231644" lon="40.411286">
        <ele>107.611557</ele>
        <time>2025-11-03T17:01:39.651Z</time>
      </trkpt>
      <trkpt lat="43.231691" lon="40.411361">
        <ele>107.906796</ele>
        <time>2025-11-03T17:01:40.913Z</time>
      </trkpt>
      <trkpt lat="43.231698" lon="40.411431">
        <ele>108.117666</ele>
        <time>2025-11-03T17:01:41.852Z</time>
      </trkpt>
      <trkpt lat="43.231655" lon="40.411694">
        <ele>108.922098</ele>
        <time>2025-11-03T17:01:45.527Z</time>
      </trkpt>
      <trkpt lat="43.231667" lon="40.411849">
        <ele>109.387293</ele>
        <time>2025-11-03T17:01:47.731Z</time>
      </trkpt>
      <trkpt lat="43.231757" lon="40.411946">
        <ele>109.856030</ele>
        <time>2025-11-03T17:01:50.034Z</time>
      </trkpt>
      <trkpt lat="43.231918" lon="40.412015">
        <ele>110.546922</ele>
        <time>2025-11-03T17:01:53.717Z</time>
      </trkpt>
      <trkpt lat="43.231999" lon="40.412134">
        <ele>111.032943</ele>
        <time>2025-11-03T17:01:56.491Z</time>
      </trkpt>
      <trkpt lat="43.232003" lon="40.412230">
        <ele>111.319917</ele>
        <time>2025-11-03T17:01:58.238Z</time>
      </trkpt>
      <trkpt lat="43.231929" lon="40.412541">
        <ele>112.296321</ele>
        <time>2025-11-03T17:02:04.643Z</time>
      </trkpt>
      <trkpt lat="43.231945" lon="40.413131">
        <ele>114.058361</ele>
        <time>2025-11-03T17:02:19.344Z</time>
      </trkpt>
      <trkpt lat="43.232113" lon="40.413818">
        <ele>116.264931</ele>
        <time>2025-11-03T17:02:40.284Z</time>
      </trkpt>
      <trkpt lat="43.232067" lon="40.414336">
        <ele>117.858590</ele>
        <time>2025-11-03T17:02:53.907Z</time>
      </trkpt>
      <trkpt lat="43.232034" lon="40.414414">
        <ele>118.134047</ele>
        <time>2025-11-03T17:02:55.963Z</time>
      </trkpt>
      <trkpt lat="43.231952" lon="40.414499">
        <ele>118.564773</ele>
        <time>2025-11-03T17:02:59.098Z</time>
      </trkpt>
      <trkpt lat="43.231820" lon="40.414612">
        <ele>119.216869</ele>
        <time>2025-11-03T17:03:03.371Z</time>
      </trkpt>
      <trkpt lat="43.231742" lon="40.414639">
        <ele>119.554054</ele>
        <time>2025-11-03T17:03:05.238Z</time>
      </trkpt>
      <trkpt lat="43.231488" lon="40.414617">
        <ele>120.620846</ele>
        <time>2025-11-03T17:03:10.081Z</time>
      </trkpt>
      <trkpt lat="43.231183" lon="40.414735">
        <ele>121.807163</ele>
        <time>2025-11-03T17:03:13.310Z</time>
      </trkpt>
      <trkpt lat="43.231108" lon="40.414724">
        <ele>121.494236</ele>
        <time>2025-11-03T17:03:13.928Z</time>
      </trkpt>
      <trkpt lat="43.230905" lon="40.414521">
        <ele>120.452210</ele>
        <time>2025-11-03T17:03:15.854Z</time>
      </trkpt>
      <trkpt lat="43.230722" lon="40.414419">
        <ele>119.632774</ele>
        <time>2025-11-03T17:03:17.302Z</time>
      </trkpt>
      <trkpt lat="43.230616" lon="40.414408">
        <ele>119.191753</ele>
        <time>2025-11-03T17:03:18.069Z</time>
      </trkpt>
      <trkpt lat="43.230190" lon="40.414510">
        <ele>117.397699</ele>
        <time>2025-11-03T17:03:21.216Z</time>
      </trkpt>
      <trkpt lat="43.229866" lon="40.414515">
        <ele>116.053424</ele>
        <time>2025-11-03T17:03:23.655Z</time>
      </trkpt>
      <trkpt lat="43.229795" lon="40.414547">
        <ele>115.743388</ele>
        <time>2025-11-03T17:03:24.229Z</time>
      </trkpt>
      <trkpt lat="43.229752" lon="40.414659">
        <ele>115.360706</ele>
        <time>2025-11-03T17:03:24.947Z</time>
      </trkpt>
      <trkpt lat="43.229773" lon="40.414744">
        <ele>115.089397</ele>
        <time>2025-11-03T17:03:25.466Z</time>
      </trkpt>
      <trkpt lat="43.230139" lon="40.415336">
        <ele>113.147890</ele>
        <time>2025-11-03T17:03:30.199Z</time>
      </trkpt>
      <trkpt lat="43.230182" lon="40.415459">
        <ele>112.835421</ele>
        <time>2025-11-03T17:03:31.092Z</time>
      </trkpt>
      <trkpt lat="43.230202" lon="40.415674">
        <ele>112.338988</ele>
        <time>2025-11-03T17:03:32.487Z</time>
      </trkpt>
      <trkpt lat="43.230174" lon="40.415846">
        <ele>111.935326</ele>
        <time>2025-11-03T17:03:33.614Z</time>
      </trkpt>
      <trkpt lat="43.230170" lon="40.416098">
        <ele>111.358008</ele>
        <time>2025-11-03T17:03:35.194Z</time>
      </trkpt>
      <trkpt lat="43.230221" lon="40.416436">
        <ele>110.567427</ele>
        <time>2025-11-03T17:03:37.274Z</time>
      </trkpt>
      <trkpt lat="43.230186" lon="40.416602">
        <ele>110.171621</ele>
        <time>2025-11-03T17:03:38.284Z</time>
      </trkpt>
      <trkpt lat="43.230006" lon="40.416779">
        <ele>109.475547</ele>
        <time>2025-11-03T17:03:40.037Z</time>
      </trkpt>
      <trkpt lat="43.229893" lon="40.416945">
        <ele>108.955221</ele>
        <time>2025-11-03T17:03:41.326Z</time>
      </trkpt>
      <trkpt lat="43.229815" lon="40.416999">
        <ele>108.646126</ele>
        <time>2025-11-03T17:03:41.999Z</time>
      </trkpt>
      <trkpt lat="43.229690" lon="40.417031">
        <ele>108.076288</ele>
        <time>2025-11-03T17:03:42.973Z</time>
      </trkpt>
      <trkpt lat="43.229185" lon="40.416988">
        <ele>105.808824</ele>
        <time>2025-11-03T17:03:46.826Z</time>
      </trkpt>
      <trkpt lat="43.228611" lon="40.417385">
        <ele>102.928320</ele>
        <time>2025-11-03T17:03:51.763Z</time>
      </trkpt>
      <trkpt lat="43.228517" lon="40.417401">
        <ele>102.503840</ele>
        <time>2025-11-03T17:03:52.490Z</time>
      </trkpt>
      <trkpt lat="43.228419" lon="40.417380">
        <ele>102.059340</ele>
        <time>2025-11-03T17:03:53.251Z</time>
      </trkpt>
      <trkpt lat="43.228181" lon="40.417219">
        <ele>100.870241</ele>
        <time>2025-11-03T17:03:55.289Z</time>
      </trkpt>
      <trkpt lat="43.228083" lon="40.417187">
        <ele>100.371966</ele>
        <time>2025-11-03T17:03:56.061Z</time>
      </trkpt>
      <trkpt lat="43.227704" lon="40.417165">
        <ele>98.389969</ele>
        <time>2025-11-03T17:03:58.935Z</time>
      </trkpt>
      <trkpt lat="43.227251" lon="40.417063">
        <ele>95.991460</ele>
        <time>2025-11-03T17:04:02.356Z</time>
      </trkpt>
      <trkpt lat="43.227188" lon="40.417096">
        <ele>95.639133</ele>
        <time>2025-11-03T17:04:02.850Z</time>
      </trkpt>
      <trkpt lat="43.227078" lon="40.417299">
        <ele>94.676015</ele>
        <time>2025-11-03T17:04:04.207Z</time>
      </trkpt>
      <trkpt lat="43.227047" lon="40.417439">
        <ele>94.118957</ele>
        <time>2025-11-03T17:04:04.987Z</time>
      </trkpt>
      <trkpt lat="43.227125" lon="40.418335">
        <ele>90.710037</ele>
        <time>2025-11-03T17:04:09.887Z</time>
      </trkpt>
      <trkpt lat="43.227071" lon="40.418700">
        <ele>89.352667</ele>
        <time>2025-11-03T17:04:11.956Z</time>
      </trkpt>
      <trkpt lat="43.226934" lon="40.419032">
        <ele>87.962144</ele>
        <time>2025-11-03T17:04:14.077Z</time>
      </trkpt>
      <trkpt lat="43.226719" lon="40.419252">
        <ele>86.620777</ele>
        <time>2025-11-03T17:04:16.117Z</time>
      </trkpt>
      <trkpt lat="43.226609" lon="40.419306">
        <ele>86.036451</ele>
        <time>2025-11-03T17:04:16.998Z</time>
      </trkpt>
      <trkpt lat="43.226379" lon="40.419284">
        <ele>84.883271</ele>
        <time>2025-11-03T17:04:18.746Z</time>
      </trkpt>
      <trkpt lat="43.225503" lon="40.418673">
        <ele>80.190120</ele>
        <time>2025-11-03T17:04:26.121Z</time>
      </trkpt>
      <trkpt lat="43.225374" lon="40.418678">
        <ele>79.605840</ele>
        <time>2025-11-03T17:04:27.085Z</time>
      </trkpt>
      <trkpt lat="43.225214" lon="40.418828">
        <ele>78.728549</ele>
        <time>2025-11-03T17:04:28.536Z</time>
      </trkpt>
      <trkpt lat="43.224972" lon="40.419198">
        <ele>77.088292</ele>
        <time>2025-11-03T17:04:31.277Z</time>
      </trkpt>
      <trkpt lat="43.224952" lon="40.419295">
        <ele>76.755719</ele>
        <time>2025-11-03T17:04:31.834Z</time>
      </trkpt>
      <trkpt lat="43.224980" lon="40.419719">
        <ele>75.351186</ele>
        <time>2025-11-03T17:04:34.227Z</time>
      </trkpt>
      <trkpt lat="43.224940" lon="40.419837">
        <ele>74.921835</ele>
        <time>2025-11-03T17:04:34.972Z</time>
      </trkpt>
      <trkpt lat="43.224616" lon="40.419955">
        <ele>73.847855</ele>
        <time>2025-11-03T17:04:37.700Z</time>
      </trkpt>
      <trkpt lat="43.224526" lon="40.420030">
        <ele>73.649575</ele>
        <time>2025-11-03T17:04:38.584Z</time>
      </trkpt>
      <trkpt lat="43.224479" lon="40.420153">
        <ele>73.458998</ele>
        <time>2025-11-03T17:04:39.448Z</time>
      </trkpt>
      <trkpt lat="43.224479" lon="40.420481">
        <ele>73.008923</ele>
        <time>2025-11-03T17:04:41.517Z</time>
      </trkpt>
      <trkpt lat="43.224507" lon="40.420647">
        <ele>72.775117</ele>
        <time>2025-11-03T17:04:42.615Z</time>
      </trkpt>
      <trkpt lat="43.224565" lon="40.420754">
        <ele>72.592125</ele>
        <time>2025-11-03T17:04:43.489Z</time>
      </trkpt>
      <trkpt lat="43.224651" lon="40.420840">
        <ele>72.391743</ele>
        <time>2025-11-03T17:04:44.449Z</time>
      </trkpt>
      <trkpt lat="43.225288" lon="40.421188">
        <ele>71.100647</ele>
        <time>2025-11-03T17:04:50.967Z</time>
      </trkpt>
      <trkpt lat="43.225664" lon="40.421140">
        <ele>70.619419</ele>
        <time>2025-11-03T17:04:54.803Z</time>
      </trkpt>
      <trkpt lat="43.226195" lon="40.421200">
        <ele>70.211717</ele>
        <time>2025-11-03T17:04:59.980Z</time>
      </trkpt>
      <trkpt lat="43.226457" lon="40.421253">
        <ele>70.009066</ele>
        <time>2025-11-03T17:05:02.567Z</time>
      </trkpt>
      <trkpt lat="43.226567" lon="40.421323">
        <ele>69.916284</ele>
        <time>2025-11-03T17:05:03.775Z</time>
      </trkpt>
      <trkpt lat="43.226695" lon="40.421457">
        <ele>69.793094</ele>
        <time>2025-11-03T17:05:05.395Z</time>
      </trkpt>
      <trkpt lat="43.226777" lon="40.421645">
        <ele>69.670925</ele>
        <time>2025-11-03T17:05:07.013Z</time>
      </trkpt>
      <trkpt lat="43.226813" lon="40.421891">
        <ele>69.531024</ele>
        <time>2025-11-03T17:05:08.891Z</time>
      </trkpt>
      <trkpt lat="43.226791" lon="40.422655">
        <ele>69.911546</ele>
        <time>2025-11-03T17:05:14.973Z</time>
      </trkpt>
      <trkpt lat="43.226748" lon="40.423882">
        <ele>71.095342</ele>
        <time>2025-11-03T17:05:28.863Z</time>
      </trkpt>
      <trkpt lat="43.226748" lon="40.423922">
        <ele>71.133889</ele>
        <time>2025-11-03T17:05:29.448Z</time>
      </trkpt>
      <trkpt lat="43.226708" lon="40.424202">
        <ele>71.408855</ele>
        <time>2025-11-03T17:05:33.695Z</time>
      </trkpt>
      <trkpt lat="43.226594" lon="40.424472">
        <ele>71.709575</ele>
        <time>2025-11-03T17:05:38.618Z</time>
      </trkpt>
      <trkpt lat="43.226516" lon="40.424584">
        <ele>71.930517</ele>
        <time>2025-11-03T17:05:41.176Z</time>
      </trkpt>
      <trkpt lat="43.226387" lon="40.424692">
        <ele>72.310125</ele>
        <time>2025-11-03T17:05:44.638Z</time>
      </trkpt>
      <trkpt lat="43.226244" lon="40.424811">
        <ele>72.730246</ele>
        <time>2025-11-03T17:05:51.500Z</time>
      </trkpt>
      <trkpt lat="43.226154" lon="40.424843">
        <ele>72.963804</ele>
        <time>2025-11-03T17:05:55.323Z</time>
      </trkpt>
      <trkpt lat="43.226061" lon="40.424822">
        <ele>73.200576</ele>
        <time>2025-11-03T17:05:59.135Z</time>
      </trkpt>
      <trkpt lat="43.225849" lon="40.424693">
        <ele>73.783154</ele>
        <time>2025-11-03T17:06:08.453Z</time>
      </trkpt>
      <trkpt lat="43.225716" lon="40.424661">
        <ele>74.122366</ele>
        <time>2025-11-03T17:06:13.704Z</time>
      </trkpt>
      <trkpt lat="43.225334" lon="40.424678">
        <ele>75.082514</ele>
        <time>2025-11-03T17:06:27.845Z</time>
      </trkpt>
      <trkpt lat="43.225268" lon="40.424656">
        <ele>75.253136</ele>
        <time>2025-11-03T17:06:30.275Z</time>
      </trkpt>
      <trkpt lat="43.225216" lon="40.424597">
        <ele>75.422632</ele>
        <time>2025-11-03T17:06:32.634Z</time>
      </trkpt>
      <trkpt lat="43.225204" lon="40.424500">
        <ele>75.602734</ele>
        <time>2025-11-03T17:06:35.140Z</time>
      </trkpt>
      <trkpt lat="43.225236" lon="40.424098">
        <ele>76.374990</ele>
        <time>2025-11-03T17:06:45.088Z</time>
      </trkpt>
      <trkpt lat="43.225216" lon="40.423937">
        <ele>76.885267</ele>
        <time>2025-11-03T17:06:48.992Z</time>
      </trkpt>
      <trkpt lat="43.225186" lon="40.423857">
        <ele>77.166373</ele>
        <time>2025-11-03T17:06:51.177Z</time>
      </trkpt>
      <trkpt lat="43.225096" lon="40.423771">
        <ele>77.636600</ele>
        <time>2025-11-03T17:06:54.791Z</time>
      </trkpt>
      <trkpt lat="43.225014" lon="40.423739">
        <ele>78.002135</ele>
        <time>2025-11-03T17:06:57.699Z</time>
      </trkpt>
      <trkpt lat="43.224880" lon="40.423728">
        <ele>78.577722</ele>
        <time>2025-11-03T17:07:02.415Z</time>
      </trkpt>
      <trkpt lat="43.224360" lon="40.423781">
        <ele>80.813496</ele>
        <time>2025-11-03T17:07:23.358Z</time>
      </trkpt>
      <trkpt lat="43.224189" lon="40.423846">
        <ele>81.574309</ele>
        <time>2025-11-03T17:07:31.703Z</time>
      </trkpt>
      <trkpt lat="43.224114" lon="40.423921">
        <ele>81.972210</ele>
        <time>2025-11-03T17:07:36.230Z</time>
      </trkpt>
      <trkpt lat="43.224072" lon="40.424023">
        <ele>82.338262</ele>
        <time>2025-11-03T17:07:40.596Z</time>
      </trkpt>
      <trkpt lat="43.223982" lon="40.424528">
        <ele>83.962594</ele>
        <time>2025-11-03T17:08:00.825Z</time>
      </trkpt>
      <trkpt lat="43.223884" lon="40.424871">
        <ele>85.801194</ele>
        <time>2025-11-03T17:08:15.892Z</time>
      </trkpt>
      <trkpt lat="43.223759" lon="40.425198">
        <ele>87.673484</ele>
        <time>2025-11-03T17:08:31.213Z</time>
      </trkpt>
      <trkpt lat="43.223625" lon="40.425460">
        <ele>89.296473</ele>
        <time>2025-11-03T17:08:44.410Z</time>
      </trkpt>
      <trkpt lat="43.223532" lon="40.425557">
        <ele>90.109274</ele>
        <time>2025-11-03T17:08:50.947Z</time>
      </trkpt>
      <trkpt lat="43.223430" lon="40.425600">
        <ele>90.851744</ele>
        <time>2025-11-03T17:08:56.862Z</time>
      </trkpt>
      <trkpt lat="43.223043" lon="40.425675">
        <ele>93.571287</ele>
        <time>2025-11-03T17:09:17.332Z</time>
      </trkpt>
      <trkpt lat="43.222957" lon="40.425740">
        <ele>94.254448</ele>
        <time>2025-11-03T17:09:22.071Z</time>
      </trkpt>
      <trkpt lat="43.222894" lon="40.425857">
        <ele>94.992077</ele>
        <time>2025-11-03T17:09:27.113Z</time>
      </trkpt>
      <trkpt lat="43.222886" lon="40.425954">
        <ele>95.487047</ele>
        <time>2025-11-03T17:09:30.369Z</time>
      </trkpt>
      <trkpt lat="43.222921" lon="40.426024">
        <ele>95.917494</ele>
        <time>2025-11-03T17:09:33.168Z</time>
      </trkpt>
      <trkpt lat="43.223023" lon="40.426034">
        <ele>96.610561</ele>
        <time>2025-11-03T17:09:37.725Z</time>
      </trkpt>
      <trkpt lat="43.223164" lon="40.425879">
        <ele>97.643998</ele>
        <time>2025-11-03T17:09:45.650Z</time>
      </trkpt>
      <trkpt lat="43.223262" lon="40.425825">
        <ele>98.248092</ele>
        <time>2025-11-03T17:09:50.206Z</time>
      </trkpt>
      <trkpt lat="43.223351" lon="40.425814">
        <ele>98.759263</ele>
        <time>2025-11-03T17:09:54.134Z</time>
      </trkpt>
      <trkpt lat="43.223617" lon="40.425889">
        <ele>100.312655</ele>
        <time>2025-11-03T17:10:05.992Z</time>
      </trkpt>
      <trkpt lat="43.223997" lon="40.425638">
        <ele>102.725066</ele>
        <time>2025-11-03T17:10:25.332Z</time>
      </trkpt>
      <trkpt lat="43.224165" lon="40.425665">
        <ele>103.692649</ele>
        <time>2025-11-03T17:10:33.219Z</time>
      </trkpt>
      <trkpt lat="43.224219" lon="40.425734">
        <ele>104.114714</ele>
        <time>2025-11-03T17:10:36.772Z</time>
      </trkpt>
      <trkpt lat="43.224247" lon="40.425826">
        <ele>104.530302</ele>
        <time>2025-11-03T17:10:40.330Z</time>
      </trkpt>
      <trkpt lat="43.224270" lon="40.426302">
        <ele>106.518763</ele>
        <time>2025-11-03T17:10:58.290Z</time>
      </trkpt>
      <trkpt lat="43.224243" lon="40.426758">
        <ele>109.107603</ele>
        <time>2025-11-03T17:11:16.840Z</time>
      </trkpt>
      <trkpt lat="43.224251" lon="40.426850">
        <ele>109.657186</ele>
        <time>2025-11-03T17:11:20.731Z</time>
      </trkpt>
      <trkpt lat="43.224286" lon="40.426931">
        <ele>110.215771</ele>
        <time>2025-11-03T17:11:24.634Z</time>
      </trkpt>
      <trkpt lat="43.224270" lon="40.427011">
        <ele>110.707851</ele>
        <time>2025-11-03T17:11:28.185Z</time>
      </trkpt>
      <trkpt lat="43.224201" lon="40.427108">
        <ele>111.511923</ele>
        <time>2025-11-03T17:11:33.959Z</time>
      </trkpt>
      <trkpt lat="43.223962" lon="40.427344">
        <ele>113.908733</ele>
        <time>2025-11-03T17:11:51.187Z</time>
      </trkpt>
      <trkpt lat="43.223864" lon="40.427489">
        <ele>115.081830</ele>
        <time>2025-11-03T17:11:59.568Z</time>
      </trkpt>
      <trkpt lat="43.223735" lon="40.427794">
        <ele>117.173663</ele>
        <time>2025-11-03T17:12:14.360Z</time>
      </trkpt>
      <trkpt lat="43.223707" lon="40.427955">
        <ele>118.155487</ele>
        <time>2025-11-03T17:12:21.077Z</time>
      </trkpt>
      <trkpt lat="43.223708" lon="40.428116">
        <ele>119.110524</ele>
        <time>2025-11-03T17:12:27.570Z</time>
      </trkpt>
      <trkpt lat="43.223735" lon="40.428266">
        <ele>120.027021</ele>
        <time>2025-11-03T17:12:33.910Z</time>
      </trkpt>
      <trkpt lat="43.223899" lon="40.428690">
        <ele>122.408302</ele>
        <time>2025-11-03T17:12:53.154Z</time>
      </trkpt>
      <trkpt lat="43.224083" lon="40.429087">
        <ele>124.282406</ele>
        <time>2025-11-03T17:13:11.351Z</time>
      </trkpt>
      <trkpt lat="43.224180" lon="40.429473">
        <ele>125.908784</ele>
        <time>2025-11-03T17:13:26.296Z</time>
      </trkpt>
      <trkpt lat="43.224189" lon="40.429651">
        <ele>126.619499</ele>
        <time>2025-11-03T17:13:32.385Z</time>
      </trkpt>
      <trkpt lat="43.224130" lon="40.430267">
        <ele>129.094257</ele>
        <time>2025-11-03T17:13:52.178Z</time>
      </trkpt>
      <trkpt lat="43.224369" lon="40.430707">
        <ele>131.280223</ele>
        <time>2025-11-03T17:14:08.552Z</time>
      </trkpt>
      <trkpt lat="43.224458" lon="40.430814">
        <ele>131.611989</ele>
        <time>2025-11-03T17:14:13.323Z</time>
      </trkpt>
      <trkpt lat="43.224657" lon="40.430868">
        <ele>132.174706</ele>
        <time>2025-11-03T17:14:21.361Z</time>
      </trkpt>
      <trkpt lat="43.224888" lon="40.430814">
        <ele>132.824733</ele>
        <time>2025-11-03T17:14:30.263Z</time>
      </trkpt>
      <trkpt lat="43.225161" lon="40.430664">
        <ele>133.640480</ele>
        <time>2025-11-03T17:14:40.872Z</time>
      </trkpt>
      <trkpt lat="43.225310" lon="40.430701">
        <ele>134.060519</ele>
        <time>2025-11-03T17:14:46.207Z</time>
      </trkpt>
      <trkpt lat="43.225638" lon="40.431318">
        <ele>135.604305</ele>
        <time>2025-11-03T17:15:06.624Z</time>
      </trkpt>
      <trkpt lat="43.225752" lon="40.431458">
        <ele>136.028671</ele>
        <time>2025-11-03T17:15:12.732Z</time>
      </trkpt>
      <trkpt lat="43.226875" lon="40.431943">
        <ele>140.108341</ele>
        <time>2025-11-03T17:16:01.990Z</time>
      </trkpt>
      <trkpt lat="43.227010" lon="40.432053">
        <ele>140.661322</ele>
        <time>2025-11-03T17:16:08.191Z</time>
      </trkpt>
      <trkpt lat="43.227043" lon="40.432144">
        <ele>140.922189</ele>
        <time>2025-11-03T17:16:11.069Z</time>
      </trkpt>
      <trkpt lat="43.227030" lon="40.432247">
        <ele>141.190465</ele>
        <time>2025-11-03T17:16:14.060Z</time>
      </trkpt>
      <trkpt lat="43.226995" lon="40.432333">
        <ele>141.443269</ele>
        <time>2025-11-03T17:16:16.931Z</time>
      </trkpt>
      <trkpt lat="43.226655" lon="40.432612">
        <ele>142.758810</ele>
        <time>2025-11-03T17:16:33.204Z</time>
      </trkpt>
      <trkpt lat="43.226596" lon="40.432702">
        <ele>142.960174</ele>
        <time>2025-11-03T17:16:36.963Z</time>
      </trkpt>
      <trkpt lat="43.226566" lon="40.432916">
        <ele>143.322647</ele>
        <time>2025-11-03T17:16:43.740Z</time>
      </trkpt>
      <trkpt lat="43.226592" lon="40.433030">
        <ele>143.521334</ele>
        <time>2025-11-03T17:16:47.487Z</time>
      </trkpt>
      <trkpt lat="43.226647" lon="40.433105">
        <ele>143.698321</ele>
        <time>2025-11-03T17:16:50.735Z</time>
      </trkpt>
      <trkpt lat="43.226780" lon="40.433196">
        <ele>144.037559</ele>
        <time>2025-11-03T17:16:56.837Z</time>
      </trkpt>
      <trkpt lat="43.227293" lon="40.433426">
        <ele>145.269489</ele>
        <time>2025-11-03T17:17:17.391Z</time>
      </trkpt>
      <trkpt lat="43.227425" lon="40.433524">
        <ele>145.612069</ele>
        <time>2025-11-03T17:17:22.890Z</time>
      </trkpt>
      <trkpt lat="43.227566" lon="40.433699">
        <ele>146.046025</ele>
        <time>2025-11-03T17:17:29.613Z</time>
      </trkpt>
      <trkpt lat="43.227694" lon="40.433936">
        <ele>146.536699</ele>
        <time>2025-11-03T17:17:36.821Z</time>
      </trkpt>
      <trkpt lat="43.227949" lon="40.434634">
        <ele>144.848535</ele>
        <time>2025-11-03T17:17:52.976Z</time>
      </trkpt>
      <trkpt lat="43.228184" lon="40.434977">
        <ele>143.538886</ele>
        <time>2025-11-03T17:18:01.060Z</time>
      </trkpt>
      <trkpt lat="43.228394" lon="40.435395">
        <ele>142.126565</ele>
        <time>2025-11-03T17:18:09.173Z</time>
      </trkpt>
      <trkpt lat="43.228409" lon="40.435497">
        <ele>141.837118</ele>
        <time>2025-11-03T17:18:10.805Z</time>
      </trkpt>
      <trkpt lat="43.228363" lon="40.435712">
        <ele>141.213817</ele>
        <time>2025-11-03T17:18:14.287Z</time>
      </trkpt>
      <trkpt lat="43.228223" lon="40.436098">
        <ele>140.014437</ele>
        <time>2025-11-03T17:18:20.872Z</time>
      </trkpt>
      <trkpt lat="43.228049" lon="40.436434">
        <ele>137.849017</ele>
        <time>2025-11-03T17:18:27.036Z</time>
      </trkpt>
      <trkpt lat="43.227695" lon="40.436999">
        <ele>133.628890</ele>
        <time>2025-11-03T17:18:37.943Z</time>
      </trkpt>
      <trkpt lat="43.227542" lon="40.437133">
        <ele>132.218171</ele>
        <time>2025-11-03T17:18:41.570Z</time>
      </trkpt>
      <trkpt lat="43.227390" lon="40.437193">
        <ele>130.988842</ele>
        <time>2025-11-03T17:18:44.717Z</time>
      </trkpt>
      <trkpt lat="43.227041" lon="40.437198">
        <ele>128.276066</ele>
        <time>2025-11-03T17:18:51.722Z</time>
      </trkpt>
      <trkpt lat="43.226940" lon="40.437230">
        <ele>127.470388</ele>
        <time>2025-11-03T17:18:53.847Z</time>
      </trkpt>
      <trkpt lat="43.226780" lon="40.437348">
        <ele>126.058587</ele>
        <time>2025-11-03T17:18:57.606Z</time>
      </trkpt>
      <trkpt lat="43.226687" lon="40.437381">
        <ele>125.560839</ele>
        <time>2025-11-03T17:18:59.620Z</time>
      </trkpt>
      <trkpt lat="43.226593" lon="40.437381">
        <ele>125.155415</ele>
        <time>2025-11-03T17:19:01.607Z</time>
      </trkpt>
      <trkpt lat="43.226210" lon="40.437273">
        <ele>123.469021</ele>
        <time>2025-11-03T17:19:10.131Z</time>
      </trkpt>
      <trkpt lat="43.226100" lon="40.437289">
        <ele>122.991931</ele>
        <time>2025-11-03T17:19:12.600Z</time>
      </trkpt>
      <trkpt lat="43.226041" lon="40.437359">
        <ele>122.655554</ele>
        <time>2025-11-03T17:19:14.360Z</time>
      </trkpt>
      <trkpt lat="43.226010" lon="40.437455">
        <ele>122.325555</ele>
        <time>2025-11-03T17:19:16.113Z</time>
      </trkpt>
      <trkpt lat="43.226010" lon="40.437600">
        <ele>121.869861</ele>
        <time>2025-11-03T17:19:18.525Z</time>
      </trkpt>
      <trkpt lat="43.226049" lon="40.437794">
        <ele>121.237397</ele>
        <time>2025-11-03T17:19:21.908Z</time>
      </trkpt>
      <trkpt lat="43.226131" lon="40.437997">
        <ele>120.507954</ele>
        <time>2025-11-03T17:19:25.843Z</time>
      </trkpt>
      <trkpt lat="43.226346" lon="40.438357">
        <ele>119.045118</ele>
        <time>2025-11-03T17:19:33.847Z</time>
      </trkpt>
      <trkpt lat="43.226354" lon="40.438448">
        <ele>118.757059</ele>
        <time>2025-11-03T17:19:35.444Z</time>
      </trkpt>
      <trkpt lat="43.226346" lon="40.438566">
        <ele>118.384619</ele>
        <time>2025-11-03T17:19:37.524Z</time>
      </trkpt>
      <trkpt lat="43.226292" lon="40.438732">
        <ele>118.026868</ele>
        <time>2025-11-03T17:19:40.772Z</time>
      </trkpt>
      <trkpt lat="43.226080" lon="40.439134">
        <ele>117.576713</ele>
        <time>2025-11-03T17:19:49.820Z</time>
      </trkpt>
      <trkpt lat="43.226029" lon="40.439284">
        <ele>117.426559</ele>
        <time>2025-11-03T17:19:52.942Z</time>
      </trkpt>
      <trkpt lat="43.226014" lon="40.439398">
        <ele>117.321473</ele>
        <time>2025-11-03T17:19:55.145Z</time>
      </trkpt>
      <trkpt lat="43.226056" lon="40.439655">
        <ele>117.082548</ele>
        <time>2025-11-03T17:20:00.341Z</time>
      </trkpt>
      <trkpt lat="43.226194" lon="40.439886">
        <ele>116.811576</ele>
        <time>2025-11-03T17:20:06.445Z</time>
      </trkpt>
      <trkpt lat="43.226522" lon="40.440229">
        <ele>116.298202</ele>
        <time>2025-11-03T17:20:18.108Z</time>
      </trkpt>
      <trkpt lat="43.226784" lon="40.440653">
        <ele>115.794212</ele>
        <time>2025-11-03T17:20:29.725Z</time>
      </trkpt>
      <trkpt lat="43.226812" lon="40.440744">
        <ele>115.704956</ele>
        <time>2025-11-03T17:20:31.756Z</time>
      </trkpt>
      <trkpt lat="43.226811" lon="40.440872">
        <ele>115.589291</ele>
        <time>2025-11-03T17:20:34.374Z</time>
      </trkpt>
      <trkpt lat="43.226784" lon="40.440964">
        <ele>115.499672</ele>
        <time>2025-11-03T17:20:36.363Z</time>
      </trkpt>
      <trkpt lat="43.226667" lon="40.441125">
        <ele>115.294210</ele>
        <time>2025-11-03T17:20:40.848Z</time>
      </trkpt>
      <trkpt lat="43.226260" lon="40.441098">
        <ele>114.788908</ele>
        <time>2025-11-03T17:20:51.152Z</time>
      </trkpt>
      <trkpt lat="43.226049" lon="40.441200">
        <ele>114.511494</ele>
        <time>2025-11-03T17:20:56.640Z</time>
      </trkpt>
      <trkpt lat="43.225967" lon="40.441211">
        <ele>114.409323</ele>
        <time>2025-11-03T17:20:58.646Z</time>
      </trkpt>
      <trkpt lat="43.225373" lon="40.441130">
        <ele>113.669088</ele>
        <time>2025-11-03T17:21:13.850Z</time>
      </trkpt>
      <trkpt lat="43.225302" lon="40.441141">
        <ele>113.808631</ele>
        <time>2025-11-03T17:21:15.856Z</time>
      </trkpt>
      <trkpt lat="43.225220" lon="40.441200">
        <ele>114.107092</ele>
        <time>2025-11-03T17:21:18.519Z</time>
      </trkpt>
      <trkpt lat="43.225186" lon="40.441324">
        <ele>114.418298</ele>
        <time>2025-11-03T17:21:21.460Z</time>
      </trkpt>
      <trkpt lat="43.225189" lon="40.441393">
        <ele>114.580663</ele>
        <time>2025-11-03T17:21:23.042Z</time>
      </trkpt>
      <trkpt lat="43.225236" lon="40.441506">
        <ele>114.886289</ele>
        <time>2025-11-03T17:21:26.198Z</time>
      </trkpt>
      <trkpt lat="43.225416" lon="40.441779">
        <ele>115.751100</ele>
        <time>2025-11-03T17:21:35.977Z</time>
      </trkpt>
      <trkpt lat="43.225580" lon="40.442583">
        <ele>117.712232</ele>
        <time>2025-11-03T17:22:02.638Z</time>
      </trkpt>
      <trkpt lat="43.225666" lon="40.442820">
        <ele>118.334135</ele>
        <time>2025-11-03T17:22:12.039Z</time>
      </trkpt>
      <trkpt lat="43.225748" lon="40.442943">
        <ele>118.725728</ele>
        <time>2025-11-03T17:22:17.896Z</time>
      </trkpt>
      <trkpt lat="43.225838" lon="40.443023">
        <ele>119.071391</ele>
        <time>2025-11-03T17:22:23.026Z</time>
      </trkpt>
      <trkpt lat="43.226139" lon="40.443045">
        <ele>120.209050</ele>
        <time>2025-11-03T17:22:37.009Z</time>
      </trkpt>
      <trkpt lat="43.226225" lon="40.443076">
        <ele>120.574830</ele>
        <time>2025-11-03T17:22:41.168Z</time>
      </trkpt>
      <trkpt lat="43.226315" lon="40.443195">
        <ele>121.088940</ele>
        <time>2025-11-03T17:22:47.053Z</time>
      </trkpt>
      <trkpt lat="43.226354" lon="40.443324">
        <ele>121.507577</ele>
        <time>2025-11-03T17:22:51.995Z</time>
      </trkpt>
      <trkpt lat="43.226390" lon="40.443544">
        <ele>122.183447</ele>
        <time>2025-11-03T17:22:59.949Z</time>
      </trkpt>
      <trkpt lat="43.226396" lon="40.443892">
        <ele>123.226861</ele>
        <time>2025-11-03T17:23:12.285Z</time>
      </trkpt>
      <trkpt lat="43.226416" lon="40.443973">
        <ele>123.483218</ele>
        <time>2025-11-03T17:23:15.138Z</time>
      </trkpt>
      <trkpt lat="43.226475" lon="40.444054">
        <ele>123.826522</ele>
        <time>2025-11-03T17:23:18.926Z</time>
      </trkpt>
      <trkpt lat="43.226561" lon="40.444107">
        <ele>124.214335</ele>
        <time>2025-11-03T17:23:22.950Z</time>
      </trkpt>
      <trkpt lat="43.226937" lon="40.444279">
        <ele>125.844755</ele>
        <time>2025-11-03T17:23:38.593Z</time>
      </trkpt>
      <trkpt lat="43.227320" lon="40.444408">
        <ele>126.800485</ele>
        <time>2025-11-03T17:23:51.808Z</time>
      </trkpt>
      <trkpt lat="43.227390" lon="40.444467">
        <ele>126.778566</ele>
        <time>2025-11-03T17:23:54.348Z</time>
      </trkpt>
      <trkpt lat="43.227437" lon="40.444564">
        <ele>126.755919</ele>
        <time>2025-11-03T17:23:56.955Z</time>
      </trkpt>
      <trkpt lat="43.227429" lon="40.444826">
        <ele>126.704936</ele>
        <time>2025-11-03T17:24:02.780Z</time>
      </trkpt>
      <trkpt lat="43.227385" lon="40.444938">
        <ele>126.680198</ele>
        <time>2025-11-03T17:24:05.571Z</time>
      </trkpt>
      <trkpt lat="43.227249" lon="40.445073">
        <ele>126.635414</ele>
        <time>2025-11-03T17:24:10.326Z</time>
      </trkpt>
      <trkpt lat="43.227144" lon="40.445138">
        <ele>126.604679</ele>
        <time>2025-11-03T17:24:13.458Z</time>
      </trkpt>
      <trkpt lat="43.227042" lon="40.445256">
        <ele>126.569084</ele>
        <time>2025-11-03T17:24:16.994Z</time>
      </trkpt>
      <trkpt lat="43.226980" lon="40.445368">
        <ele>126.541738</ele>
        <time>2025-11-03T17:24:19.671Z</time>
      </trkpt>
      <trkpt lat="43.226956" lon="40.445470">
        <ele>126.520899</ele>
        <time>2025-11-03T17:24:21.652Z</time>
      </trkpt>
      <trkpt lat="43.227132" lon="40.446248">
        <ele>126.362519</ele>
        <time>2025-11-03T17:24:36.942Z</time>
      </trkpt>
      <trkpt lat="43.227264" lon="40.446457">
        <ele>126.779029</ele>
        <time>2025-11-03T17:24:42.652Z</time>
      </trkpt>
      <trkpt lat="43.227507" lon="40.446537">
        <ele>127.310505</ele>
        <time>2025-11-03T17:24:50.424Z</time>
      </trkpt>
      <trkpt lat="43.227573" lon="40.446591">
        <ele>127.473926</ele>
        <time>2025-11-03T17:24:53.036Z</time>
      </trkpt>
      <trkpt lat="43.227715" lon="40.446956">
        <ele>128.115132</ele>
        <time>2025-11-03T17:25:03.694Z</time>
      </trkpt>
      <trkpt lat="43.227835" lon="40.447116">
        <ele>128.470960</ele>
        <time>2025-11-03T17:25:10.090Z</time>
      </trkpt>
      <trkpt lat="43.228031" lon="40.447299">
        <ele>128.975133</ele>
        <time>2025-11-03T17:25:19.917Z</time>
      </trkpt>
      <trkpt lat="43.228374" lon="40.447803">
        <ele>130.043855</ele>
        <time>2025-11-03T17:25:41.381Z</time>
      </trkpt>
      <trkpt lat="43.228488" lon="40.448045">
        <ele>130.623626</ele>
        <time>2025-11-03T17:25:50.251Z</time>
      </trkpt>
      <trkpt lat="43.228555" lon="40.448297">
        <ele>131.221540</ele>
        <time>2025-11-03T17:25:58.527Z</time>
      </trkpt>
      <trkpt lat="43.228545" lon="40.448401">
        <ele>131.455357</ele>
        <time>2025-11-03T17:26:01.750Z</time>
      </trkpt>
      <trkpt lat="43.228463" lon="40.448484">
        <ele>131.767042</ele>
        <time>2025-11-03T17:26:06.092Z</time>
      </trkpt>
      <trkpt lat="43.228136" lon="40.448522">
        <ele>132.770936</ele>
        <time>2025-11-03T17:26:19.904Z</time>
      </trkpt>
      <trkpt lat="43.227945" lon="40.448490">
        <ele>133.359555</ele>
        <time>2025-11-03T17:26:27.823Z</time>
      </trkpt>
      <trkpt lat="43.227342" lon="40.448238">
        <ele>135.287795</ele>
        <time>2025-11-03T17:26:52.323Z</time>
      </trkpt>
      <trkpt lat="43.226976" lon="40.448185">
        <ele>135.182297</ele>
        <time>2025-11-03T17:27:04.640Z</time>
      </trkpt>
      <trkpt lat="43.226830" lon="40.448211">
        <ele>134.867687</ele>
        <time>2025-11-03T17:27:09.067Z</time>
      </trkpt>
      <trkpt lat="43.226588" lon="40.448372">
        <ele>134.292987</ele>
        <time>2025-11-03T17:27:16.571Z</time>
      </trkpt>
      <trkpt lat="43.226475" lon="40.448415">
        <ele>134.042401</ele>
        <time>2025-11-03T17:27:19.618Z</time>
      </trkpt>
      <trkpt lat="43.226134" lon="40.448487">
        <ele>133.305128</ele>
        <time>2025-11-03T17:27:28.144Z</time>
      </trkpt>
      <trkpt lat="43.226236" lon="40.448972">
        <ele>132.519109</ele>
        <time>2025-11-03T17:27:31.047Z</time>
      </trkpt>
      <trkpt lat="43.226440" lon="40.449619">
        <ele>130.434630</ele>
        <time>2025-11-03T17:27:34.873Z</time>
      </trkpt>
      <trkpt lat="43.226796" lon="40.450280">
        <ele>126.174061</ele>
        <time>2025-11-03T17:27:39.168Z</time>
      </trkpt>
      <trkpt lat="43.227351" lon="40.451185">
        <ele>120.042797</ele>
        <time>2025-11-03T17:27:45.263Z</time>
      </trkpt>
      <trkpt lat="43.227438" lon="40.451442">
        <ele>118.601902</ele>
        <time>2025-11-03T17:27:46.725Z</time>
      </trkpt>
      <trkpt lat="43.227539" lon="40.451880">
        <ele>116.360499</ele>
        <time>2025-11-03T17:27:49.099Z</time>
      </trkpt>
      <trkpt lat="43.227530" lon="40.452274">
        <ele>114.437282</ele>
        <time>2025-11-03T17:27:51.144Z</time>
      </trkpt>
      <trkpt lat="43.227495" lon="40.452514">
        <ele>113.243131</ele>
        <time>2025-11-03T17:27:52.411Z</time>
      </trkpt>
      <trkpt lat="43.227070" lon="40.454376">
        <ele>105.092517</ele>
        <time>2025-11-03T17:28:02.872Z</time>
      </trkpt>
      <trkpt lat="43.225609" lon="40.459896">
        <ele>89.167397</ele>
        <time>2025-11-03T17:28:37.001Z</time>
      </trkpt>
      <trkpt lat="43.225560" lon="40.460016">
        <ele>88.842782</ele>
        <time>2025-11-03T17:28:37.816Z</time>
      </trkpt>
      <trkpt lat="43.225425" lon="40.460415">
        <ele>87.804645</ele>
        <time>2025-11-03T17:28:40.456Z</time>
      </trkpt>
      <trkpt lat="43.225249" lon="40.460737">
        <ele>86.947242</ele>
        <time>2025-11-03T17:28:42.900Z</time>
      </trkpt>
      <trkpt lat="43.225014" lon="40.461021">
        <ele>86.263006</ele>
        <time>2025-11-03T17:28:45.548Z</time>
      </trkpt>
      <trkpt lat="43.223036" lon="40.462641">
        <ele>80.796293</ele>
        <time>2025-11-03T17:29:05.749Z</time>
      </trkpt>
      <trkpt lat="43.222736" lon="40.462943">
        <ele>79.805307</ele>
        <time>2025-11-03T17:29:08.746Z</time>
      </trkpt>
      <trkpt lat="43.222498" lon="40.463356">
        <ele>78.783352</ele>
        <time>2025-11-03T17:29:11.808Z</time>
      </trkpt>
      <trkpt lat="43.222330" lon="40.463747">
        <ele>77.989918</ele>
        <time>2025-11-03T17:29:14.481Z</time>
      </trkpt>
      <trkpt lat="43.222269" lon="40.463941">
        <ele>77.649449</ele>
        <time>2025-11-03T17:29:15.731Z</time>
      </trkpt>
      <trkpt lat="43.222173" lon="40.464251">
        <ele>77.106683</ele>
        <time>2025-11-03T17:29:17.740Z</time>
      </trkpt>
      <trkpt lat="43.221888" lon="40.465339">
        <ele>75.243657</ele>
        <time>2025-11-03T17:29:25.036Z</time>
      </trkpt>
      <trkpt lat="43.221725" lon="40.466075">
        <ele>74.211326</ele>
        <time>2025-11-03T17:29:30.714Z</time>
      </trkpt>
      <trkpt lat="43.221397" lon="40.467560">
        <ele>72.897579</ele>
        <time>2025-11-03T17:29:41.959Z</time>
      </trkpt>
      <trkpt lat="43.221277" lon="40.468016">
        <ele>72.487106</ele>
        <time>2025-11-03T17:29:45.249Z</time>
      </trkpt>
      <trkpt lat="43.221145" lon="40.468496">
        <ele>71.898910</ele>
        <time>2025-11-03T17:29:48.607Z</time>
      </trkpt>
      <trkpt lat="43.220936" lon="40.469016">
        <ele>71.136818</ele>
        <time>2025-11-03T17:29:52.378Z</time>
      </trkpt>
      <trkpt lat="43.220531" lon="40.469711">
        <ele>69.994809</ele>
        <time>2025-11-03T17:29:58.012Z</time>
      </trkpt>
      <trkpt lat="43.220197" lon="40.470195">
        <ele>69.171470</ele>
        <time>2025-11-03T17:30:02.424Z</time>
      </trkpt>
      <trkpt lat="43.219984" lon="40.470476">
        <ele>69.029575</ele>
        <time>2025-11-03T17:30:05.229Z</time>
      </trkpt>
      <trkpt lat="43.219271" lon="40.471526">
        <ele>68.527302</ele>
        <time>2025-11-03T17:30:16.623Z</time>
      </trkpt>
      <trkpt lat="43.218439" lon="40.473291">
        <ele>67.875932</ele>
        <time>2025-11-03T17:30:35.628Z</time>
      </trkpt>
      <trkpt lat="43.217254" lon="40.475961">
        <ele>64.838449</ele>
        <time>2025-11-03T17:30:57.179Z</time>
      </trkpt>
      <trkpt lat="43.216861" lon="40.477131">
        <ele>61.747856</ele>
        <time>2025-11-03T17:31:04.598Z</time>
      </trkpt>
      <trkpt lat="43.216734" lon="40.477803">
        <ele>59.843668</ele>
        <time>2025-11-03T17:31:08.417Z</time>
      </trkpt>
      <trkpt lat="43.216677" lon="40.478277">
        <ele>58.525958</ele>
        <time>2025-11-03T17:31:11.147Z</time>
      </trkpt>
      <trkpt lat="43.216603" lon="40.479159">
        <ele>56.852009</ele>
        <time>2025-11-03T17:31:16.386Z</time>
      </trkpt>
      <trkpt lat="43.216591" lon="40.479317">
        <ele>56.624220</ele>
        <time>2025-11-03T17:31:17.397Z</time>
      </trkpt>
      <trkpt lat="43.216486" lon="40.480971">
        <ele>54.243498</ele>
        <time>2025-11-03T17:31:28.695Z</time>
      </trkpt>
      <trkpt lat="43.216310" lon="40.481803">
        <ele>53.481167</ele>
        <time>2025-11-03T17:31:34.692Z</time>
      </trkpt>
      <trkpt lat="43.215977" lon="40.482834">
        <ele>52.541500</ele>
        <time>2025-11-03T17:31:42.438Z</time>
      </trkpt>
      <trkpt lat="43.214429" lon="40.485956">
        <ele>50.982143</ele>
        <time>2025-11-03T17:32:10.693Z</time>
      </trkpt>
      <trkpt lat="43.214069" lon="40.486879">
        <ele>51.078010</ele>
        <time>2025-11-03T17:32:21.727Z</time>
      </trkpt>
      <trkpt lat="43.213405" lon="40.488434">
        <ele>49.896657</ele>
        <time>2025-11-03T17:32:37.921Z</time>
      </trkpt>
      <trkpt lat="43.212879" lon="40.489773">
        <ele>48.046871</ele>
        <time>2025-11-03T17:32:47.105Z</time>
      </trkpt>
      <trkpt lat="43.212727" lon="40.490140">
        <ele>47.160275</ele>
        <time>2025-11-03T17:32:49.526Z</time>
      </trkpt>
      <trkpt lat="43.212258" lon="40.491062">
        <ele>44.798722</ele>
        <time>2025-11-03T17:32:56.151Z</time>
      </trkpt>
      <trkpt lat="43.211820" lon="40.491743">
        <ele>43.068044</ele>
        <time>2025-11-03T17:33:01.843Z</time>
      </trkpt>
      <trkpt lat="43.209418" lon="40.494540">
        <ele>38.089985</ele>
        <time>2025-11-03T17:33:31.062Z</time>
      </trkpt>
      <trkpt lat="43.209165" lon="40.494884">
        <ele>37.534484</ele>
        <time>2025-11-03T17:33:34.195Z</time>
      </trkpt>
      <trkpt lat="43.209118" lon="40.494926">
        <ele>37.450713</ele>
        <time>2025-11-03T17:33:34.686Z</time>
      </trkpt>
      <trkpt lat="43.208922" lon="40.495243">
        <ele>36.998205</ele>
        <time>2025-11-03T17:33:37.330Z</time>
      </trkpt>
      <trkpt lat="43.208746" lon="40.495649">
        <ele>36.483989</ele>
        <time>2025-11-03T17:33:40.341Z</time>
      </trkpt>
      <trkpt lat="43.208603" lon="40.496084">
        <ele>35.964530</ele>
        <time>2025-11-03T17:33:43.437Z</time>
      </trkpt>
      <trkpt lat="43.208545" lon="40.496603">
        <ele>35.392963</ele>
        <time>2025-11-03T17:33:46.989Z</time>
      </trkpt>
      <trkpt lat="43.208533" lon="40.497093">
        <ele>34.899613</ele>
        <time>2025-11-03T17:33:50.606Z</time>
      </trkpt>
      <trkpt lat="43.208595" lon="40.497650">
        <ele>34.711953</ele>
        <time>2025-11-03T17:33:55.236Z</time>
      </trkpt>
      <trkpt lat="43.208900" lon="40.498820">
        <ele>34.298113</ele>
        <time>2025-11-03T17:34:06.026Z</time>
      </trkpt>
      <trkpt lat="43.208947" lon="40.499303">
        <ele>34.135824</ele>
        <time>2025-11-03T17:34:09.801Z</time>
      </trkpt>
      <trkpt lat="43.208955" lon="40.499689">
        <ele>33.754860</ele>
        <time>2025-11-03T17:34:12.546Z</time>
      </trkpt>
      <trkpt lat="43.208932" lon="40.500215">
        <ele>33.077842</ele>
        <time>2025-11-03T17:34:16.033Z</time>
      </trkpt>
      <trkpt lat="43.208846" lon="40.500644">
        <ele>32.506196</ele>
        <time>2025-11-03T17:34:18.828Z</time>
      </trkpt>
      <trkpt lat="43.208131" lon="40.502718">
        <ele>29.749269</ele>
        <time>2025-11-03T17:34:33.383Z</time>
      </trkpt>
      <trkpt lat="43.208256" lon="40.502774">
        <ele>29.549840</ele>
        <time>2025-11-03T17:34:36.893Z</time>
      </trkpt>
      <trkpt lat="43.208414" lon="40.502923">
        <ele>29.259067</ele>
        <time>2025-11-03T17:34:42.000Z</time>
      </trkpt>
      <trkpt lat="43.208595" lon="40.503145">
        <ele>28.890858</ele>
        <time>2025-11-03T17:34:48.513Z</time>
      </trkpt>
      <trkpt lat="43.208717" lon="40.503325">
        <ele>28.619148</ele>
        <time>2025-11-03T17:34:53.339Z</time>
      </trkpt>
      <trkpt lat="43.208813" lon="40.503553">
        <ele>28.328083</ele>
        <time>2025-11-03T17:34:58.560Z</time>
      </trkpt>
      <trkpt lat="43.208857" lon="40.503841">
        <ele>28.024085</ele>
        <time>2025-11-03T17:35:04.529Z</time>
      </trkpt>
      <trkpt lat="43.208814" lon="40.504163">
        <ele>27.701848</ele>
        <time>2025-11-03T17:35:11.132Z</time>
      </trkpt>
      <trkpt lat="43.208682" lon="40.504704">
        <ele>27.140266</ele>
        <time>2025-11-03T17:35:22.032Z</time>
      </trkpt>
      <trkpt lat="43.208874" lon="40.504896">
        <ele>26.819397</ele>
        <time>2025-11-03T17:35:28.146Z</time>
      </trkpt>
      <trkpt lat="43.209259" lon="40.505147">
        <ele>26.243726</ele>
        <time>2025-11-03T17:35:39.103Z</time>
      </trkpt>
      <trkpt lat="43.210511" lon="40.505901">
        <ele>24.801983</ele>
        <time>2025-11-03T17:36:14.687Z</time>
      </trkpt>
      <trkpt lat="43.211185" lon="40.506552">
        <ele>24.134407</ele>
        <time>2025-11-03T17:36:38.007Z</time>
      </trkpt>
      <trkpt lat="43.211378" lon="40.506775">
        <ele>24.619524</ele>
        <time>2025-11-03T17:36:42.415Z</time>
      </trkpt>
      <trkpt lat="43.211525" lon="40.506893">
        <ele>24.946967</ele>
        <time>2025-11-03T17:36:47.857Z</time>
      </trkpt>
      <trkpt lat="43.211713" lon="40.506936">
        <ele>25.313409</ele>
        <time>2025-11-03T17:36:54.072Z</time>
      </trkpt>
      <trkpt lat="43.212303" lon="40.506950">
        <ele>26.447932</ele>
        <time>2025-11-03T17:37:14.572Z</time>
      </trkpt>
      <trkpt lat="43.212741" lon="40.506843">
        <ele>27.303288</ele>
        <time>2025-11-03T17:37:32.276Z</time>
      </trkpt>
      <trkpt lat="43.213089" lon="40.506859">
        <ele>29.021628</ele>
        <time>2025-11-03T17:37:47.653Z</time>
      </trkpt>
      <trkpt lat="43.213268" lon="40.506902">
        <ele>30.170509</ele>
        <time>2025-11-03T17:37:56.256Z</time>
      </trkpt>
      <trkpt lat="43.213418" lon="40.506999">
        <ele>31.218879</ele>
        <time>2025-11-03T17:38:04.394Z</time>
      </trkpt>
      <trkpt lat="43.213949" lon="40.507750">
        <ele>36.040061</ele>
        <time>2025-11-03T17:38:45.170Z</time>
      </trkpt>
      <trkpt lat="43.214090" lon="40.508286">
        <ele>38.665691</ele>
        <time>2025-11-03T17:39:08.619Z</time>
      </trkpt>
      <trkpt lat="43.214309" lon="40.509402">
        <ele>40.744090</ele>
        <time>2025-11-03T17:39:48.596Z</time>
      </trkpt>
      <trkpt lat="43.214309" lon="40.509556">
        <ele>41.002387</ele>
        <time>2025-11-03T17:39:52.791Z</time>
      </trkpt>
      <trkpt lat="43.214309" lon="40.509938">
        <ele>41.643097</ele>
        <time>2025-11-03T17:40:02.032Z</time>
      </trkpt>
      <trkpt lat="43.214356" lon="40.510346">
        <ele>42.335911</ele>
        <time>2025-11-03T17:40:10.399Z</time>
      </trkpt>
      <trkpt lat="43.214731" lon="40.511955">
        <ele>40.996391</ele>
        <time>2025-11-03T17:40:39.446Z</time>
      </trkpt>
      <trkpt lat="43.215153" lon="40.513264">
        <ele>39.330784</ele>
        <time>2025-11-03T17:41:06.146Z</time>
      </trkpt>
      <trkpt lat="43.215404" lon="40.513822">
        <ele>39.933420</ele>
        <time>2025-11-03T17:41:20.553Z</time>
      </trkpt>
      <trkpt lat="43.215908" lon="40.514716">
        <ele>40.972162</ele>
        <time>2025-11-03T17:41:49.060Z</time>
      </trkpt>
      <trkpt lat="43.216052" lon="40.515039">
        <ele>41.320144</ele>
        <time>2025-11-03T17:41:59.900Z</time>
      </trkpt>
      <trkpt lat="43.216771" lon="40.515661">
        <ele>46.030755</ele>
        <time>2025-11-03T17:42:37.616Z</time>
      </trkpt>
      <trkpt lat="43.217397" lon="40.515897">
        <ele>49.783709</ele>
        <time>2025-11-03T17:43:10.700Z</time>
      </trkpt>
      <trkpt lat="43.217491" lon="40.516069">
        <ele>50.689449</ele>
        <time>2025-11-03T17:43:19.035Z</time>
      </trkpt>
      <trkpt lat="43.217741" lon="40.516390">
        <ele>53.241660</ele>
        <time>2025-11-03T17:43:37.764Z</time>
      </trkpt>
      <trkpt lat="43.218022" lon="40.516691">
        <ele>56.622947</ele>
        <time>2025-11-03T17:43:57.983Z</time>
      </trkpt>
      <trkpt lat="43.218398" lon="40.517657">
        <ele>64.193045</ele>
        <time>2025-11-03T17:44:46.839Z</time>
      </trkpt>
      <trkpt lat="43.218726" lon="40.517914">
        <ele>67.775655</ele>
        <time>2025-11-03T17:45:11.291Z</time>
      </trkpt>
      <trkpt lat="43.219164" lon="40.518000">
        <ele>72.035611</ele>
        <time>2025-11-03T17:45:39.966Z</time>
      </trkpt>
      <trkpt lat="43.219524" lon="40.518150">
        <ele>75.676024</ele>
        <time>2025-11-03T17:46:03.982Z</time>
      </trkpt>
      <trkpt lat="43.219977" lon="40.518472">
        <ele>80.612421</ele>
        <time>2025-11-03T17:46:35.318Z</time>
      </trkpt>
      <trkpt lat="43.220790" lon="40.518944">
        <ele>88.211656</ele>
        <time>2025-11-03T17:47:25.365Z</time>
      </trkpt>
      <trkpt lat="43.221150" lon="40.519244">
        <ele>90.969526</ele>
        <time>2025-11-03T17:47:48.211Z</time>
      </trkpt>
      <trkpt lat="43.221759" lon="40.519652">
        <ele>95.407076</ele>
        <time>2025-11-03T17:48:21.686Z</time>
      </trkpt>
      <trkpt lat="43.221967" lon="40.519894">
        <ele>97.192669</ele>
        <time>2025-11-03T17:48:34.244Z</time>
      </trkpt>
      <trkpt lat="43.222010" lon="40.520011">
        <ele>97.817922</ele>
        <time>2025-11-03T17:48:38.587Z</time>
      </trkpt>
      <trkpt lat="43.221978" lon="40.520596">
        <ele>99.479812</ele>
        <time>2025-11-03T17:48:57.374Z</time>
      </trkpt>
      <trkpt lat="43.221994" lon="40.520939">
        <ele>100.402652</ele>
        <time>2025-11-03T17:49:07.976Z</time>
      </trkpt>
      <trkpt lat="43.222150" lon="40.521111">
        <ele>101.139994</ele>
        <time>2025-11-03T17:49:16.146Z</time>
      </trkpt>
      <trkpt lat="43.222338" lon="40.521412">
        <ele>102.204420</ele>
        <time>2025-11-03T17:49:27.510Z</time>
      </trkpt>
      <trkpt lat="43.222463" lon="40.521733">
        <ele>103.181645</ele>
        <time>2025-11-03T17:49:38.002Z</time>
      </trkpt>
      <trkpt lat="43.222541" lon="40.522377">
        <ele>104.753836</ele>
        <time>2025-11-03T17:49:57.273Z</time>
      </trkpt>
      <trkpt lat="43.222557" lon="40.523193">
        <ele>105.584397</ele>
        <time>2025-11-03T17:50:20.375Z</time>
      </trkpt>
      <trkpt lat="43.222573" lon="40.523922">
        <ele>106.326474</ele>
        <time>2025-11-03T17:50:38.570Z</time>
      </trkpt>
      <trkpt lat="43.222541" lon="40.524437">
        <ele>106.852376</ele>
        <time>2025-11-03T17:50:49.875Z</time>
      </trkpt>
      <trkpt lat="43.222463" lon="40.524823">
        <ele>107.079810</ele>
        <time>2025-11-03T17:50:58.053Z</time>
      </trkpt>
      <trkpt lat="43.222307" lon="40.525081">
        <ele>106.835227</ele>
        <time>2025-11-03T17:51:04.657Z</time>
      </trkpt>
      <trkpt lat="43.221994" lon="40.525295">
        <ele>106.485124</ele>
        <time>2025-11-03T17:51:13.821Z</time>
      </trkpt>
      <trkpt lat="43.221759" lon="40.525617">
        <ele>106.152649</ele>
        <time>2025-11-03T17:51:22.405Z</time>
      </trkpt>
      <trkpt lat="43.221619" lon="40.526025">
        <ele>105.823640</ele>
        <time>2025-11-03T17:51:30.975Z</time>
      </trkpt>
      <trkpt lat="43.221541" lon="40.526519">
        <ele>105.454874</ele>
        <time>2025-11-03T17:51:40.832Z</time>
      </trkpt>
      <trkpt lat="43.221465" lon="40.528399">
        <ele>105.943311</ele>
        <time>2025-11-03T17:52:20.575Z</time>
      </trkpt>
      <trkpt lat="43.221398" lon="40.529096">
        <ele>106.180615</ele>
        <time>2025-11-03T17:52:39.097Z</time>
      </trkpt>
      <trkpt lat="43.221472" lon="40.529093">
        <ele>106.333708</ele>
        <time>2025-11-03T17:52:40.914Z</time>
      </trkpt>
      <trkpt lat="43.221627" lon="40.529280">
        <ele>106.842609</ele>
        <time>2025-11-03T17:52:45.901Z</time>
      </trkpt>
      <trkpt lat="43.222140" lon="40.529363">
        <ele>108.116325</ele>
        <time>2025-11-03T17:52:58.974Z</time>
      </trkpt>
      <trkpt lat="43.222229" lon="40.529570">
        <ele>108.548186</ele>
        <time>2025-11-03T17:53:03.670Z</time>
      </trkpt>
      <trkpt lat="43.222307" lon="40.530145">
        <ele>109.599115</ele>
        <time>2025-11-03T17:53:15.333Z</time>
      </trkpt>
      <trkpt lat="43.222766" lon="40.531020">
        <ele>110.877008</ele>
        <time>2025-11-03T17:53:32.187Z</time>
      </trkpt>
      <trkpt lat="43.222996" lon="40.531703">
        <ele>111.253504</ele>
        <time>2025-11-03T17:53:40.863Z</time>
      </trkpt>
      <trkpt lat="43.223028" lon="40.532198">
        <ele>111.502169</ele>
        <time>2025-11-03T17:53:46.572Z</time>
      </trkpt>
      <trkpt lat="43.222874" lon="40.533204">
        <ele>111.975580</ele>
        <time>2025-11-03T17:54:00.657Z</time>
      </trkpt>
      <trkpt lat="43.223010" lon="40.534272">
        <ele>112.378229</ele>
        <time>2025-11-03T17:54:15.769Z</time>
      </trkpt>
      <trkpt lat="43.223030" lon="40.534776">
        <ele>112.565684</ele>
        <time>2025-11-03T17:54:22.928Z</time>
      </trkpt>
      <trkpt lat="43.224306" lon="40.537319">
        <ele>112.722224</ele>
        <time>2025-11-03T17:54:56.097Z</time>
      </trkpt>
      <trkpt lat="43.224832" lon="40.538262">
        <ele>115.774646</ele>
        <time>2025-11-03T17:55:17.421Z</time>
      </trkpt>
      <trkpt lat="43.226188" lon="40.538584">
        <ele>121.941296</ele>
        <time>2025-11-03T17:56:02.833Z</time>
      </trkpt>
      <trkpt lat="43.227115" lon="40.538902">
        <ele>127.899021</ele>
        <time>2025-11-03T17:56:37.807Z</time>
      </trkpt>
      <trkpt lat="43.227758" lon="40.539028">
        <ele>131.555968</ele>
        <time>2025-11-03T17:57:03.699Z</time>
      </trkpt>
      <trkpt lat="43.227916" lon="40.539112">
        <ele>132.383782</ele>
        <time>2025-11-03T17:57:10.329Z</time>
      </trkpt>
      <trkpt lat="43.228346" lon="40.539340">
        <ele>134.635914</ele>
        <time>2025-11-03T17:57:27.174Z</time>
      </trkpt>
      <trkpt lat="43.228406" lon="40.539461">
        <ele>135.156930</ele>
        <time>2025-11-03T17:57:30.713Z</time>
      </trkpt>
      <trkpt lat="43.228479" lon="40.539697">
        <ele>136.069605</ele>
        <time>2025-11-03T17:57:36.480Z</time>
      </trkpt>
      <trkpt lat="43.228763" lon="40.540188">
        <ele>138.301223</ele>
        <time>2025-11-03T17:57:48.389Z</time>
      </trkpt>
      <trkpt lat="43.229046" lon="40.540510">
        <ele>138.985820</ele>
        <time>2025-11-03T17:57:55.732Z</time>
      </trkpt>
      <trkpt lat="43.229499" lon="40.541183">
        <ele>139.165289</ele>
        <time>2025-11-03T17:58:08.089Z</time>
      </trkpt>
      <trkpt lat="43.229725" lon="40.541289">
        <ele>139.229495</ele>
        <time>2025-11-03T17:58:11.805Z</time>
      </trkpt>
      <trkpt lat="43.229817" lon="40.541273">
        <ele>139.254426</ele>
        <time>2025-11-03T17:58:13.144Z</time>
      </trkpt>
      <trkpt lat="43.230266" lon="40.540991">
        <ele>139.387171</ele>
        <time>2025-11-03T17:58:20.102Z</time>
      </trkpt>
      <trkpt lat="43.230350" lon="40.540987">
        <ele>139.358834</ele>
        <time>2025-11-03T17:58:21.242Z</time>
      </trkpt>
      <trkpt lat="43.230463" lon="40.541227">
        <ele>138.858453</ele>
        <time>2025-11-03T17:58:24.097Z</time>
      </trkpt>
      <trkpt lat="43.230505" lon="40.541528">
        <ele>138.321790</ele>
        <time>2025-11-03T17:58:27.121Z</time>
      </trkpt>
      <trkpt lat="43.230462" lon="40.541788">
        <ele>137.854919</ele>
        <time>2025-11-03T17:58:29.725Z</time>
      </trkpt>
      <trkpt lat="43.230069" lon="40.542311">
        <ele>136.539288</ele>
        <time>2025-11-03T17:58:36.177Z</time>
      </trkpt>
      <trkpt lat="43.229854" lon="40.543471">
        <ele>134.705115</ele>
        <time>2025-11-03T17:58:46.146Z</time>
      </trkpt>
      <trkpt lat="43.229348" lon="40.544280">
        <ele>133.603633</ele>
        <time>2025-11-03T17:58:55.821Z</time>
      </trkpt>
      <trkpt lat="43.229196" lon="40.544609">
        <ele>133.201173</ele>
        <time>2025-11-03T17:58:59.721Z</time>
      </trkpt>
      <trkpt lat="43.228981" lon="40.545575">
        <ele>133.381159</ele>
        <time>2025-11-03T17:59:12.579Z</time>
      </trkpt>
      <trkpt lat="43.228720" lon="40.546305">
        <ele>135.290224</ele>
        <time>2025-11-03T17:59:27.453Z</time>
      </trkpt>
      <trkpt lat="43.228483" lon="40.547151">
        <ele>137.418165</ele>
        <time>2025-11-03T17:59:46.856Z</time>
      </trkpt>
      <trkpt lat="43.228347" lon="40.547343">
        <ele>138.046832</ele>
        <time>2025-11-03T17:59:52.982Z</time>
      </trkpt>
      <trkpt lat="43.227390" lon="40.547558">
        <ele>144.911803</ele>
        <time>2025-11-03T18:00:26.338Z</time>
      </trkpt>
      <trkpt lat="43.227358" lon="40.547676">
        <ele>145.596120</ele>
        <time>2025-11-03T18:00:29.831Z</time>
      </trkpt>
      <trkpt lat="43.227416" lon="40.548215">
        <ele>148.557393</ele>
        <time>2025-11-03T18:00:46.239Z</time>
      </trkpt>
      <trkpt lat="43.227374" lon="40.548575">
        <ele>150.538938</ele>
        <time>2025-11-03T18:00:58.760Z</time>
      </trkpt>
      <trkpt lat="43.227452" lon="40.548698">
        <ele>151.425177</ele>
        <time>2025-11-03T18:01:04.752Z</time>
      </trkpt>
      <trkpt lat="43.227817" lon="40.548637">
        <ele>155.493769</ele>
        <time>2025-11-03T18:01:24.669Z</time>
      </trkpt>
      <trkpt lat="43.228451" lon="40.548742">
        <ele>162.862218</ele>
        <time>2025-11-03T18:02:01.486Z</time>
      </trkpt>
      <trkpt lat="43.228897" lon="40.548359">
        <ele>168.932722</ele>
        <time>2025-11-03T18:02:30.526Z</time>
      </trkpt>
      <trkpt lat="43.229341" lon="40.547719">
        <ele>175.743275</ele>
        <time>2025-11-03T18:03:02.696Z</time>
      </trkpt>
      <trkpt lat="43.229583" lon="40.547253">
        <ele>179.783921</ele>
        <time>2025-11-03T18:03:21.577Z</time>
      </trkpt>
      <trkpt lat="43.230366" lon="40.546208">
        <ele>190.323528</ele>
        <time>2025-11-03T18:04:11.761Z</time>
      </trkpt>
      <trkpt lat="43.230804" lon="40.545459">
        <ele>196.420366</ele>
        <time>2025-11-03T18:04:45.784Z</time>
      </trkpt>
      <trkpt lat="43.230959" lon="40.545082">
        <ele>199.168359</ele>
        <time>2025-11-03T18:04:59.991Z</time>
      </trkpt>
      <trkpt lat="43.231069" lon="40.545013">
        <ele>200.222119</ele>
        <time>2025-11-03T18:05:05.281Z</time>
      </trkpt>
      <trkpt lat="43.231129" lon="40.545125">
        <ele>201.104612</ele>
        <time>2025-11-03T18:05:09.581Z</time>
      </trkpt>
      <trkpt lat="43.231113" lon="40.545214">
        <ele>201.686539</ele>
        <time>2025-11-03T18:05:12.409Z</time>
      </trkpt>
      <trkpt lat="43.230644" lon="40.546758">
        <ele>212.929505</ele>
        <time>2025-11-03T18:05:59.885Z</time>
      </trkpt>
      <trkpt lat="43.230465" lon="40.547137">
        <ele>216.063373</ele>
        <time>2025-11-03T18:06:14.791Z</time>
      </trkpt>
      <trkpt lat="43.230364" lon="40.547489">
        <ele>218.688313</ele>
        <time>2025-11-03T18:06:28.859Z</time>
      </trkpt>
      <trkpt lat="43.230368" lon="40.547676">
        <ele>219.986384</ele>
        <time>2025-11-03T18:06:36.288Z</time>
      </trkpt>
      <trkpt lat="43.230462" lon="40.547877">
        <ele>221.643604</ele>
        <time>2025-11-03T18:06:45.970Z</time>
      </trkpt>
      <trkpt lat="43.231094" lon="40.548145">
        <ele>229.796860</ele>
        <time>2025-11-03T18:07:25.580Z</time>
      </trkpt>
      <trkpt lat="43.231313" lon="40.548267">
        <ele>232.847745</ele>
        <time>2025-11-03T18:07:40.303Z</time>
      </trkpt>
      <trkpt lat="43.232214" lon="40.549903">
        <ele>251.676920</ele>
        <time>2025-11-03T18:09:05.705Z</time>
      </trkpt>
      <trkpt lat="43.232368" lon="40.550081">
        <ele>254.083429</ele>
        <time>2025-11-03T18:09:16.492Z</time>
      </trkpt>
      <trkpt lat="43.232553" lon="40.550077">
        <ele>256.294989</ele>
        <time>2025-11-03T18:09:26.387Z</time>
      </trkpt>
      <trkpt lat="43.232618" lon="40.550021">
        <ele>257.212304</ele>
        <time>2025-11-03T18:09:30.491Z</time>
      </trkpt>
      <trkpt lat="43.232927" lon="40.549116">
        <ele>265.916106</ele>
        <time>2025-11-03T18:10:09.689Z</time>
      </trkpt>
      <trkpt lat="43.232957" lon="40.548895">
        <ele>267.844188</ele>
        <time>2025-11-03T18:10:18.506Z</time>
      </trkpt>
      <trkpt lat="43.233246" lon="40.548508">
        <ele>272.337780</ele>
        <time>2025-11-03T18:10:40.076Z</time>
      </trkpt>
      <trkpt lat="43.233547" lon="40.547907">
        <ele>278.251370</ele>
        <time>2025-11-03T18:11:08.531Z</time>
      </trkpt>
      <trkpt lat="43.233770" lon="40.547606">
        <ele>281.732236</ele>
        <time>2025-11-03T18:11:25.226Z</time>
      </trkpt>
      <trkpt lat="43.234051" lon="40.547570">
        <ele>284.873191</ele>
        <time>2025-11-03T18:11:39.961Z</time>
      </trkpt>
      <trkpt lat="43.234350" lon="40.547648">
        <ele>287.761527</ele>
        <time>2025-11-03T18:11:55.165Z</time>
      </trkpt>
      <trkpt lat="43.234421" lon="40.547722">
        <ele>288.134122</ele>
        <time>2025-11-03T18:11:59.339Z</time>
      </trkpt>
      <trkpt lat="43.234488" lon="40.547846">
        <ele>288.604201</ele>
        <time>2025-11-03T18:12:04.517Z</time>
      </trkpt>
      <trkpt lat="43.234504" lon="40.548005">
        <ele>289.092945</ele>
        <time>2025-11-03T18:12:09.669Z</time>
      </trkpt>
      <trkpt lat="43.234561" lon="40.548547">
        <ele>290.760413</ele>
        <time>2025-11-03T18:12:26.101Z</time>
      </trkpt>
      <trkpt lat="43.234670" lon="40.548767">
        <ele>291.570527</ele>
        <time>2025-11-03T18:12:32.971Z</time>
      </trkpt>
      <trkpt lat="43.235552" lon="40.548981">
        <ele>294.570316</ele>
        <time>2025-11-03T18:12:48.597Z</time>
      </trkpt>
      <trkpt lat="43.235602" lon="40.549169">
        <ele>293.827537</ele>
        <time>2025-11-03T18:12:50.189Z</time>
      </trkpt>
      <trkpt lat="43.235496" lon="40.549439">
        <ele>292.689231</ele>
        <time>2025-11-03T18:12:52.543Z</time>
      </trkpt>
      <trkpt lat="43.235546" lon="40.549709">
        <ele>291.655291</ele>
        <time>2025-11-03T18:12:54.637Z</time>
      </trkpt>
      <trkpt lat="43.235956" lon="40.549913">
        <ele>289.433657</ele>
        <time>2025-11-03T18:12:59.077Z</time>
      </trkpt>
      <trkpt lat="43.236118" lon="40.550096">
        <ele>288.364848</ele>
        <time>2025-11-03T18:13:01.198Z</time>
      </trkpt>
      <trkpt lat="43.236260" lon="40.550337">
        <ele>287.214502</ele>
        <time>2025-11-03T18:13:03.486Z</time>
      </trkpt>
      <trkpt lat="43.236275" lon="40.550575">
        <ele>286.327904</ele>
        <time>2025-11-03T18:13:05.283Z</time>
      </trkpt>
      <trkpt lat="43.236154" lon="40.552019">
        <ele>286.236352</ele>
        <time>2025-11-03T18:13:18.515Z</time>
      </trkpt>
      <trkpt lat="43.235972" lon="40.552943">
        <ele>286.542134</ele>
        <time>2025-11-03T18:13:37.678Z</time>
      </trkpt>
      <trkpt lat="43.235890" lon="40.553606">
        <ele>288.707121</ele>
        <time>2025-11-03T18:13:54.805Z</time>
      </trkpt>
      <trkpt lat="43.235780" lon="40.553945">
        <ele>290.344717</ele>
        <time>2025-11-03T18:14:04.860Z</time>
      </trkpt>
      <trkpt lat="43.235679" lon="40.554517">
        <ele>292.941902</ele>
        <time>2025-11-03T18:14:20.908Z</time>
      </trkpt>
      <trkpt lat="43.235338" lon="40.555495">
        <ele>297.739969</ele>
        <time>2025-11-03T18:14:49.366Z</time>
      </trkpt>
      <trkpt lat="43.235256" lon="40.556128">
        <ele>300.746508</ele>
        <time>2025-11-03T18:15:06.384Z</time>
      </trkpt>
      <trkpt lat="43.235409" lon="40.556568">
        <ele>303.026437</ele>
        <time>2025-11-03T18:15:19.996Z</time>
      </trkpt>
      <trkpt lat="43.236314" lon="40.557267">
        <ele>309.190582</ele>
        <time>2025-11-03T18:15:59.315Z</time>
      </trkpt>
      <trkpt lat="43.236422" lon="40.557611">
        <ele>309.586692</ele>
        <time>2025-11-03T18:16:08.356Z</time>
      </trkpt>
      <trkpt lat="43.236284" lon="40.558337">
        <ele>310.380116</ele>
        <time>2025-11-03T18:16:23.459Z</time>
      </trkpt>
      <trkpt lat="43.236284" lon="40.558756">
        <ele>310.823196</ele>
        <time>2025-11-03T18:16:29.251Z</time>
      </trkpt>
      <trkpt lat="43.236483" lon="40.559680">
        <ele>310.606393</ele>
        <time>2025-11-03T18:16:37.789Z</time>
      </trkpt>
      <trkpt lat="43.236526" lon="40.559876">
        <ele>309.394519</ele>
        <time>2025-11-03T18:16:39.397Z</time>
      </trkpt>
      <trkpt lat="43.236502" lon="40.560441">
        <ele>306.043803</ele>
        <time>2025-11-03T18:16:43.676Z</time>
      </trkpt>
      <trkpt lat="43.236495" lon="40.560598">
        <ele>305.112559</ele>
        <time>2025-11-03T18:16:44.835Z</time>
      </trkpt>
      <trkpt lat="43.236540" lon="40.561443">
        <ele>300.096461</ele>
        <time>2025-11-03T18:16:50.874Z</time>
      </trkpt>
      <trkpt lat="43.236714" lon="40.561897">
        <ele>297.059351</ele>
        <time>2025-11-03T18:16:54.463Z</time>
      </trkpt>
      <trkpt lat="43.236919" lon="40.563130">
        <ele>287.797055</ele>
        <time>2025-11-03T18:17:03.229Z</time>
      </trkpt>
      <trkpt lat="43.236906" lon="40.563359">
        <ele>286.113931</ele>
        <time>2025-11-03T18:17:04.839Z</time>
      </trkpt>
      <trkpt lat="43.236828" lon="40.563604">
        <ele>284.154712</ele>
        <time>2025-11-03T18:17:06.722Z</time>
      </trkpt>
      <trkpt lat="43.236441" lon="40.563992">
        <ele>279.334418</ele>
        <time>2025-11-03T18:17:11.478Z</time>
      </trkpt>
      <trkpt lat="43.236376" lon="40.564233">
        <ele>279.110082</ele>
        <time>2025-11-03T18:17:13.449Z</time>
      </trkpt>
      <trkpt lat="43.236589" lon="40.565031">
        <ele>279.788862</ele>
        <time>2025-11-03T18:17:21.482Z</time>
      </trkpt>
      <trkpt lat="43.236490" lon="40.565506">
        <ele>280.183456</ele>
        <time>2025-11-03T18:17:30.931Z</time>
      </trkpt>
      <trkpt lat="43.236647" lon="40.566370">
        <ele>280.894660</ele>
        <time>2025-11-03T18:17:53.477Z</time>
      </trkpt>
      <trkpt lat="43.236636" lon="40.566907">
        <ele>283.031604</ele>
        <time>2025-11-03T18:18:08.442Z</time>
      </trkpt>
      <trkpt lat="43.235901" lon="40.568530">
        <ele>290.996979</ele>
        <time>2025-11-03T18:18:54.604Z</time>
      </trkpt>
      <trkpt lat="43.235749" lon="40.569194">
        <ele>295.765232</ele>
        <time>2025-11-03T18:19:12.261Z</time>
      </trkpt>
      <trkpt lat="43.235901" lon="40.570200">
        <ele>303.021657</ele>
        <time>2025-11-03T18:19:48.057Z</time>
      </trkpt>
      <trkpt lat="43.235978" lon="40.570454">
        <ele>304.964729</ele>
        <time>2025-11-03T18:19:59.631Z</time>
      </trkpt>
      <trkpt lat="43.236091" lon="40.570611">
        <ele>306.523465</ele>
        <time>2025-11-03T18:20:09.227Z</time>
      </trkpt>
      <trkpt lat="43.236379" lon="40.570626">
        <ele>309.326567</ele>
        <time>2025-11-03T18:20:26.375Z</time>
      </trkpt>
      <trkpt lat="43.236611" lon="40.570560">
        <ele>311.654540</ele>
        <time>2025-11-03T18:20:40.164Z</time>
      </trkpt>
      <trkpt lat="43.236689" lon="40.570608">
        <ele>312.494430</ele>
        <time>2025-11-03T18:20:45.111Z</time>
      </trkpt>
      <trkpt lat="43.236887" lon="40.570959">
        <ele>315.672104</ele>
        <time>2025-11-03T18:21:03.147Z</time>
      </trkpt>
      <trkpt lat="43.236899" lon="40.571200">
        <ele>317.401253</ele>
        <time>2025-11-03T18:21:12.250Z</time>
      </trkpt>
      <trkpt lat="43.236571" lon="40.572141">
        <ele>324.868401</ele>
        <time>2025-11-03T18:21:44.561Z</time>
      </trkpt>
      <trkpt lat="43.236531" lon="40.572438">
        <ele>326.803044</ele>
        <time>2025-11-03T18:21:52.144Z</time>
      </trkpt>
      <trkpt lat="43.236597" lon="40.572772">
        <ele>328.488441</ele>
        <time>2025-11-03T18:22:00.495Z</time>
      </trkpt>
      <trkpt lat="43.236530" lon="40.572926">
        <ele>329.361999</ele>
        <time>2025-11-03T18:22:04.904Z</time>
      </trkpt>
      <trkpt lat="43.236349" lon="40.573153">
        <ele>331.000956</ele>
        <time>2025-11-03T18:22:13.449Z</time>
      </trkpt>
      <trkpt lat="43.236303" lon="40.573434">
        <ele>332.403591</ele>
        <time>2025-11-03T18:22:20.971Z</time>
      </trkpt>
      <trkpt lat="43.236342" lon="40.574143">
        <ele>335.866357</ele>
        <time>2025-11-03T18:22:40.768Z</time>
      </trkpt>
      <trkpt lat="43.236298" lon="40.574593">
        <ele>338.077575</ele>
        <time>2025-11-03T18:22:54.216Z</time>
      </trkpt>
      <trkpt lat="43.236232" lon="40.574765">
        <ele>339.027688</ele>
        <time>2025-11-03T18:23:00.000Z</time>
      </trkpt>
      <trkpt lat="43.235908" lon="40.575170">
        <ele>341.971550</ele>
        <time>2025-11-03T18:23:17.763Z</time>
      </trkpt>
      <trkpt lat="43.235801" lon="40.575433">
        <ele>343.445826</ele>
        <time>2025-11-03T18:23:26.310Z</time>
      </trkpt>
      <trkpt lat="43.235703" lon="40.576224">
        <ele>347.372715</ele>
        <time>2025-11-03T18:23:47.661Z</time>
      </trkpt>
      <trkpt lat="43.235623" lon="40.576389">
        <ele>348.342741</ele>
        <time>2025-11-03T18:23:52.734Z</time>
      </trkpt>
      <trkpt lat="43.235259" lon="40.576635">
        <ele>350.852514</ele>
        <time>2025-11-03T18:24:07.196Z</time>
      </trkpt>
      <trkpt lat="43.235039" lon="40.576857">
        <ele>352.070779</ele>
        <time>2025-11-03T18:24:17.097Z</time>
      </trkpt>
      <trkpt lat="43.234801" lon="40.576913">
        <ele>353.148132</ele>
        <time>2025-11-03T18:24:25.929Z</time>
      </trkpt>
      <trkpt lat="43.234650" lon="40.577060">
        <ele>353.974083</ele>
        <time>2025-11-03T18:24:32.318Z</time>
      </trkpt>
      <trkpt lat="43.234100" lon="40.578085">
        <ele>358.112014</ele>
        <time>2025-11-03T18:24:59.379Z</time>
      </trkpt>
      <trkpt lat="43.234055" lon="40.577820">
        <ele>358.070547</ele>
        <time>2025-11-03T18:25:04.006Z</time>
      </trkpt>
      <trkpt lat="43.233824" lon="40.577580">
        <ele>357.170893</ele>
        <time>2025-11-03T18:25:09.257Z</time>
      </trkpt>
      <trkpt lat="43.233412" lon="40.577433">
        <ele>355.848991</ele>
        <time>2025-11-03T18:25:14.569Z</time>
      </trkpt>
      <trkpt lat="43.233171" lon="40.577543">
        <ele>355.060320</ele>
        <time>2025-11-03T18:25:17.334Z</time>
      </trkpt>
      <trkpt lat="43.232352" lon="40.578189">
        <ele>351.645696</ele>
        <time>2025-11-03T18:25:27.115Z</time>
      </trkpt>
      <trkpt lat="43.231933" lon="40.578211">
        <ele>349.494598</ele>
        <time>2025-11-03T18:25:31.385Z</time>
      </trkpt>
      <trkpt lat="43.231512" lon="40.578399">
        <ele>347.223375</ele>
        <time>2025-11-03T18:25:36.056Z</time>
      </trkpt>
      <trkpt lat="43.231214" lon="40.578577">
        <ele>345.556094</ele>
        <time>2025-11-03T18:25:39.651Z</time>
      </trkpt>
      <trkpt lat="43.231096" lon="40.578791">
        <ele>344.552961</ele>
        <time>2025-11-03T18:25:41.897Z</time>
      </trkpt>
      <trkpt lat="43.231008" lon="40.579054">
        <ele>343.621052</ele>
        <time>2025-11-03T18:25:44.434Z</time>
      </trkpt>
      <trkpt lat="43.230621" lon="40.579716">
        <ele>343.299693</ele>
        <time>2025-11-03T18:25:52.623Z</time>
      </trkpt>
      <trkpt lat="43.230274" lon="40.580229">
        <ele>343.034655</ele>
        <time>2025-11-03T18:26:00.637Z</time>
      </trkpt>
      <trkpt lat="43.229727" lon="40.580831">
        <ele>342.750017</ele>
        <time>2025-11-03T18:26:13.678Z</time>
      </trkpt>
      <trkpt lat="43.229376" lon="40.581328">
        <ele>343.121972</ele>
        <time>2025-11-03T18:26:24.098Z</time>
      </trkpt>
      <trkpt lat="43.229345" lon="40.581526">
        <ele>343.230804</ele>
        <time>2025-11-03T18:26:27.146Z</time>
      </trkpt>
      <trkpt lat="43.229373" lon="40.582085">
        <ele>343.531914</ele>
        <time>2025-11-03T18:26:35.499Z</time>
      </trkpt>
      <trkpt lat="43.228861" lon="40.584009">
        <ele>343.181636</ele>
        <time>2025-11-03T18:26:59.224Z</time>
      </trkpt>
      <trkpt lat="43.228848" lon="40.585226">
        <ele>342.261324</ele>
        <time>2025-11-03T18:27:10.555Z</time>
      </trkpt>
      <trkpt lat="43.228642" lon="40.586364">
        <ele>340.992654</ele>
        <time>2025-11-03T18:27:21.503Z</time>
      </trkpt>
      <trkpt lat="43.228270" lon="40.587521">
        <ele>339.573170</ele>
        <time>2025-11-03T18:27:33.421Z</time>
      </trkpt>
      <trkpt lat="43.227455" lon="40.588573">
        <ele>339.445419</ele>
        <time>2025-11-03T18:27:50.368Z</time>
      </trkpt>
      <trkpt lat="43.226693" lon="40.589183">
        <ele>339.281020</ele>
        <time>2025-11-03T18:28:07.402Z</time>
      </trkpt>
      <trkpt lat="43.226374" lon="40.589531">
        <ele>338.291635</ele>
        <time>2025-11-03T18:28:15.324Z</time>
      </trkpt>
      <trkpt lat="43.225669" lon="40.589964">
        <ele>336.416361</ele>
        <time>2025-11-03T18:28:25.308Z</time>
      </trkpt>
      <trkpt lat="43.225209" lon="40.590017">
        <ele>335.295590</ele>
        <time>2025-11-03T18:28:30.217Z</time>
      </trkpt>
      <trkpt lat="43.224903" lon="40.590287">
        <ele>333.158724</ele>
        <time>2025-11-03T18:28:33.914Z</time>
      </trkpt>
      <trkpt lat="43.224348" lon="40.590623">
        <ele>329.079066</ele>
        <time>2025-11-03T18:28:39.978Z</time>
      </trkpt>
      <trkpt lat="43.224224" lon="40.590747">
        <ele>328.047200</ele>
        <time>2025-11-03T18:28:41.517Z</time>
      </trkpt>
      <trkpt lat="43.223886" lon="40.591188">
        <ele>324.910618</ele>
        <time>2025-11-03T18:28:46.271Z</time>
      </trkpt>
      <trkpt lat="43.223704" lon="40.592620">
        <ele>321.009007</ele>
        <time>2025-11-03T18:28:58.091Z</time>
      </trkpt>
      <trkpt lat="43.223713" lon="40.594235">
        <ele>318.328202</ele>
        <time>2025-11-03T18:29:14.055Z</time>
      </trkpt>
      <trkpt lat="43.223560" lon="40.594929">
        <ele>318.188099</ele>
        <time>2025-11-03T18:29:22.234Z</time>
      </trkpt>
      <trkpt lat="43.223007" lon="40.596313">
        <ele>317.880072</ele>
        <time>2025-11-03T18:29:41.081Z</time>
      </trkpt>
      <trkpt lat="43.220993" lon="40.600018">
        <ele>317.084400</ele>
        <time>2025-11-03T18:30:31.672Z</time>
      </trkpt>
      <trkpt lat="43.220782" lon="40.600213">
        <ele>316.953765</ele>
        <time>2025-11-03T18:30:36.989Z</time>
      </trkpt>
      <trkpt lat="43.220533" lon="40.600271">
        <ele>316.512343</ele>
        <time>2025-11-03T18:30:42.412Z</time>
      </trkpt>
      <trkpt lat="43.220014" lon="40.599397">
        <ele>315.076385</ele>
        <time>2025-11-03T18:30:57.231Z</time>
      </trkpt>
      <trkpt lat="43.219743" lon="40.599264">
        <ele>314.573357</ele>
        <time>2025-11-03T18:31:00.574Z</time>
      </trkpt>
      <trkpt lat="43.219396" lon="40.599145">
        <ele>313.948225</ele>
        <time>2025-11-03T18:31:04.396Z</time>
      </trkpt>
      <trkpt lat="43.219219" lon="40.599164">
        <ele>312.502093</ele>
        <time>2025-11-03T18:31:06.212Z</time>
      </trkpt>
      <trkpt lat="43.218801" lon="40.599466">
        <ele>308.338125</ele>
        <time>2025-11-03T18:31:10.882Z</time>
      </trkpt>
      <trkpt lat="43.218026" lon="40.600493">
        <ele>298.841439</ele>
        <time>2025-11-03T18:31:21.327Z</time>
      </trkpt>
      <trkpt lat="43.216661" lon="40.603542">
        <ele>280.412366</ele>
        <time>2025-11-03T18:31:48.114Z</time>
      </trkpt>
      <trkpt lat="43.216584" lon="40.604393">
        <ele>276.443721</ele>
        <time>2025-11-03T18:31:54.784Z</time>
      </trkpt>
      <trkpt lat="43.216533" lon="40.604539">
        <ele>275.694427</ele>
        <time>2025-11-03T18:31:56.024Z</time>
      </trkpt>
      <trkpt lat="43.216136" lon="40.605130">
        <ele>271.371188</ele>
        <time>2025-11-03T18:32:02.096Z</time>
      </trkpt>
      <trkpt lat="43.215665" lon="40.605671">
        <ele>265.994164</ele>
        <time>2025-11-03T18:32:08.275Z</time>
      </trkpt>
      <trkpt lat="43.215525" lon="40.605923">
        <ele>263.972615</ele>
        <time>2025-11-03T18:32:10.557Z</time>
      </trkpt>
      <trkpt lat="43.215365" lon="40.606976">
        <ele>256.874766</ele>
        <time>2025-11-03T18:32:18.194Z</time>
      </trkpt>
      <trkpt lat="43.215283" lon="40.607215">
        <ele>254.633102</ele>
        <time>2025-11-03T18:32:20.056Z</time>
      </trkpt>
      <trkpt lat="43.214580" lon="40.607374">
        <ele>246.336901</ele>
        <time>2025-11-03T18:32:26.889Z</time>
      </trkpt>
      <trkpt lat="43.214039" lon="40.607355">
        <ele>240.035426</ele>
        <time>2025-11-03T18:32:32.041Z</time>
      </trkpt>
      <trkpt lat="43.213233" lon="40.606687">
        <ele>229.546609</ele>
        <time>2025-11-03T18:32:41.019Z</time>
      </trkpt>
      <trkpt lat="43.212762" lon="40.606341">
        <ele>223.704462</ele>
        <time>2025-11-03T18:32:46.163Z</time>
      </trkpt>
      <trkpt lat="43.212533" lon="40.606294">
        <ele>221.172466</ele>
        <time>2025-11-03T18:32:48.408Z</time>
      </trkpt>
      <trkpt lat="43.211894" lon="40.606324">
        <ele>215.652090</ele>
        <time>2025-11-03T18:32:54.689Z</time>
      </trkpt>
      <trkpt lat="43.211298" lon="40.605771">
        <ele>211.603315</ele>
        <time>2025-11-03T18:33:02.070Z</time>
      </trkpt>
      <trkpt lat="43.211227" lon="40.605659">
        <ele>210.994514</ele>
        <time>2025-11-03T18:33:03.234Z</time>
      </trkpt>
      <trkpt lat="43.211155" lon="40.605420">
        <ele>209.933847</ele>
        <time>2025-11-03T18:33:05.316Z</time>
      </trkpt>
      <trkpt lat="43.211055" lon="40.605084">
        <ele>208.445312</ele>
        <time>2025-11-03T18:33:08.404Z</time>
      </trkpt>
      <trkpt lat="43.210693" lon="40.604913">
        <ele>206.955452</ele>
        <time>2025-11-03T18:33:13.334Z</time>
      </trkpt>
      <trkpt lat="43.210359" lon="40.604666">
        <ele>206.595155</ele>
        <time>2025-11-03T18:33:19.337Z</time>
      </trkpt>
      <trkpt lat="43.210035" lon="40.604097">
        <ele>206.095416</ele>
        <time>2025-11-03T18:33:28.393Z</time>
      </trkpt>
      <trkpt lat="43.209560" lon="40.603593">
        <ele>205.525221</ele>
        <time>2025-11-03T18:33:37.363Z</time>
      </trkpt>
      <trkpt lat="43.209145" lon="40.603291">
        <ele>204.321439</ele>
        <time>2025-11-03T18:33:43.175Z</time>
      </trkpt>
      <trkpt lat="43.207718" lon="40.602641">
        <ele>199.357597</ele>
        <time>2025-11-03T18:33:59.878Z</time>
      </trkpt>
      <trkpt lat="43.206696" lon="40.601492">
        <ele>196.669617</ele>
        <time>2025-11-03T18:34:16.824Z</time>
      </trkpt>
      <trkpt lat="43.206043" lon="40.600905">
        <ele>195.024939</ele>
        <time>2025-11-03T18:34:27.370Z</time>
      </trkpt>
      <trkpt lat="43.204397" lon="40.599789">
        <ele>190.418269</ele>
        <time>2025-11-03T18:34:49.804Z</time>
      </trkpt>
      <trkpt lat="43.203957" lon="40.599326">
        <ele>188.351581</ele>
        <time>2025-11-03T18:34:56.139Z</time>
      </trkpt>
      <trkpt lat="43.203710" lon="40.598734">
        <ele>186.498496</ele>
        <time>2025-11-03T18:35:01.668Z</time>
      </trkpt>
      <trkpt lat="43.203622" lon="40.598617">
        <ele>186.041776</ele>
        <time>2025-11-03T18:35:03.008Z</time>
      </trkpt>
      <trkpt lat="43.203470" lon="40.598522">
        <ele>185.419261</ele>
        <time>2025-11-03T18:35:04.839Z</time>
      </trkpt>
      <trkpt lat="43.202763" lon="40.598395">
        <ele>182.593813</ele>
        <time>2025-11-03T18:35:12.626Z</time>
      </trkpt>
      <trkpt lat="43.202098" lon="40.597982">
        <ele>179.675691</ele>
        <time>2025-11-03T18:35:20.779Z</time>
      </trkpt>
      <trkpt lat="43.200800" lon="40.596865">
        <ele>175.160637</ele>
        <time>2025-11-03T18:35:38.776Z</time>
      </trkpt>
      <trkpt lat="43.200574" lon="40.596758">
        <ele>174.559924</ele>
        <time>2025-11-03T18:35:41.733Z</time>
      </trkpt>
      <trkpt lat="43.200082" lon="40.596932">
        <ele>173.343092</ele>
        <time>2025-11-03T18:35:48.249Z</time>
      </trkpt>
      <trkpt lat="43.200713" lon="40.601241">
        <ele>170.495478</ele>
        <time>2025-11-03T18:36:35.880Z</time>
      </trkpt>
      <trkpt lat="43.200815" lon="40.601645">
        <ele>170.143804</ele>
        <time>2025-11-03T18:36:39.672Z</time>
      </trkpt>
      <trkpt lat="43.201084" lon="40.602128">
        <ele>168.501163</ele>
        <time>2025-11-03T18:36:44.788Z</time>
      </trkpt>
      <trkpt lat="43.201609" lon="40.602845">
        <ele>165.517795</ele>
        <time>2025-11-03T18:36:52.967Z</time>
      </trkpt>
      <trkpt lat="43.203044" lon="40.602853">
        <ele>160.861895</ele>
        <time>2025-11-03T18:37:08.687Z</time>
      </trkpt>
      <trkpt lat="43.203275" lon="40.603008">
        <ele>160.200728</ele>
        <time>2025-11-03T18:37:11.508Z</time>
      </trkpt>
      <trkpt lat="43.203949" lon="40.603561">
        <ele>158.279491</ele>
        <time>2025-11-03T18:37:22.528Z</time>
      </trkpt>
      <trkpt lat="43.204287" lon="40.603969">
        <ele>160.021076</ele>
        <time>2025-11-03T18:37:33.234Z</time>
      </trkpt>
      <trkpt lat="43.204448" lon="40.604213">
        <ele>160.949111</ele>
        <time>2025-11-03T18:37:43.421Z</time>
      </trkpt>
      <trkpt lat="43.204514" lon="40.604458">
        <ele>161.685610</ele>
        <time>2025-11-03T18:37:52.140Z</time>
      </trkpt>
      <trkpt lat="43.204324" lon="40.604555">
        <ele>162.469842</ele>
        <time>2025-11-03T18:37:58.350Z</time>
      </trkpt>
      <trkpt lat="43.203803" lon="40.604634">
        <ele>164.497537</ele>
        <time>2025-11-03T18:38:15.382Z</time>
      </trkpt>
      <trkpt lat="43.203635" lon="40.604546">
        <ele>165.190989</ele>
        <time>2025-11-03T18:38:20.530Z</time>
      </trkpt>
      <trkpt lat="43.203182" lon="40.604213">
        <ele>166.882894</ele>
        <time>2025-11-03T18:38:31.775Z</time>
      </trkpt>
      <trkpt lat="43.203068" lon="40.604159">
        <ele>167.279931</ele>
        <time>2025-11-03T18:38:34.144Z</time>
      </trkpt>
      <trkpt lat="43.202885" lon="40.604186">
        <ele>167.885853</ele>
        <time>2025-11-03T18:38:37.691Z</time>
      </trkpt>
      <trkpt lat="43.202794" lon="40.604266">
        <ele>168.241664</ele>
        <time>2025-11-03T18:38:39.698Z</time>
      </trkpt>
      <trkpt lat="43.201482" lon="40.606611">
        <ele>175.866463</ele>
        <time>2025-11-03T18:39:26.634Z</time>
      </trkpt>
      <trkpt lat="43.201347" lon="40.606901">
        <ele>176.795701</ele>
        <time>2025-11-03T18:39:33.335Z</time>
      </trkpt>
      <trkpt lat="43.201251" lon="40.607013">
        <ele>177.262578</ele>
        <time>2025-11-03T18:39:36.868Z</time>
      </trkpt>
      <trkpt lat="43.200971" lon="40.607251">
        <ele>178.927411</ele>
        <time>2025-11-03T18:39:46.272Z</time>
      </trkpt>
      <trkpt lat="43.200905" lon="40.607660">
        <ele>180.757426</ele>
        <time>2025-11-03T18:39:55.175Z</time>
      </trkpt>
      <trkpt lat="43.200858" lon="40.607754">
        <ele>181.255392</ele>
        <time>2025-11-03T18:39:57.658Z</time>
      </trkpt>
      <trkpt lat="43.200652" lon="40.607913">
        <ele>182.671933</ele>
        <time>2025-11-03T18:40:04.950Z</time>
      </trkpt>
      <trkpt lat="43.200535" lon="40.607950">
        <ele>183.391498</ele>
        <time>2025-11-03T18:40:08.810Z</time>
      </trkpt>
      <trkpt lat="43.200345" lon="40.607958">
        <ele>184.530695</ele>
        <time>2025-11-03T18:40:14.908Z</time>
      </trkpt>
      <trkpt lat="43.200225" lon="40.608026">
        <ele>185.308789</ele>
        <time>2025-11-03T18:40:19.085Z</time>
      </trkpt>
      <trkpt lat="43.199994" lon="40.608316">
        <ele>187.185369</ele>
        <time>2025-11-03T18:40:29.386Z</time>
      </trkpt>
      <trkpt lat="43.199341" lon="40.608956">
        <ele>191.909461</ele>
        <time>2025-11-03T18:40:56.651Z</time>
      </trkpt>
      <trkpt lat="43.198959" lon="40.609404">
        <ele>194.846779</ele>
        <time>2025-11-03T18:41:12.994Z</time>
      </trkpt>
      <trkpt lat="43.198825" lon="40.609508">
        <ele>195.746609</ele>
        <time>2025-11-03T18:41:17.738Z</time>
      </trkpt>
      <trkpt lat="43.198599" lon="40.609558">
        <ele>197.084547</ele>
        <time>2025-11-03T18:41:24.499Z</time>
      </trkpt>
      <trkpt lat="43.197766" lon="40.609102">
        <ele>200.914804</ele>
        <time>2025-11-03T18:41:46.747Z</time>
      </trkpt>
      <trkpt lat="43.197250" lon="40.609020">
        <ele>202.640906</ele>
        <time>2025-11-03T18:41:57.292Z</time>
      </trkpt>
      <trkpt lat="43.196755" lon="40.608817">
        <ele>204.357695</ele>
        <time>2025-11-03T18:42:08.173Z</time>
      </trkpt>
      <trkpt lat="43.196604" lon="40.608804">
        <ele>204.860446</ele>
        <time>2025-11-03T18:42:11.486Z</time>
      </trkpt>
      <trkpt lat="43.196428" lon="40.608879">
        <ele>205.326942</ele>
        <time>2025-11-03T18:42:15.602Z</time>
      </trkpt>
      <trkpt lat="43.196263" lon="40.608994">
        <ele>205.738669</ele>
        <time>2025-11-03T18:42:19.871Z</time>
      </trkpt>
      <trkpt lat="43.195383" lon="40.609919">
        <ele>208.205029</ele>
        <time>2025-11-03T18:42:43.099Z</time>
      </trkpt>
      <trkpt lat="43.195115" lon="40.610061">
        <ele>208.844161</ele>
        <time>2025-11-03T18:42:47.797Z</time>
      </trkpt>
      <trkpt lat="43.194057" lon="40.610242">
        <ele>207.998001</ele>
        <time>2025-11-03T18:42:58.518Z</time>
      </trkpt>
      <trkpt lat="43.192978" lon="40.610424">
        <ele>207.076435</ele>
        <time>2025-11-03T18:43:07.905Z</time>
      </trkpt>
      <trkpt lat="43.192209" lon="40.610520">
        <ele>206.904728</ele>
        <time>2025-11-03T18:43:15.652Z</time>
      </trkpt>
      <trkpt lat="43.192019" lon="40.610605">
        <ele>206.860288</ele>
        <time>2025-11-03T18:43:18.262Z</time>
      </trkpt>
      <trkpt lat="43.190916" lon="40.611572">
        <ele>207.608491</ele>
        <time>2025-11-03T18:43:40.514Z</time>
      </trkpt>
      <trkpt lat="43.190230" lon="40.612114">
        <ele>208.526025</ele>
        <time>2025-11-03T18:43:53.611Z</time>
      </trkpt>
      <trkpt lat="43.189162" lon="40.611843">
        <ele>207.738001</ele>
        <time>2025-11-03T18:44:05.879Z</time>
      </trkpt>
      <trkpt lat="43.188825" lon="40.611773">
        <ele>207.294048</ele>
        <time>2025-11-03T18:44:08.989Z</time>
      </trkpt>
      <trkpt lat="43.187664" lon="40.611643">
        <ele>204.804517</ele>
        <time>2025-11-03T18:44:18.654Z</time>
      </trkpt>
      <trkpt lat="43.187070" lon="40.611604">
        <ele>202.956414</ele>
        <time>2025-11-03T18:44:23.439Z</time>
      </trkpt>
      <trkpt lat="43.185505" lon="40.611829">
        <ele>198.505061</ele>
        <time>2025-11-03T18:44:36.214Z</time>
      </trkpt>
      <trkpt lat="43.184355" lon="40.612010">
        <ele>195.611500</ele>
        <time>2025-11-03T18:44:46.261Z</time>
      </trkpt>
      <trkpt lat="43.183741" lon="40.612094">
        <ele>194.325649</ele>
        <time>2025-11-03T18:44:51.757Z</time>
      </trkpt>
      <trkpt lat="43.183282" lon="40.612157">
        <ele>193.364371</ele>
        <time>2025-11-03T18:44:55.832Z</time>
      </trkpt>
      <trkpt lat="43.182405" lon="40.612291">
        <ele>191.264397</ele>
        <time>2025-11-03T18:45:03.401Z</time>
      </trkpt>
      <trkpt lat="43.181985" lon="40.612347">
        <ele>190.128350</ele>
        <time>2025-11-03T18:45:06.901Z</time>
      </trkpt>
      <trkpt lat="43.181021" lon="40.612485">
        <ele>187.510445</ele>
        <time>2025-11-03T18:45:14.935Z</time>
      </trkpt>
      <trkpt lat="43.180057" lon="40.612701">
        <ele>184.498227</ele>
        <time>2025-11-03T18:45:22.880Z</time>
      </trkpt>
      <trkpt lat="43.178712" lon="40.612862">
        <ele>180.577036</ele>
        <time>2025-11-03T18:45:33.886Z</time>
      </trkpt>
      <trkpt lat="43.178479" lon="40.612908">
        <ele>179.954797</ele>
        <time>2025-11-03T18:45:35.860Z</time>
      </trkpt>
      <trkpt lat="43.177265" lon="40.613083">
        <ele>176.796807</ele>
        <time>2025-11-03T18:45:46.230Z</time>
      </trkpt>
      <trkpt lat="43.176789" lon="40.613160">
        <ele>175.688448</ele>
        <time>2025-11-03T18:45:50.306Z</time>
      </trkpt>
      <trkpt lat="43.175936" lon="40.613286">
        <ele>173.704517</ele>
        <time>2025-11-03T18:45:57.593Z</time>
      </trkpt>
      <trkpt lat="43.174390" lon="40.613504">
        <ele>171.054947</ele>
        <time>2025-11-03T18:46:11.469Z</time>
      </trkpt>
      <trkpt lat="43.174255" lon="40.613522">
        <ele>170.839802</ele>
        <time>2025-11-03T18:46:12.743Z</time>
      </trkpt>
      <trkpt lat="43.172823" lon="40.613766">
        <ele>169.476768</ele>
        <time>2025-11-03T18:46:27.203Z</time>
      </trkpt>
      <trkpt lat="43.172559" lon="40.613780">
        <ele>169.284136</ele>
        <time>2025-11-03T18:46:30.053Z</time>
      </trkpt>
      <trkpt lat="43.172167" lon="40.613722">
        <ele>168.996660</ele>
        <time>2025-11-03T18:46:34.336Z</time>
      </trkpt>
      <trkpt lat="43.172035" lon="40.613636">
        <ele>168.865675</ele>
        <time>2025-11-03T18:46:35.930Z</time>
      </trkpt>
      <trkpt lat="43.170863" lon="40.612562">
        <ele>167.438562</ele>
        <time>2025-11-03T18:46:50.240Z</time>
      </trkpt>
      <trkpt lat="43.170680" lon="40.612435">
        <ele>167.230916</ele>
        <time>2025-11-03T18:46:52.098Z</time>
      </trkpt>
      <trkpt lat="43.170317" lon="40.612296">
        <ele>166.250253</ele>
        <time>2025-11-03T18:46:55.394Z</time>
      </trkpt>
      <trkpt lat="43.169650" lon="40.612182">
        <ele>164.127649</ele>
        <time>2025-11-03T18:47:00.969Z</time>
      </trkpt>
      <trkpt lat="43.168771" lon="40.612049">
        <ele>161.281554</ele>
        <time>2025-11-03T18:47:07.913Z</time>
      </trkpt>
      <trkpt lat="43.168181" lon="40.612025">
        <ele>158.566700</ele>
        <time>2025-11-03T18:47:12.404Z</time>
      </trkpt>
      <trkpt lat="43.166994" lon="40.612226">
        <ele>153.087920</ele>
        <time>2025-11-03T18:47:21.450Z</time>
      </trkpt>
      <trkpt lat="43.166777" lon="40.612296">
        <ele>152.262860</ele>
        <time>2025-11-03T18:47:23.171Z</time>
      </trkpt>
      <trkpt lat="43.164967" lon="40.613218">
        <ele>145.238843</ele>
        <time>2025-11-03T18:47:38.603Z</time>
      </trkpt>
      <trkpt lat="43.164797" lon="40.613262">
        <ele>144.654256</ele>
        <time>2025-11-03T18:47:40.000Z</time>
      </trkpt>
      <trkpt lat="43.163187" lon="40.613448">
        <ele>139.048027</ele>
        <time>2025-11-03T18:47:53.029Z</time>
      </trkpt>
      <trkpt lat="43.162782" lon="40.613495">
        <ele>137.513496</ele>
        <time>2025-11-03T18:47:56.304Z</time>
      </trkpt>
      <trkpt lat="43.162631" lon="40.613540">
        <ele>136.930087</ele>
        <time>2025-11-03T18:47:57.525Z</time>
      </trkpt>
      <trkpt lat="43.162172" lon="40.613741">
        <ele>135.110891</ele>
        <time>2025-11-03T18:48:01.297Z</time>
      </trkpt>
      <trkpt lat="43.162017" lon="40.613778">
        <ele>134.516890</ele>
        <time>2025-11-03T18:48:02.505Z</time>
      </trkpt>
      <trkpt lat="43.161859" lon="40.613750">
        <ele>133.915403</ele>
        <time>2025-11-03T18:48:03.736Z</time>
      </trkpt>
      <trkpt lat="43.161041" lon="40.613408">
        <ele>130.596892</ele>
        <time>2025-11-03T18:48:10.302Z</time>
      </trkpt>
      <trkpt lat="43.160798" lon="40.613180">
        <ele>129.451530</ele>
        <time>2025-11-03T18:48:12.581Z</time>
      </trkpt>
      <trkpt lat="43.160466" lon="40.612735">
        <ele>127.645498</ele>
        <time>2025-11-03T18:48:16.270Z</time>
      </trkpt>
      <trkpt lat="43.160341" lon="40.612630">
        <ele>127.075278</ele>
        <time>2025-11-03T18:48:17.455Z</time>
      </trkpt>
      <trkpt lat="43.160241" lon="40.612607">
        <ele>126.680876</ele>
        <time>2025-11-03T18:48:18.287Z</time>
      </trkpt>
      <trkpt lat="43.160080" lon="40.612631">
        <ele>126.222797</ele>
        <time>2025-11-03T18:48:19.622Z</time>
      </trkpt>
      <trkpt lat="43.159757" lon="40.612730">
        <ele>125.299859</ele>
        <time>2025-11-03T18:48:22.394Z</time>
      </trkpt>
      <trkpt lat="43.158642" lon="40.613073">
        <ele>122.113310</ele>
        <time>2025-11-03T18:48:31.970Z</time>
      </trkpt>
      <trkpt lat="43.157923" lon="40.613293">
        <ele>119.966799</ele>
        <time>2025-11-03T18:48:38.046Z</time>
      </trkpt>
      <trkpt lat="43.154904" lon="40.614192">
        <ele>110.841866</ele>
        <time>2025-11-03T18:49:03.392Z</time>
      </trkpt>
      <trkpt lat="43.154519" lon="40.614276">
        <ele>109.749686</ele>
        <time>2025-11-03T18:49:06.620Z</time>
      </trkpt>
      <trkpt lat="43.154092" lon="40.614288">
        <ele>108.553166</ele>
        <time>2025-11-03T18:49:10.176Z</time>
      </trkpt>
      <trkpt lat="43.152946" lon="40.614188">
        <ele>105.300067</ele>
        <time>2025-11-03T18:49:19.743Z</time>
      </trkpt>
      <trkpt lat="43.148769" lon="40.614785">
        <ele>92.358847</ele>
        <time>2025-11-03T18:49:54.121Z</time>
      </trkpt>
      <trkpt lat="43.148454" lon="40.614710">
        <ele>91.260803</ele>
        <time>2025-11-03T18:49:56.643Z</time>
      </trkpt>
      <trkpt lat="43.146996" lon="40.613881">
        <ele>86.286589</ele>
        <time>2025-11-03T18:50:09.089Z</time>
      </trkpt>
      <trkpt lat="43.146750" lon="40.613832">
        <ele>85.552507</ele>
        <time>2025-11-03T18:50:11.144Z</time>
      </trkpt>
      <trkpt lat="43.146349" lon="40.613913">
        <ele>84.355543</ele>
        <time>2025-11-03T18:50:14.612Z</time>
      </trkpt>
      <trkpt lat="43.146077" lon="40.613997">
        <ele>83.659153</ele>
        <time>2025-11-03T18:50:17.081Z</time>
      </trkpt>
      <trkpt lat="43.143338" lon="40.614739">
        <ele>81.587587</ele>
        <time>2025-11-03T18:50:45.529Z</time>
      </trkpt>
      <trkpt lat="43.140205" lon="40.615533">
        <ele>81.404974</ele>
        <time>2025-11-03T18:51:22.661Z</time>
      </trkpt>
      <trkpt lat="43.140103" lon="40.615564">
        <ele>81.446881</ele>
        <time>2025-11-03T18:51:24.060Z</time>
      </trkpt>
      <trkpt lat="43.138938" lon="40.615855">
        <ele>81.927932</ele>
        <time>2025-11-03T18:51:40.905Z</time>
      </trkpt>
      <trkpt lat="43.137321" lon="40.616711">
        <ele>82.634730</ele>
        <time>2025-11-03T18:52:04.546Z</time>
      </trkpt>
      <trkpt lat="43.136792" lon="40.616974">
        <ele>82.348566</ele>
        <time>2025-11-03T18:52:10.236Z</time>
      </trkpt>
      <trkpt lat="43.136659" lon="40.617001">
        <ele>82.280195</ele>
        <time>2025-11-03T18:52:11.503Z</time>
      </trkpt>
      <trkpt lat="43.136451" lon="40.617018">
        <ele>82.174234</ele>
        <time>2025-11-03T18:52:13.494Z</time>
      </trkpt>
      <trkpt lat="43.135549" lon="40.616915">
        <ele>81.814265</ele>
        <time>2025-11-03T18:52:22.852Z</time>
      </trkpt>
      <trkpt lat="43.135362" lon="40.616893">
        <ele>81.949511</ele>
        <time>2025-11-03T18:52:25.149Z</time>
      </trkpt>
      <trkpt lat="43.134940" lon="40.616842">
        <ele>82.254781</ele>
        <time>2025-11-03T18:52:30.936Z</time>
      </trkpt>
      <trkpt lat="43.134783" lon="40.616823">
        <ele>82.368354</ele>
        <time>2025-11-03T18:52:33.329Z</time>
      </trkpt>
      <trkpt lat="43.133583" lon="40.616663">
        <ele>83.310634</ele>
        <time>2025-11-03T18:52:52.417Z</time>
      </trkpt>
      <trkpt lat="43.132685" lon="40.616754">
        <ele>84.216400</ele>
        <time>2025-11-03T18:53:05.904Z</time>
      </trkpt>
      <trkpt lat="43.132250" lon="40.616841">
        <ele>84.658603</ele>
        <time>2025-11-03T18:53:12.538Z</time>
      </trkpt>
      <trkpt lat="43.131433" lon="40.617296">
        <ele>84.479765</ele>
        <time>2025-11-03T18:53:25.097Z</time>
      </trkpt>
      <trkpt lat="43.130945" lon="40.617570">
        <ele>84.184635</ele>
        <time>2025-11-03T18:53:30.628Z</time>
      </trkpt>
      <trkpt lat="43.130640" lon="40.616962">
        <ele>83.883321</ele>
        <time>2025-11-03T18:53:37.625Z</time>
      </trkpt>
      <trkpt lat="43.130505" lon="40.616815">
        <ele>83.568278</ele>
        <time>2025-11-03T18:53:39.739Z</time>
      </trkpt>
      <trkpt lat="43.130213" lon="40.616695">
        <ele>82.844746</ele>
        <time>2025-11-03T18:53:43.380Z</time>
      </trkpt>
      <trkpt lat="43.130011" lon="40.616519">
        <ele>82.276605</ele>
        <time>2025-11-03T18:53:46.192Z</time>
      </trkpt>
      <trkpt lat="43.129607" lon="40.615667">
        <ele>80.516691</ele>
        <time>2025-11-03T18:53:55.103Z</time>
      </trkpt>
      <trkpt lat="43.128649" lon="40.615066">
        <ele>78.809469</ele>
        <time>2025-11-03T18:54:08.448Z</time>
      </trkpt>
      <trkpt lat="43.128507" lon="40.614655">
        <ele>78.420055</ele>
        <time>2025-11-03T18:54:13.073Z</time>
      </trkpt>
      <trkpt lat="43.128435" lon="40.614571">
        <ele>78.309094</ele>
        <time>2025-11-03T18:54:14.436Z</time>
      </trkpt>
      <trkpt lat="43.128210" lon="40.614489">
        <ele>78.035902</ele>
        <time>2025-11-03T18:54:17.865Z</time>
      </trkpt>
      <trkpt lat="43.127928" lon="40.614448">
        <ele>77.703147</ele>
        <time>2025-11-03T18:54:22.171Z</time>
      </trkpt>
      <trkpt lat="43.127323" lon="40.614699">
        <ele>76.935103</ele>
        <time>2025-11-03T18:54:31.562Z</time>
      </trkpt>
      <trkpt lat="43.126890" lon="40.614820">
        <ele>76.389990</ele>
        <time>2025-11-03T18:54:37.730Z</time>
      </trkpt>
      <trkpt lat="43.126587" lon="40.614131">
        <ele>75.665793</ele>
        <time>2025-11-03T18:54:45.417Z</time>
      </trkpt>
      <trkpt lat="43.126297" lon="40.613627">
        <ele>75.028093</ele>
        <time>2025-11-03T18:54:51.322Z</time>
      </trkpt>
      <trkpt lat="43.126008" lon="40.613273">
        <ele>74.379576</ele>
        <time>2025-11-03T18:54:56.145Z</time>
      </trkpt>
      <trkpt lat="43.125619" lon="40.612887">
        <ele>73.576064</ele>
        <time>2025-11-03T18:55:02.285Z</time>
      </trkpt>
      <trkpt lat="43.125366" lon="40.612780">
        <ele>73.133106</ele>
        <time>2025-11-03T18:55:05.771Z</time>
      </trkpt>
      <trkpt lat="43.123701" lon="40.612523">
        <ele>70.692477</ele>
        <time>2025-11-03T18:55:28.276Z</time>
      </trkpt>
      <trkpt lat="43.123316" lon="40.612320">
        <ele>70.132816</ele>
        <time>2025-11-03T18:55:33.740Z</time>
      </trkpt>
      <trkpt lat="43.122796" lon="40.611977">
        <ele>69.277505</ele>
        <time>2025-11-03T18:55:41.340Z</time>
      </trkpt>
      <trkpt lat="43.120527" lon="40.609947">
        <ele>64.622827</ele>
        <time>2025-11-03T18:56:16.687Z</time>
      </trkpt>
      <trkpt lat="43.120099" lon="40.609240">
        <ele>63.252966</ele>
        <time>2025-11-03T18:56:24.909Z</time>
      </trkpt>
      <trkpt lat="43.118162" lon="40.606707">
        <ele>55.896065</ele>
        <time>2025-11-03T18:56:56.770Z</time>
      </trkpt>
      <trkpt lat="43.117770" lon="40.606042">
        <ele>54.185220</ele>
        <time>2025-11-03T18:57:04.278Z</time>
      </trkpt>
      <trkpt lat="43.117443" lon="40.605347">
        <ele>52.670156</ele>
        <time>2025-11-03T18:57:11.583Z</time>
      </trkpt>
      <trkpt lat="43.116451" lon="40.603241">
        <ele>48.665493</ele>
        <time>2025-11-03T18:57:33.995Z</time>
      </trkpt>
      <trkpt lat="43.115939" lon="40.602385">
        <ele>47.443031</ele>
        <time>2025-11-03T18:57:44.741Z</time>
      </trkpt>
      <trkpt lat="43.115319" lon="40.601314">
        <ele>46.069459</ele>
        <time>2025-11-03T18:57:58.884Z</time>
      </trkpt>
      <trkpt lat="43.114996" lon="40.600885">
        <ele>45.520325</ele>
        <time>2025-11-03T18:58:05.200Z</time>
      </trkpt>
      <trkpt lat="43.114106" lon="40.600072">
        <ele>43.874911</ele>
        <time>2025-11-03T18:58:19.335Z</time>
      </trkpt>
      <trkpt lat="43.113635" lon="40.599697">
        <ele>42.220083</ele>
        <time>2025-11-03T18:58:26.126Z</time>
      </trkpt>
      <trkpt lat="43.113233" lon="40.599297">
        <ele>40.710807</ele>
        <time>2025-11-03T18:58:31.979Z</time>
      </trkpt>
      <trkpt lat="43.112976" lon="40.599002">
        <ele>39.692291</ele>
        <time>2025-11-03T18:58:35.754Z</time>
      </trkpt>
      <trkpt lat="43.112613" lon="40.598671">
        <ele>38.024984</ele>
        <time>2025-11-03T18:58:40.512Z</time>
      </trkpt>
      <trkpt lat="43.111130" lon="40.597590">
        <ele>30.339117</ele>
        <time>2025-11-03T18:58:58.543Z</time>
      </trkpt>
      <trkpt lat="43.111258" lon="40.596835">
        <ele>29.553430</ele>
        <time>2025-11-03T18:59:03.356Z</time>
      </trkpt>
      <trkpt lat="43.111341" lon="40.596335">
        <ele>29.033658</ele>
        <time>2025-11-03T18:59:07.045Z</time>
      </trkpt>
      <trkpt lat="43.111455" lon="40.595679">
        <ele>28.350111</ele>
        <time>2025-11-03T18:59:13.185Z</time>
      </trkpt>
      <trkpt lat="43.111473" lon="40.595566">
        <ele>28.232872</ele>
        <time>2025-11-03T18:59:14.247Z</time>
      </trkpt>
      <trkpt lat="43.111534" lon="40.595186">
        <ele>27.982265</ele>
        <time>2025-11-03T18:59:17.954Z</time>
      </trkpt>
      <trkpt lat="43.112021" lon="40.592589">
        <ele>28.219307</ele>
        <time>2025-11-03T18:59:43.653Z</time>
      </trkpt>
      <trkpt lat="43.112038" lon="40.592502">
        <ele>28.141642</ele>
        <time>2025-11-03T18:59:44.418Z</time>
      </trkpt>
      <trkpt lat="43.112087" lon="40.592224">
        <ele>27.895021</ele>
        <time>2025-11-03T18:59:46.690Z</time>
      </trkpt>
      <trkpt lat="43.112124" lon="40.592021">
        <ele>27.714592</ele>
        <time>2025-11-03T18:59:48.244Z</time>
      </trkpt>
      <trkpt lat="43.112217" lon="40.591517">
        <ele>27.266301</ele>
        <time>2025-11-03T18:59:51.783Z</time>
      </trkpt>
      <trkpt lat="43.112335" lon="40.591034">
        <ele>26.827085</ele>
        <time>2025-11-03T18:59:54.989Z</time>
      </trkpt>
      <trkpt lat="43.112392" lon="40.590853">
        <ele>26.657098</ele>
        <time>2025-11-03T18:59:56.226Z</time>
      </trkpt>
      <trkpt lat="43.112488" lon="40.590549">
        <ele>26.371983</ele>
        <time>2025-11-03T18:59:58.314Z</time>
      </trkpt>
      <trkpt lat="43.112759" lon="40.589920">
        <ele>25.771633</ele>
        <time>2025-11-03T19:00:02.916Z</time>
      </trkpt>
      <trkpt lat="43.113640" lon="40.587796">
        <ele>24.375972</ele>
        <time>2025-11-03T19:00:21.396Z</time>
      </trkpt>
      <trkpt lat="43.114109" lon="40.586697">
        <ele>24.409083</ele>
        <time>2025-11-03T19:00:33.017Z</time>
      </trkpt>
      <trkpt lat="43.116192" lon="40.581845">
        <ele>26.255503</ele>
        <time>2025-11-03T19:01:29.261Z</time>
      </trkpt>
      <trkpt lat="43.116748" lon="40.580718">
        <ele>26.126589</ele>
        <time>2025-11-03T19:01:40.191Z</time>
      </trkpt>
      <trkpt lat="43.117073" lon="40.580209">
        <ele>26.062501</ele>
        <time>2025-11-03T19:01:45.467Z</time>
      </trkpt>
      <trkpt lat="43.117438" lon="40.579704">
        <ele>26.101586</ele>
        <time>2025-11-03T19:01:51.350Z</time>
      </trkpt>
      <trkpt lat="43.118349" lon="40.578596">
        <ele>26.288109</ele>
        <time>2025-11-03T19:02:06.844Z</time>
      </trkpt>
      <trkpt lat="43.118593" lon="40.578299">
        <ele>26.329989</ele>
        <time>2025-11-03T19:02:11.117Z</time>
      </trkpt>
      <trkpt lat="43.121948" lon="40.574194">
        <ele>26.410459</ele>
        <time>2025-11-03T19:03:05.431Z</time>
      </trkpt>
      <trkpt lat="43.122004" lon="40.574123">
        <ele>26.393954</ele>
        <time>2025-11-03T19:03:06.253Z</time>
      </trkpt>
      <trkpt lat="43.124633" lon="40.570971">
        <ele>25.056670</ele>
        <time>2025-11-03T19:03:43.085Z</time>
      </trkpt>
      <trkpt lat="43.125790" lon="40.569559">
        <ele>24.563156</ele>
        <time>2025-11-03T19:04:01.935Z</time>
      </trkpt>
      <trkpt lat="43.130530" lon="40.563769">
        <ele>22.475236</ele>
        <time>2025-11-03T19:05:09.810Z</time>
      </trkpt>
      <trkpt lat="43.130757" lon="40.563484">
        <ele>22.552763</ele>
        <time>2025-11-03T19:05:14.591Z</time>
      </trkpt>
      <trkpt lat="43.131102" lon="40.563178">
        <ele>22.738695</ele>
        <time>2025-11-03T19:05:21.317Z</time>
      </trkpt>
      <trkpt lat="43.131238" lon="40.563068">
        <ele>22.810145</ele>
        <time>2025-11-03T19:05:23.898Z</time>
      </trkpt>
      <trkpt lat="43.131451" lon="40.562923">
        <ele>22.917748</ele>
        <time>2025-11-03T19:05:27.655Z</time>
      </trkpt>
      <trkpt lat="43.132071" lon="40.562499">
        <ele>23.231245</ele>
        <time>2025-11-03T19:05:36.853Z</time>
      </trkpt>
      <trkpt lat="43.133380" lon="40.561610">
        <ele>21.490471</ele>
        <time>2025-11-03T19:05:50.135Z</time>
      </trkpt>
      <trkpt lat="43.133641" lon="40.561453">
        <ele>21.120363</ele>
        <time>2025-11-03T19:05:52.685Z</time>
      </trkpt>
      <trkpt lat="43.135244" lon="40.560385">
        <ele>19.763124</ele>
        <time>2025-11-03T19:06:10.705Z</time>
      </trkpt>
      <trkpt lat="43.136164" lon="40.559762">
        <ele>19.404398</ele>
        <time>2025-11-03T19:06:22.982Z</time>
      </trkpt>
      <trkpt lat="43.138523" lon="40.558151">
        <ele>18.361229</ele>
        <time>2025-11-03T19:06:51.055Z</time>
      </trkpt>
      <trkpt lat="43.140607" lon="40.556723">
        <ele>17.311237</ele>
        <time>2025-11-03T19:07:16.980Z</time>
      </trkpt>
      <trkpt lat="43.140560" lon="40.554880">
        <ele>15.952985</ele>
        <time>2025-11-03T19:07:29.694Z</time>
      </trkpt>
      <trkpt lat="43.140586" lon="40.553651">
        <ele>14.688780</ele>
        <time>2025-11-03T19:07:37.984Z</time>
      </trkpt>
      <trkpt lat="43.140581" lon="40.552625">
        <ele>13.628666</ele>
        <time>2025-11-03T19:07:44.982Z</time>
      </trkpt>
      <trkpt lat="43.140578" lon="40.552186">
        <ele>13.184977</ele>
        <time>2025-11-03T19:07:47.943Z</time>
      </trkpt>
      <trkpt lat="43.140567" lon="40.550022">
        <ele>11.051806</ele>
        <time>2025-11-03T19:08:02.541Z</time>
      </trkpt>
      <trkpt lat="43.140566" lon="40.548075">
        <ele>9.732540</ele>
        <time>2025-11-03T19:08:16.829Z</time>
      </trkpt>
      <trkpt lat="43.140564" lon="40.547692">
        <ele>9.478879</ele>
        <time>2025-11-03T19:08:19.718Z</time>
      </trkpt>
      <trkpt lat="43.140558" lon="40.546181">
        <ele>8.266445</ele>
        <time>2025-11-03T19:08:30.588Z</time>
      </trkpt>
      <trkpt lat="43.140603" lon="40.544236">
        <ele>6.545481</ele>
        <time>2025-11-03T19:08:43.802Z</time>
      </trkpt>
      <trkpt lat="43.140879" lon="40.541519">
        <ele>4.120320</ele>
        <time>2025-11-03T19:09:02.666Z</time>
      </trkpt>
      <trkpt lat="43.140899" lon="40.541325">
        <ele>3.975406</ele>
        <time>2025-11-03T19:09:04.056Z</time>
      </trkpt>
      <trkpt lat="43.140186" lon="40.536563">
        <ele>0.905269</ele>
        <time>2025-11-03T19:09:39.723Z</time>
      </trkpt>
      <trkpt lat="43.140039" lon="40.535699">
        <ele>0.380056</ele>
        <time>2025-11-03T19:09:46.152Z</time>
      </trkpt>
      <trkpt lat="43.139793" lon="40.534262">
        <ele>0.084851</ele>
        <time>2025-11-03T19:09:57.242Z</time>
      </trkpt>
      <trkpt lat="43.139305" lon="40.531958">
        <ele>0.507114</ele>
        <time>2025-11-03T19:10:20.220Z</time>
      </trkpt>
      <trkpt lat="43.139209" lon="40.531439">
        <ele>0.770259</ele>
        <time>2025-11-03T19:10:26.528Z</time>
      </trkpt>
      <trkpt lat="43.139180" lon="40.531214">
        <ele>0.882554</ele>
        <time>2025-11-03T19:10:29.211Z</time>
      </trkpt>
      <trkpt lat="43.138992" lon="40.529917">
        <ele>1.066852</ele>
        <time>2025-11-03T19:10:42.628Z</time>
      </trkpt>
      <trkpt lat="43.138893" lon="40.529215">
        <ele>0.884759</ele>
        <time>2025-11-03T19:10:48.068Z</time>
      </trkpt>
      <trkpt lat="43.138843" lon="40.528650">
        <ele>0.739811</ele>
        <time>2025-11-03T19:10:52.125Z</time>
      </trkpt>
      <trkpt lat="43.138791" lon="40.527550">
        <ele>0.544498</ele>
        <time>2025-11-03T19:11:00.085Z</time>
      </trkpt>
      <trkpt lat="43.138817" lon="40.526908">
        <ele>0.481426</ele>
        <time>2025-11-03T19:11:05.362Z</time>
      </trkpt>
      <trkpt lat="43.138942" lon="40.526369">
        <ele>0.425948</ele>
        <time>2025-11-03T19:11:10.387Z</time>
      </trkpt>
      <trkpt lat="43.139053" lon="40.526173">
        <ele>0.401611</ele>
        <time>2025-11-03T19:11:12.696Z</time>
      </trkpt>
      <trkpt lat="43.139577" lon="40.525103">
        <ele>0.622887</ele>
        <time>2025-11-03T19:11:25.241Z</time>
      </trkpt>
      <trkpt lat="43.140422" lon="40.523503">
        <ele>1.223505</ele>
        <time>2025-11-03T19:11:44.519Z</time>
      </trkpt>
      <trkpt lat="43.140891" lon="40.522579">
        <ele>1.462692</ele>
        <time>2025-11-03T19:11:55.078Z</time>
      </trkpt>
      <trkpt lat="43.141689" lon="40.520577">
        <ele>1.772768</ele>
        <time>2025-11-03T19:12:15.868Z</time>
      </trkpt>
      <trkpt lat="43.142175" lon="40.519505">
        <ele>1.867997</ele>
        <time>2025-11-03T19:12:26.944Z</time>
      </trkpt>
      <trkpt lat="43.142413" lon="40.518869">
        <ele>1.918055</ele>
        <time>2025-11-03T19:12:32.914Z</time>
      </trkpt>
      <trkpt lat="43.143035" lon="40.517413">
        <ele>2.071340</ele>
        <time>2025-11-03T19:12:46.857Z</time>
      </trkpt>
      <trkpt lat="43.143266" lon="40.516804">
        <ele>4.157803</ele>
        <time>2025-11-03T19:12:54.503Z</time>
      </trkpt>
      <trkpt lat="43.143720" lon="40.515678">
        <ele>8.068466</ele>
        <time>2025-11-03T19:13:18.994Z</time>
      </trkpt>
      <trkpt lat="43.143786" lon="40.515608">
        <ele>8.416151</ele>
        <time>2025-11-03T19:13:21.837Z</time>
      </trkpt>
      <trkpt lat="43.143855" lon="40.515581">
        <ele>8.715103</ele>
        <time>2025-11-03T19:13:24.421Z</time>
      </trkpt>
      <trkpt lat="43.144966" lon="40.515805">
        <ele>17.303669</ele>
        <time>2025-11-03T19:14:28.753Z</time>
      </trkpt>
      <trkpt lat="43.145744" lon="40.515929">
        <ele>23.868274</ele>
        <time>2025-11-03T19:15:14.297Z</time>
      </trkpt>
      <trkpt lat="43.146140" lon="40.515992">
        <ele>26.872107</ele>
        <time>2025-11-03T19:15:36.872Z</time>
      </trkpt>
      <trkpt lat="43.146261" lon="40.515901">
        <ele>27.879082</ele>
        <time>2025-11-03T19:15:44.563Z</time>
      </trkpt>
      <trkpt lat="43.146328" lon="40.515792">
        <ele>28.637773</ele>
        <time>2025-11-03T19:15:50.321Z</time>
      </trkpt>
      <trkpt lat="43.146527" lon="40.515086">
        <ele>32.666625</ele>
        <time>2025-11-03T19:16:19.908Z</time>
      </trkpt>
      <trkpt lat="43.146652" lon="40.514887">
        <ele>34.064427</ele>
        <time>2025-11-03T19:16:29.973Z</time>
      </trkpt>
      <trkpt lat="43.146902" lon="40.514651">
        <ele>36.279168</ele>
        <time>2025-11-03T19:16:45.597Z</time>
      </trkpt>
      <trkpt lat="43.147240" lon="40.514485">
        <ele>38.494895</ele>
        <time>2025-11-03T19:17:03.083Z</time>
      </trkpt>
      <trkpt lat="43.147471" lon="40.514458">
        <ele>39.603635</ele>
        <time>2025-11-03T19:17:13.929Z</time>
      </trkpt>
      <trkpt lat="43.148762" lon="40.514464">
        <ele>45.777723</ele>
        <time>2025-11-03T19:18:10.993Z</time>
      </trkpt>
      <trkpt lat="43.149289" lon="40.514546">
        <ele>47.871171</ele>
        <time>2025-11-03T19:18:33.230Z</time>
      </trkpt>
      <trkpt lat="43.149428" lon="40.514544">
        <ele>48.387642</ele>
        <time>2025-11-03T19:18:38.925Z</time>
      </trkpt>
      <trkpt lat="43.149604" lon="40.514651">
        <ele>49.102993</ele>
        <time>2025-11-03T19:18:46.780Z</time>
      </trkpt>
      <trkpt lat="43.149721" lon="40.514753">
        <ele>49.618175</ele>
        <time>2025-11-03T19:18:52.427Z</time>
      </trkpt>
      <trkpt lat="43.150015" lon="40.515102">
        <ele>51.063213</ele>
        <time>2025-11-03T19:19:08.158Z</time>
      </trkpt>
      <trkpt lat="43.150214" lon="40.515268">
        <ele>51.928738</ele>
        <time>2025-11-03T19:19:17.652Z</time>
      </trkpt>
      <trkpt lat="43.150379" lon="40.515322">
        <ele>52.559015</ele>
        <time>2025-11-03T19:19:24.551Z</time>
      </trkpt>
      <trkpt lat="43.151197" lon="40.515086">
        <ele>56.378860</ele>
        <time>2025-11-03T19:20:00.172Z</time>
      </trkpt>
      <trkpt lat="43.151842" lon="40.515043">
        <ele>59.423705</ele>
        <time>2025-11-03T19:20:30.532Z</time>
      </trkpt>
      <trkpt lat="43.152089" lon="40.514952">
        <ele>60.629673</ele>
        <time>2025-11-03T19:20:42.841Z</time>
      </trkpt>
      <trkpt lat="43.152179" lon="40.514839">
        <ele>61.205149</ele>
        <time>2025-11-03T19:20:48.770Z</time>
      </trkpt>
      <trkpt lat="43.152382" lon="40.514427">
        <ele>61.748987</ele>
        <time>2025-11-03T19:21:06.571Z</time>
      </trkpt>
      <trkpt lat="43.152952" lon="40.513025">
        <ele>62.746231</ele>
        <time>2025-11-03T19:21:47.307Z</time>
      </trkpt>
      <trkpt lat="43.152741" lon="40.512712">
        <ele>63.011023</ele>
        <time>2025-11-03T19:21:54.393Z</time>
      </trkpt>
      <trkpt lat="43.152596" lon="40.512343">
        <ele>60.781108</ele>
        <time>2025-11-03T19:22:00.922Z</time>
      </trkpt>
      <trkpt lat="43.152490" lon="40.511914">
        <ele>58.233068</ele>
        <time>2025-11-03T19:22:07.627Z</time>
      </trkpt>
      <trkpt lat="43.152378" lon="40.511786">
        <ele>57.108610</ele>
        <time>2025-11-03T19:22:10.520Z</time>
      </trkpt>
      <trkpt lat="43.151500" lon="40.511702">
        <ele>50.321712</ele>
        <time>2025-11-03T19:22:27.921Z</time>
      </trkpt>
      <trkpt lat="43.151202" lon="40.511620">
        <ele>48.084258</ele>
        <time>2025-11-03T19:22:34.042Z</time>
      </trkpt>
      <trkpt lat="43.150465" lon="40.511146">
        <ele>42.374128</ele>
        <time>2025-11-03T19:22:50.723Z</time>
      </trkpt>
      <trkpt lat="43.150115" lon="40.511002">
        <ele>39.810997</ele>
        <time>2025-11-03T19:22:58.414Z</time>
      </trkpt>
      <trkpt lat="43.149292" lon="40.510854">
        <ele>34.792774</ele>
        <time>2025-11-03T19:23:16.355Z</time>
      </trkpt>
      <trkpt lat="43.148897" lon="40.510735">
        <ele>32.850525</ele>
        <time>2025-11-03T19:23:25.345Z</time>
      </trkpt>
      <trkpt lat="43.148042" lon="40.510415">
        <ele>28.594101</ele>
        <time>2025-11-03T19:23:45.260Z</time>
      </trkpt>
      <trkpt lat="43.147546" lon="40.510193">
        <ele>25.808893</ele>
        <time>2025-11-03T19:23:56.855Z</time>
      </trkpt>
      <trkpt lat="43.147348" lon="40.510065">
        <ele>24.595438</ele>
        <time>2025-11-03T19:24:01.643Z</time>
      </trkpt>
      <trkpt lat="43.147037" lon="40.509707">
        <ele>22.344258</ele>
        <time>2025-11-03T19:24:10.453Z</time>
      </trkpt>
      <trkpt lat="43.146510" lon="40.508977">
        <ele>18.191099</ele>
        <time>2025-11-03T19:24:26.345Z</time>
      </trkpt>
      <trkpt lat="43.146067" lon="40.508647">
        <ele>16.128733</ele>
        <time>2025-11-03T19:24:36.905Z</time>
      </trkpt>
      <trkpt lat="43.145747" lon="40.508092">
        <ele>14.094718</ele>
        <time>2025-11-03T19:24:48.117Z</time>
      </trkpt>
      <trkpt lat="43.145527" lon="40.507608">
        <ele>12.455023</ele>
        <time>2025-11-03T19:24:57.889Z</time>
      </trkpt>
      <trkpt lat="43.145507" lon="40.507447">
        <ele>11.985415</ele>
        <time>2025-11-03T19:25:00.846Z</time>
      </trkpt>
      <trkpt lat="43.146080" lon="40.507608">
        <ele>11.704926</ele>
        <time>2025-11-03T19:25:17.303Z</time>
      </trkpt>
      <trkpt lat="43.146579" lon="40.507680">
        <ele>13.173500</ele>
        <time>2025-11-03T19:25:35.191Z</time>
      </trkpt>
      <trkpt lat="43.146893" lon="40.507587">
        <ele>14.113747</ele>
        <time>2025-11-03T19:25:48.535Z</time>
      </trkpt>
      <trkpt lat="43.147396" lon="40.507557">
        <ele>15.587351</ele>
        <time>2025-11-03T19:26:11.274Z</time>
      </trkpt>
      <trkpt lat="43.147682" lon="40.507498">
        <ele>17.023606</ele>
        <time>2025-11-03T19:26:25.110Z</time>
      </trkpt>
      <trkpt lat="43.147950" lon="40.507389">
        <ele>19.315596</ele>
        <time>2025-11-03T19:26:39.273Z</time>
      </trkpt>
      <trkpt lat="43.148157" lon="40.507304">
        <ele>21.087286</ele>
        <time>2025-11-03T19:26:50.767Z</time>
      </trkpt>
      <trkpt lat="43.148252" lon="40.507154">
        <ele>22.275460</ele>
        <time>2025-11-03T19:26:58.868Z</time>
      </trkpt>
      <trkpt lat="43.148370" lon="40.507029">
        <ele>23.498193</ele>
        <time>2025-11-03T19:27:07.474Z</time>
      </trkpt>
      <trkpt lat="43.148669" lon="40.506912">
        <ele>26.047595</ele>
        <time>2025-11-03T19:27:26.470Z</time>
      </trkpt>
      <trkpt lat="43.148920" lon="40.506869">
        <ele>28.121518</ele>
        <time>2025-11-03T19:27:42.139Z</time>
      </trkpt>
      <trkpt lat="43.149075" lon="40.506597">
        <ele>30.186026</ele>
        <time>2025-11-03T19:27:57.602Z</time>
      </trkpt>
      <trkpt lat="43.149240" lon="40.505981">
        <ele>33.638252</ele>
        <time>2025-11-03T19:28:25.824Z</time>
      </trkpt>
      <trkpt lat="43.149295" lon="40.505821">
        <ele>34.542639</ele>
        <time>2025-11-03T19:28:33.292Z</time>
      </trkpt>
      <trkpt lat="43.149357" lon="40.505724">
        <ele>35.202049</ele>
        <time>2025-11-03T19:28:38.549Z</time>
      </trkpt>
      <trkpt lat="43.149679" lon="40.505438">
        <ele>37.891205</ele>
        <time>2025-11-03T19:28:59.427Z</time>
      </trkpt>
      <trkpt lat="43.150196" lon="40.505038">
        <ele>42.052032</ele>
        <time>2025-11-03T19:29:27.723Z</time>
      </trkpt>
      <trkpt lat="43.150431" lon="40.504909">
        <ele>43.725617</ele>
        <time>2025-11-03T19:29:38.290Z</time>
      </trkpt>
      <trkpt lat="43.150478" lon="40.504894">
        <ele>43.971129</ele>
        <time>2025-11-03T19:29:40.287Z</time>
      </trkpt>
      <trkpt lat="43.151832" lon="40.504437">
        <ele>51.065460</ele>
        <time>2025-11-03T19:30:40.968Z</time>
      </trkpt>
      <trkpt lat="43.153126" lon="40.504280">
        <ele>59.396182</ele>
        <time>2025-11-03T19:31:50.820Z</time>
      </trkpt>
      <trkpt lat="43.154020" lon="40.503929">
        <ele>65.374841</ele>
        <time>2025-11-03T19:32:38.747Z</time>
      </trkpt>
      <trkpt lat="43.154592" lon="40.504096">
        <ele>67.697260</ele>
        <time>2025-11-03T19:33:04.684Z</time>
      </trkpt>
      <trkpt lat="43.154868" lon="40.504099">
        <ele>68.793319</ele>
        <time>2025-11-03T19:33:16.012Z</time>
      </trkpt>
      <trkpt lat="43.155147" lon="40.504052">
        <ele>69.909591</ele>
        <time>2025-11-03T19:33:27.031Z</time>
      </trkpt>
      <trkpt lat="43.155322" lon="40.503990">
        <ele>70.627369</ele>
        <time>2025-11-03T19:33:33.896Z</time>
      </trkpt>
      <trkpt lat="43.155974" lon="40.503605">
        <ele>73.245136</ele>
        <time>2025-11-03T19:34:00.934Z</time>
      </trkpt>
      <trkpt lat="43.156229" lon="40.503530">
        <ele>74.135220</ele>
        <time>2025-11-03T19:34:11.070Z</time>
      </trkpt>
      <trkpt lat="43.157306" lon="40.503493">
        <ele>77.812015</ele>
        <time>2025-11-03T19:34:55.158Z</time>
      </trkpt>
      <trkpt lat="43.158367" lon="40.503409">
        <ele>83.339798</ele>
        <time>2025-11-03T19:35:42.429Z</time>
      </trkpt>
      <trkpt lat="43.158997" lon="40.503423">
        <ele>86.733771</ele>
        <time>2025-11-03T19:36:13.060Z</time>
      </trkpt>
      <trkpt lat="43.159334" lon="40.503395">
        <ele>88.927289</ele>
        <time>2025-11-03T19:36:30.524Z</time>
      </trkpt>
      <trkpt lat="43.159505" lon="40.503325">
        <ele>90.395157</ele>
        <time>2025-11-03T19:36:40.094Z</time>
      </trkpt>
      <trkpt lat="43.160156" lon="40.502927">
        <ele>96.258065</ele>
        <time>2025-11-03T19:37:20.952Z</time>
      </trkpt>
      <trkpt lat="43.160616" lon="40.502071">
        <ele>102.636665</ele>
        <time>2025-11-03T19:38:06.584Z</time>
      </trkpt>
      <trkpt lat="43.160677" lon="40.501984">
        <ele>103.212323</ele>
        <time>2025-11-03T19:38:11.600Z</time>
      </trkpt>
      <trkpt lat="43.160765" lon="40.501920">
        <ele>103.863787</ele>
        <time>2025-11-03T19:38:17.235Z</time>
      </trkpt>
      <trkpt lat="43.161401" lon="40.501579">
        <ele>108.329842</ele>
        <time>2025-11-03T19:38:53.870Z</time>
      </trkpt>
      <trkpt lat="43.161836" lon="40.501284">
        <ele>111.503658</ele>
        <time>2025-11-03T19:39:17.188Z</time>
      </trkpt>
      <trkpt lat="43.162785" lon="40.500937">
        <ele>116.595924</ele>
        <time>2025-11-03T19:40:01.269Z</time>
      </trkpt>
      <trkpt lat="43.162734" lon="40.500881">
        <ele>116.862091</ele>
        <time>2025-11-03T19:40:04.078Z</time>
      </trkpt>
      <trkpt lat="43.162409" lon="40.500798">
        <ele>118.208748</ele>
        <time>2025-11-03T19:40:18.365Z</time>
      </trkpt>
      <trkpt lat="43.162172" lon="40.500790">
        <ele>119.174457</ele>
        <time>2025-11-03T19:40:28.469Z</time>
      </trkpt>
      <trkpt lat="43.161550" lon="40.500926">
        <ele>121.735163</ele>
        <time>2025-11-03T19:40:54.755Z</time>
      </trkpt>
      <trkpt lat="43.159026" lon="40.501294">
        <ele>126.588284</ele>
        <time>2025-11-03T19:42:31.589Z</time>
      </trkpt>
      <trkpt lat="43.158175" lon="40.501303">
        <ele>126.446907</ele>
        <time>2025-11-03T19:42:54.093Z</time>
      </trkpt>
      <trkpt lat="43.157565" lon="40.501348">
        <ele>124.606982</ele>
        <time>2025-11-03T19:43:08.041Z</time>
      </trkpt>
      <trkpt lat="43.155736" lon="40.501876">
        <ele>117.901818</ele>
        <time>2025-11-03T19:43:49.166Z</time>
      </trkpt>
      <trkpt lat="43.155342" lon="40.502072">
        <ele>117.441181</ele>
        <time>2025-11-03T19:43:59.655Z</time>
      </trkpt>
      <trkpt lat="43.154894" lon="40.502231">
        <ele>116.932595</ele>
        <time>2025-11-03T19:44:12.907Z</time>
      </trkpt>
      <trkpt lat="43.153927" lon="40.502161">
        <ele>119.103818</ele>
        <time>2025-11-03T19:44:50.339Z</time>
      </trkpt>
      <trkpt lat="43.153192" lon="40.502005">
        <ele>122.836983</ele>
        <time>2025-11-03T19:45:27.263Z</time>
      </trkpt>
      <trkpt lat="43.152589" lon="40.501689">
        <ele>125.274181</ele>
        <time>2025-11-03T19:46:01.708Z</time>
      </trkpt>
      <trkpt lat="43.152201" lon="40.501426">
        <ele>124.537608</ele>
        <time>2025-11-03T19:46:19.937Z</time>
      </trkpt>
      <trkpt lat="43.152005" lon="40.501138">
        <ele>124.048653</ele>
        <time>2025-11-03T19:46:28.921Z</time>
      </trkpt>
      <trkpt lat="43.151699" lon="40.500804">
        <ele>123.383012</ele>
        <time>2025-11-03T19:46:38.247Z</time>
      </trkpt>
      <trkpt lat="43.151335" lon="40.500002">
        <ele>121.236847</ele>
        <time>2025-11-03T19:46:52.249Z</time>
      </trkpt>
      <trkpt lat="43.151141" lon="40.499752">
        <ele>118.646221</ele>
        <time>2025-11-03T19:46:57.353Z</time>
      </trkpt>
      <trkpt lat="43.150757" lon="40.499543">
        <ele>114.626454</ele>
        <time>2025-11-03T19:47:05.282Z</time>
      </trkpt>
      <trkpt lat="43.150260" lon="40.499323">
        <ele>109.545140</ele>
        <time>2025-11-03T19:47:15.494Z</time>
      </trkpt>
      <trkpt lat="43.149924" lon="40.499017">
        <ele>105.620335</ele>
        <time>2025-11-03T19:47:23.539Z</time>
      </trkpt>
      <trkpt lat="43.149630" lon="40.498663">
        <ele>101.951495</ele>
        <time>2025-11-03T19:47:31.365Z</time>
      </trkpt>
      <trkpt lat="43.149474" lon="40.498352">
        <ele>99.392049</ele>
        <time>2025-11-03T19:47:36.869Z</time>
      </trkpt>
      <trkpt lat="43.149376" lon="40.497993">
        <ele>96.792638</ele>
        <time>2025-11-03T19:47:42.431Z</time>
      </trkpt>
      <trkpt lat="43.149325" lon="40.497660">
        <ele>94.485162</ele>
        <time>2025-11-03T19:47:47.345Z</time>
      </trkpt>
      <trkpt lat="43.149249" lon="40.497486">
        <ele>93.109869</ele>
        <time>2025-11-03T19:47:50.280Z</time>
      </trkpt>
      <trkpt lat="43.149114" lon="40.497268">
        <ele>91.170727</ele>
        <time>2025-11-03T19:47:54.395Z</time>
      </trkpt>
      <trkpt lat="43.148910" lon="40.497032">
        <ele>88.689372</ele>
        <time>2025-11-03T19:47:59.652Z</time>
      </trkpt>
      <trkpt lat="43.148583" lon="40.496520">
        <ele>83.985065</ele>
        <time>2025-11-03T19:48:09.423Z</time>
      </trkpt>
      <trkpt lat="43.148499" lon="40.496330">
        <ele>82.445683</ele>
        <time>2025-11-03T19:48:12.622Z</time>
      </trkpt>
      <trkpt lat="43.148319" lon="40.495927">
        <ele>79.171520</ele>
        <time>2025-11-03T19:48:19.399Z</time>
      </trkpt>
      <trkpt lat="43.147994" lon="40.495552">
        <ele>75.136778</ele>
        <time>2025-11-03T19:48:27.791Z</time>
      </trkpt>
      <trkpt lat="43.147811" lon="40.495384">
        <ele>73.044931</ele>
        <time>2025-11-03T19:48:32.142Z</time>
      </trkpt>
      <trkpt lat="43.147633" lon="40.495145">
        <ele>70.731727</ele>
        <time>2025-11-03T19:48:37.094Z</time>
      </trkpt>
      <trkpt lat="43.147271" lon="40.494075">
        <ele>63.554380</ele>
        <time>2025-11-03T19:48:54.257Z</time>
      </trkpt>
      <trkpt lat="43.147118" lon="40.493534">
        <ele>60.023495</ele>
        <time>2025-11-03T19:49:02.835Z</time>
      </trkpt>
      <trkpt lat="43.146868" lon="40.492941">
        <ele>55.992385</ele>
        <time>2025-11-03T19:49:13.084Z</time>
      </trkpt>
      <trkpt lat="43.146507" lon="40.492485">
        <ele>54.062286</ele>
        <time>2025-11-03T19:49:23.351Z</time>
      </trkpt>
      <trkpt lat="43.146414" lon="40.492242">
        <ele>53.275169</ele>
        <time>2025-11-03T19:49:27.657Z</time>
      </trkpt>
      <trkpt lat="43.146246" lon="40.491677">
        <ele>51.525054</ele>
        <time>2025-11-03T19:49:37.683Z</time>
      </trkpt>
      <trkpt lat="43.145980" lon="40.491340">
        <ele>50.100924</ele>
        <time>2025-11-03T19:49:46.656Z</time>
      </trkpt>
      <trkpt lat="43.145955" lon="40.491270">
        <ele>49.877364</ele>
        <time>2025-11-03T19:49:48.174Z</time>
      </trkpt>
      <trkpt lat="43.145969" lon="40.491187">
        <ele>49.632999</ele>
        <time>2025-11-03T19:49:49.870Z</time>
      </trkpt>
      <trkpt lat="43.146025" lon="40.491138">
        <ele>49.371792</ele>
        <time>2025-11-03T19:49:51.715Z</time>
      </trkpt>
      <trkpt lat="43.146144" lon="40.491135">
        <ele>49.143568</ele>
        <time>2025-11-03T19:49:55.233Z</time>
      </trkpt>
      <trkpt lat="43.146338" lon="40.491236">
        <ele>49.735007</ele>
        <time>2025-11-03T19:50:01.904Z</time>
      </trkpt>
      <trkpt lat="43.146530" lon="40.491440">
        <ele>50.427365</ele>
        <time>2025-11-03T19:50:10.621Z</time>
      </trkpt>
      <trkpt lat="43.146980" lon="40.492573">
        <ele>53.109728</ele>
        <time>2025-11-03T19:50:51.339Z</time>
      </trkpt>
      <trkpt lat="43.148177" lon="40.494255">
        <ele>56.532510</ele>
        <time>2025-11-03T19:52:01.835Z</time>
      </trkpt>
      <trkpt lat="43.148282" lon="40.494303">
        <ele>56.727363</ele>
        <time>2025-11-03T19:52:04.821Z</time>
      </trkpt>
      <trkpt lat="43.148376" lon="40.494293">
        <ele>56.893340</ele>
        <time>2025-11-03T19:52:07.286Z</time>
      </trkpt>
      <trkpt lat="43.148458" lon="40.494214">
        <ele>57.069786</ele>
        <time>2025-11-03T19:52:09.798Z</time>
      </trkpt>
      <trkpt lat="43.148479" lon="40.494110">
        <ele>57.208382</ele>
        <time>2025-11-03T19:52:11.728Z</time>
      </trkpt>
      <trkpt lat="43.148106" lon="40.493277">
        <ele>54.345844</ele>
        <time>2025-11-03T19:52:27.977Z</time>
      </trkpt>
      <trkpt lat="43.147971" lon="40.492911">
        <ele>52.950403</ele>
        <time>2025-11-03T19:52:34.400Z</time>
      </trkpt>
      <trkpt lat="43.147537" lon="40.491973">
        <ele>49.171100</ele>
        <time>2025-11-03T19:52:51.893Z</time>
      </trkpt>
      <trkpt lat="43.147381" lon="40.491436">
        <ele>46.364652</ele>
        <time>2025-11-03T19:53:01.012Z</time>
      </trkpt>
      <trkpt lat="43.147068" lon="40.490562">
        <ele>41.455423</ele>
        <time>2025-11-03T19:53:15.812Z</time>
      </trkpt>
      <trkpt lat="43.146974" lon="40.490234">
        <ele>39.678534</ele>
        <time>2025-11-03T19:53:21.037Z</time>
      </trkpt>
      <trkpt lat="43.146786" lon="40.489918">
        <ele>37.622579</ele>
        <time>2025-11-03T19:53:27.103Z</time>
      </trkpt>
      <trkpt lat="43.146371" lon="40.489612">
        <ele>35.245700</ele>
        <time>2025-11-03T19:53:36.753Z</time>
      </trkpt>
      <trkpt lat="43.146320" lon="40.489355">
        <ele>34.452174</ele>
        <time>2025-11-03T19:53:40.687Z</time>
      </trkpt>
      <trkpt lat="43.146559" lon="40.489017">
        <ele>33.049799</ele>
        <time>2025-11-03T19:53:47.777Z</time>
      </trkpt>
      <trkpt lat="43.146758" lon="40.488854">
        <ele>32.103112</ele>
        <time>2025-11-03T19:53:52.920Z</time>
      </trkpt>
      <trkpt lat="43.146452" lon="40.488622">
        <ele>30.675099</ele>
        <time>2025-11-03T19:54:01.628Z</time>
      </trkpt>
      <trkpt lat="43.146325" lon="40.488591">
        <ele>30.148325</ele>
        <time>2025-11-03T19:54:05.373Z</time>
      </trkpt>
      <trkpt lat="43.146160" lon="40.488618">
        <ele>29.469750</ele>
        <time>2025-11-03T19:54:10.629Z</time>
      </trkpt>
      <trkpt lat="43.146325" lon="40.488591">
        <ele>29.493495</ele>
        <time>2025-11-03T19:54:16.377Z</time>
      </trkpt>
      <trkpt lat="43.146452" lon="40.488622">
        <ele>29.939211</ele>
        <time>2025-11-03T19:54:21.164Z</time>
      </trkpt>
      <trkpt lat="43.146758" lon="40.488854">
        <ele>31.147485</ele>
        <time>2025-11-03T19:54:34.937Z</time>
      </trkpt>
      <trkpt lat="43.147495" lon="40.488947">
        <ele>33.704742</ele>
        <time>2025-11-03T19:55:11.252Z</time>
      </trkpt>
      <trkpt lat="43.148238" lon="40.489001">
        <ele>34.588725</ele>
        <time>2025-11-03T19:55:41.332Z</time>
      </trkpt>
      <trkpt lat="43.148474" lon="40.489130">
        <ele>33.801386</ele>
        <time>2025-11-03T19:55:48.687Z</time>
      </trkpt>
      <trkpt lat="43.148638" lon="40.489132">
        <ele>33.293155</ele>
        <time>2025-11-03T19:55:52.905Z</time>
      </trkpt>
      <trkpt lat="43.149153" lon="40.488863">
        <ele>31.585293</ele>
        <time>2025-11-03T19:56:05.443Z</time>
      </trkpt>
      <trkpt lat="43.149189" lon="40.488805">
        <ele>31.413130</ele>
        <time>2025-11-03T19:56:06.623Z</time>
      </trkpt>
      <trkpt lat="43.149190" lon="40.488727">
        <ele>31.236757</ele>
        <time>2025-11-03T19:56:07.833Z</time>
      </trkpt>
      <trkpt lat="43.149151" lon="40.488648">
        <ele>31.021103</ele>
        <time>2025-11-03T19:56:09.282Z</time>
      </trkpt>
      <trkpt lat="43.148477" lon="40.488558">
        <ele>28.627025</ele>
        <time>2025-11-03T19:56:22.937Z</time>
      </trkpt>
      <trkpt lat="43.148198" lon="40.488455">
        <ele>27.434268</ele>
        <time>2025-11-03T19:56:28.877Z</time>
      </trkpt>
      <trkpt lat="43.148128" lon="40.488379">
        <ele>27.065637</ele>
        <time>2025-11-03T19:56:30.740Z</time>
      </trkpt>
      <trkpt lat="43.148087" lon="40.488267">
        <ele>26.688243</ele>
        <time>2025-11-03T19:56:32.676Z</time>
      </trkpt>
      <trkpt lat="43.148085" lon="40.488052">
        <ele>26.040666</ele>
        <time>2025-11-03T19:56:36.078Z</time>
      </trkpt>
      <trkpt lat="43.148041" lon="40.487974">
        <ele>25.743722</ele>
        <time>2025-11-03T19:56:37.689Z</time>
      </trkpt>
      <trkpt lat="43.147991" lon="40.487886">
        <ele>25.407800</ele>
        <time>2025-11-03T19:56:39.498Z</time>
      </trkpt>
      <trkpt lat="43.147898" lon="40.487703">
        <ele>24.736125</ele>
        <time>2025-11-03T19:56:43.255Z</time>
      </trkpt>
      <trkpt lat="43.147898" lon="40.487638">
        <ele>24.540361</ele>
        <time>2025-11-03T19:56:44.390Z</time>
      </trkpt>
      <trkpt lat="43.148082" lon="40.487367">
        <ele>23.425429</ele>
        <time>2025-11-03T19:56:51.060Z</time>
      </trkpt>
      <trkpt lat="43.149400" lon="40.486340">
        <ele>25.067048</ele>
        <time>2025-11-03T19:57:46.274Z</time>
      </trkpt>
      <trkpt lat="43.149940" lon="40.486029">
        <ele>26.385437</ele>
        <time>2025-11-03T19:58:09.819Z</time>
      </trkpt>
      <trkpt lat="43.150327" lon="40.485973">
        <ele>27.792171</ele>
        <time>2025-11-03T19:58:24.920Z</time>
      </trkpt>
      <trkpt lat="43.150590" lon="40.485847">
        <ele>28.799285</ele>
        <time>2025-11-03T19:58:35.802Z</time>
      </trkpt>
      <trkpt lat="43.150865" lon="40.485707">
        <ele>29.859729</ele>
        <time>2025-11-03T19:58:47.524Z</time>
      </trkpt>
      <trkpt lat="43.151120" lon="40.485497">
        <ele>30.935101</ele>
        <time>2025-11-03T19:58:59.650Z</time>
      </trkpt>
      <trkpt lat="43.151310" lon="40.485267">
        <ele>31.851427</ele>
        <time>2025-11-03T19:59:10.246Z</time>
      </trkpt>
      <trkpt lat="43.152531" lon="40.484162">
        <ele>39.014367</ele>
        <time>2025-11-03T20:00:18.322Z</time>
      </trkpt>
      <trkpt lat="43.153998" lon="40.483072">
        <ele>46.468236</ele>
        <time>2025-11-03T20:01:36.301Z</time>
      </trkpt>
      <trkpt lat="43.154274" lon="40.482804">
        <ele>47.860849</ele>
        <time>2025-11-03T20:01:49.760Z</time>
      </trkpt>
      <trkpt lat="43.154450" lon="40.482481">
        <ele>49.071787</ele>
        <time>2025-11-03T20:02:00.701Z</time>
      </trkpt>
      <trkpt lat="43.154532" lon="40.482270">
        <ele>49.488324</ele>
        <time>2025-11-03T20:02:06.830Z</time>
      </trkpt>
      <trkpt lat="43.155156" lon="40.481931">
        <ele>50.351006</ele>
        <time>2025-11-03T20:02:28.604Z</time>
      </trkpt>
      <trkpt lat="43.155572" lon="40.481520">
        <ele>51.010065</ele>
        <time>2025-11-03T20:02:44.844Z</time>
      </trkpt>
      <trkpt lat="43.155714" lon="40.481268">
        <ele>51.308616</ele>
        <time>2025-11-03T20:02:52.429Z</time>
      </trkpt>
      <trkpt lat="43.155982" lon="40.480966">
        <ele>51.818134</ele>
        <time>2025-11-03T20:03:04.210Z</time>
      </trkpt>
      <trkpt lat="43.156454" lon="40.480779">
        <ele>52.889538</ele>
        <time>2025-11-03T20:03:22.248Z</time>
      </trkpt>
      <trkpt lat="43.156753" lon="40.480471">
        <ele>53.705132</ele>
        <time>2025-11-03T20:03:37.731Z</time>
      </trkpt>
      <trkpt lat="43.157006" lon="40.480279">
        <ele>54.335743</ele>
        <time>2025-11-03T20:03:50.977Z</time>
      </trkpt>
      <trkpt lat="43.157198" lon="40.480320">
        <ele>54.759483</ele>
        <time>2025-11-03T20:03:58.664Z</time>
      </trkpt>
      <trkpt lat="43.157572" lon="40.480322">
        <ele>55.575062</ele>
        <time>2025-11-03T20:04:10.731Z</time>
      </trkpt>
      <trkpt lat="43.158054" lon="40.480432">
        <ele>54.561646</ele>
        <time>2025-11-03T20:04:23.947Z</time>
      </trkpt>
      <trkpt lat="43.158041" lon="40.479935">
        <ele>53.794076</ele>
        <time>2025-11-03T20:04:32.868Z</time>
      </trkpt>
      <trkpt lat="43.158124" lon="40.479633">
        <ele>53.295981</ele>
        <time>2025-11-03T20:04:38.510Z</time>
      </trkpt>
      <trkpt lat="43.158453" lon="40.479301">
        <ele>52.431620</ele>
        <time>2025-11-03T20:04:47.718Z</time>
      </trkpt>
      <trkpt lat="43.158846" lon="40.479167">
        <ele>51.865398</ele>
        <time>2025-11-03T20:04:56.717Z</time>
      </trkpt>
      <trkpt lat="43.159541" lon="40.478747">
        <ele>52.535683</ele>
        <time>2025-11-03T20:05:18.321Z</time>
      </trkpt>
      <trkpt lat="43.159846" lon="40.478524">
        <ele>52.840733</ele>
        <time>2025-11-03T20:05:30.428Z</time>
      </trkpt>
      <trkpt lat="43.160399" lon="40.478493">
        <ele>53.329162</ele>
        <time>2025-11-03T20:05:53.164Z</time>
      </trkpt>
      <trkpt lat="43.160783" lon="40.478338">
        <ele>54.589673</ele>
        <time>2025-11-03T20:06:11.288Z</time>
      </trkpt>
      <trkpt lat="43.161354" lon="40.478024">
        <ele>56.695006</ele>
        <time>2025-11-03T20:06:38.428Z</time>
      </trkpt>
      <trkpt lat="43.161559" lon="40.477615">
        <ele>57.933723</ele>
        <time>2025-11-03T20:06:52.460Z</time>
      </trkpt>
      <trkpt lat="43.161417" lon="40.477562">
        <ele>58.437342</ele>
        <time>2025-11-03T20:06:57.730Z</time>
      </trkpt>
      <trkpt lat="43.161107" lon="40.477808">
        <ele>59.799407</ele>
        <time>2025-11-03T20:07:09.870Z</time>
      </trkpt>
      <trkpt lat="43.160645" lon="40.477893">
        <ele>62.938297</ele>
        <time>2025-11-03T20:07:27.247Z</time>
      </trkpt>
      <trkpt lat="43.160338" lon="40.477884">
        <ele>65.006036</ele>
        <time>2025-11-03T20:07:40.722Z</time>
      </trkpt>
      <trkpt lat="43.160192" lon="40.477845">
        <ele>66.007656</ele>
        <time>2025-11-03T20:07:47.847Z</time>
      </trkpt>
      <trkpt lat="43.160061" lon="40.477384">
        <ele>68.437802</ele>
        <time>2025-11-03T20:08:07.285Z</time>
      </trkpt>
      <trkpt lat="43.160050" lon="40.476847">
        <ele>71.076541</ele>
        <time>2025-11-03T20:08:32.734Z</time>
      </trkpt>
      <trkpt lat="43.160175" lon="40.475354">
        <ele>84.145429</ele>
        <time>2025-11-03T20:09:55.597Z</time>
      </trkpt>
      <trkpt lat="43.160232" lon="40.474929">
        <ele>88.036877</ele>
        <time>2025-11-03T20:10:18.149Z</time>
      </trkpt>
      <trkpt lat="43.160305" lon="40.474760">
        <ele>89.805611</ele>
        <time>2025-11-03T20:10:28.166Z</time>
      </trkpt>
      <trkpt lat="43.160517" lon="40.474581">
        <ele>92.879446</ele>
        <time>2025-11-03T20:10:45.004Z</time>
      </trkpt>
      <trkpt lat="43.160964" lon="40.473855">
        <ele>96.080480</ele>
        <time>2025-11-03T20:11:24.335Z</time>
      </trkpt>
      <trkpt lat="43.161153" lon="40.473808">
        <ele>96.780220</ele>
        <time>2025-11-03T20:11:32.901Z</time>
      </trkpt>
      <trkpt lat="43.161231" lon="40.474038">
        <ele>97.454209</ele>
        <time>2025-11-03T20:11:40.165Z</time>
      </trkpt>
      <trkpt lat="43.161278" lon="40.474708">
        <ele>99.242770</ele>
        <time>2025-11-03T20:11:54.587Z</time>
      </trkpt>
      <trkpt lat="43.161252" lon="40.475209">
        <ele>100.551334</ele>
        <time>2025-11-03T20:12:03.515Z</time>
      </trkpt>
      <trkpt lat="43.160933" lon="40.476043">
        <ele>102.702951</ele>
        <time>2025-11-03T20:12:21.259Z</time>
      </trkpt>
      <trkpt lat="43.160910" lon="40.476235">
        <ele>103.147512</ele>
        <time>2025-11-03T20:12:25.853Z</time>
      </trkpt>
      <trkpt lat="43.160976" lon="40.476235">
        <ele>103.354244</ele>
        <time>2025-11-03T20:12:28.197Z</time>
      </trkpt>
      <trkpt lat="43.161342" lon="40.475504">
        <ele>105.380035</ele>
        <time>2025-11-03T20:12:58.540Z</time>
      </trkpt>
      <trkpt lat="43.161618" lon="40.474556">
        <ele>111.064399</ele>
        <time>2025-11-03T20:13:47.678Z</time>
      </trkpt>
      <trkpt lat="43.161825" lon="40.473698">
        <ele>117.232352</ele>
        <time>2025-11-03T20:14:32.123Z</time>
      </trkpt>
      <trkpt lat="43.161929" lon="40.473154">
        <ele>121.070614</ele>
        <time>2025-11-03T20:14:55.728Z</time>
      </trkpt>
      <trkpt lat="43.161822" lon="40.472829">
        <ele>123.020762</ele>
        <time>2025-11-03T20:15:08.703Z</time>
      </trkpt>
      <trkpt lat="43.161414" lon="40.472566">
        <ele>124.098339</ele>
        <time>2025-11-03T20:15:28.024Z</time>
      </trkpt>
      <trkpt lat="43.161079" lon="40.472658">
        <ele>124.914928</ele>
        <time>2025-11-03T20:15:40.606Z</time>
      </trkpt>
      <trkpt lat="43.160674" lon="40.472905">
        <ele>125.974381</ele>
        <time>2025-11-03T20:15:54.820Z</time>
      </trkpt>
      <trkpt lat="43.159913" lon="40.472424">
        <ele>126.659280</ele>
        <time>2025-11-03T20:16:19.711Z</time>
      </trkpt>
      <trkpt lat="43.159581" lon="40.472484">
        <ele>126.178586</ele>
        <time>2025-11-03T20:16:29.829Z</time>
      </trkpt>
      <trkpt lat="43.159316" lon="40.472593">
        <ele>125.781438</ele>
        <time>2025-11-03T20:16:37.795Z</time>
      </trkpt>
      <trkpt lat="43.159261" lon="40.472505">
        <ele>125.660097</ele>
        <time>2025-11-03T20:16:40.124Z</time>
      </trkpt>
      <trkpt lat="43.159258" lon="40.472353">
        <ele>125.500880</ele>
        <time>2025-11-03T20:16:43.136Z</time>
      </trkpt>
      <trkpt lat="43.159381" lon="40.471872">
        <ele>124.967175</ele>
        <time>2025-11-03T20:16:52.808Z</time>
      </trkpt>
      <trkpt lat="43.159506" lon="40.470393">
        <ele>118.731913</ele>
        <time>2025-11-03T20:17:16.538Z</time>
      </trkpt>
      <trkpt lat="43.159605" lon="40.470006">
        <ele>116.577030</ele>
        <time>2025-11-03T20:17:22.537Z</time>
      </trkpt>
      <trkpt lat="43.159638" lon="40.469421">
        <ele>113.494014</ele>
        <time>2025-11-03T20:17:30.995Z</time>
      </trkpt>
      <trkpt lat="43.159763" lon="40.468884">
        <ele>110.611575</ele>
        <time>2025-11-03T20:17:39.050Z</time>
      </trkpt>
      <trkpt lat="43.159763" lon="40.468305">
        <ele>107.792086</ele>
        <time>2025-11-03T20:17:47.434Z</time>
      </trkpt>
      <trkpt lat="43.159669" lon="40.467683">
        <ele>104.698881</ele>
        <time>2025-11-03T20:17:56.991Z</time>
      </trkpt>
      <trkpt lat="43.159335" lon="40.466928">
        <ele>100.399052</ele>
        <time>2025-11-03T20:18:11.409Z</time>
      </trkpt>
      <trkpt lat="43.159393" lon="40.466711">
        <ele>99.305350</ele>
        <time>2025-11-03T20:18:13.407Z</time>
      </trkpt>
      <trkpt lat="43.159463" lon="40.466612">
        <ele>98.697494</ele>
        <time>2025-11-03T20:18:14.586Z</time>
      </trkpt>
      <trkpt lat="43.159593" lon="40.466575">
        <ele>97.895036</ele>
        <time>2025-11-03T20:18:16.166Z</time>
      </trkpt>
      <trkpt lat="43.159669" lon="40.466618">
        <ele>97.398119</ele>
        <time>2025-11-03T20:18:17.144Z</time>
      </trkpt>
      <trkpt lat="43.160241" lon="40.467273">
        <ele>92.893650</ele>
        <time>2025-11-03T20:18:25.326Z</time>
      </trkpt>
      <trkpt lat="43.160461" lon="40.467369">
        <ele>91.498266</ele>
        <time>2025-11-03T20:18:27.698Z</time>
      </trkpt>
      <trkpt lat="43.160676" lon="40.467220">
        <ele>90.042236</ele>
        <time>2025-11-03T20:18:30.120Z</time>
      </trkpt>
      <trkpt lat="43.160863" lon="40.466813">
        <ele>87.211817</ele>
        <time>2025-11-03T20:18:33.564Z</time>
      </trkpt>
      <trkpt lat="43.161093" lon="40.466030">
        <ele>80.254334</ele>
        <time>2025-11-03T20:18:39.448Z</time>
      </trkpt>
      <trkpt lat="43.161672" lon="40.464424">
        <ele>67.567064</ele>
        <time>2025-11-03T20:18:51.876Z</time>
      </trkpt>
      <trkpt lat="43.161857" lon="40.464013">
        <ele>66.415035</ele>
        <time>2025-11-03T20:18:55.439Z</time>
      </trkpt>
      <trkpt lat="43.162043" lon="40.463751">
        <ele>65.542934</ele>
        <time>2025-11-03T20:18:58.341Z</time>
      </trkpt>
      <trkpt lat="43.162228" lon="40.463690">
        <ele>64.920694</ele>
        <time>2025-11-03T20:19:00.670Z</time>
      </trkpt>
      <trkpt lat="43.162359" lon="40.463968">
        <ele>64.131224</ele>
        <time>2025-11-03T20:19:04.366Z</time>
      </trkpt>
      <trkpt lat="43.162373" lon="40.464638">
        <ele>62.532386</ele>
        <time>2025-11-03T20:19:17.046Z</time>
      </trkpt>
      <trkpt lat="43.162325" lon="40.465323">
        <ele>64.768626</ele>
        <time>2025-11-03T20:19:36.019Z</time>
      </trkpt>
      <trkpt lat="43.161960" lon="40.466285">
        <ele>68.295024</ele>
        <time>2025-11-03T20:20:05.662Z</time>
      </trkpt>
      <trkpt lat="43.161811" lon="40.467041">
        <ele>70.251840</ele>
        <time>2025-11-03T20:20:19.713Z</time>
      </trkpt>
      <trkpt lat="43.161789" lon="40.467309">
        <ele>69.350933</ele>
        <time>2025-11-03T20:20:22.841Z</time>
      </trkpt>
      <trkpt lat="43.161825" lon="40.467428">
        <ele>68.920580</ele>
        <time>2025-11-03T20:20:24.107Z</time>
      </trkpt>
      <trkpt lat="43.161903" lon="40.467396">
        <ele>68.547717</ele>
        <time>2025-11-03T20:20:25.160Z</time>
      </trkpt>
      <trkpt lat="43.162036" lon="40.467087">
        <ele>67.349194</ele>
        <time>2025-11-03T20:20:28.249Z</time>
      </trkpt>
      <trkpt lat="43.162103" lon="40.466614">
        <ele>65.739625</ele>
        <time>2025-11-03T20:20:32.072Z</time>
      </trkpt>
      <trkpt lat="43.162594" lon="40.465755">
        <ele>61.758912</ele>
        <time>2025-11-03T20:20:40.127Z</time>
      </trkpt>
      <trkpt lat="43.162970" lon="40.464436">
        <ele>49.806375</ele>
        <time>2025-11-03T20:20:50.006Z</time>
      </trkpt>
      <trkpt lat="43.163002" lon="40.463775">
        <ele>44.215175</ele>
        <time>2025-11-03T20:20:54.538Z</time>
      </trkpt>
      <trkpt lat="43.163282" lon="40.462903">
        <ele>38.404582</ele>
        <time>2025-11-03T20:21:01.166Z</time>
      </trkpt>
      <trkpt lat="43.164886" lon="40.462590">
        <ele>29.421868</ele>
        <time>2025-11-03T20:21:13.450Z</time>
      </trkpt>
      <trkpt lat="43.165044" lon="40.462557">
        <ele>29.432180</ele>
        <time>2025-11-03T20:21:15.302Z</time>
      </trkpt>
      <trkpt lat="43.165229" lon="40.462518">
        <ele>29.444256</ele>
        <time>2025-11-03T20:21:17.718Z</time>
      </trkpt>
      <trkpt lat="43.165481" lon="40.462465">
        <ele>29.460706</ele>
        <time>2025-11-03T20:21:21.455Z</time>
      </trkpt>
      <trkpt lat="43.166749" lon="40.462223">
        <ele>29.960074</ele>
        <time>2025-11-03T20:21:44.674Z</time>
      </trkpt>
      <trkpt lat="43.166785" lon="40.462216">
        <ele>30.003886</ele>
        <time>2025-11-03T20:21:45.359Z</time>
      </trkpt>
      <trkpt lat="43.168548" lon="40.461436">
        <ele>32.560610</ele>
        <time>2025-11-03T20:22:12.473Z</time>
      </trkpt>
      <trkpt lat="43.170666" lon="40.460709">
        <ele>35.904425</ele>
        <time>2025-11-03T20:22:54.666Z</time>
      </trkpt>
      <trkpt lat="43.171126" lon="40.460687">
        <ele>36.325656</ele>
        <time>2025-11-03T20:23:01.064Z</time>
      </trkpt>
      <trkpt lat="43.172075" lon="40.459961">
        <ele>36.518798</ele>
        <time>2025-11-03T20:23:11.651Z</time>
      </trkpt>
      <trkpt lat="43.172714" lon="40.459644">
        <ele>36.215738</ele>
        <time>2025-11-03T20:23:18.583Z</time>
      </trkpt>
      <trkpt lat="43.173046" lon="40.459604">
        <ele>36.067102</ele>
        <time>2025-11-03T20:23:22.822Z</time>
      </trkpt>
      <trkpt lat="43.174290" lon="40.459129">
        <ele>36.708918</ele>
        <time>2025-11-03T20:23:40.230Z</time>
      </trkpt>
      <trkpt lat="43.174452" lon="40.458973">
        <ele>36.840926</ele>
        <time>2025-11-03T20:23:42.706Z</time>
      </trkpt>
      <trkpt lat="43.174590" lon="40.458745">
        <ele>36.985020</ele>
        <time>2025-11-03T20:23:45.749Z</time>
      </trkpt>
      <trkpt lat="43.174685" lon="40.458470">
        <ele>37.133004</ele>
        <time>2025-11-03T20:23:49.040Z</time>
      </trkpt>
      <trkpt lat="43.174822" lon="40.458075">
        <ele>37.913605</ele>
        <time>2025-11-03T20:23:55.571Z</time>
      </trkpt>
      <trkpt lat="43.175085" lon="40.457490">
        <ele>39.383786</ele>
        <time>2025-11-03T20:24:06.772Z</time>
      </trkpt>
      <trkpt lat="43.175359" lon="40.457266">
        <ele>40.319564</ele>
        <time>2025-11-03T20:24:15.355Z</time>
      </trkpt>
      <trkpt lat="43.176639" lon="40.456725">
        <ele>43.732720</ele>
        <time>2025-11-03T20:24:55.715Z</time>
      </trkpt>
      <trkpt lat="43.177396" lon="40.456128">
        <ele>45.557517</ele>
        <time>2025-11-03T20:25:14.744Z</time>
      </trkpt>
      <trkpt lat="43.177808" lon="40.455941">
        <ele>46.268814</ele>
        <time>2025-11-03T20:25:21.160Z</time>
      </trkpt>
      <trkpt lat="43.178106" lon="40.455940">
        <ele>46.406259</ele>
        <time>2025-11-03T20:25:25.224Z</time>
      </trkpt>
      <trkpt lat="43.178542" lon="40.456043">
        <ele>46.610316</ele>
        <time>2025-11-03T20:25:31.263Z</time>
      </trkpt>
      <trkpt lat="43.179267" lon="40.455985">
        <ele>46.945274</ele>
        <time>2025-11-03T20:25:44.389Z</time>
      </trkpt>
      <trkpt lat="43.180338" lon="40.455365">
        <ele>49.042672</ele>
        <time>2025-11-03T20:26:14.505Z</time>
      </trkpt>
      <trkpt lat="43.180769" lon="40.455281">
        <ele>49.958403</ele>
        <time>2025-11-03T20:26:24.491Z</time>
      </trkpt>
      <trkpt lat="43.181581" lon="40.455464">
        <ele>51.326474</ele>
        <time>2025-11-03T20:26:40.226Z</time>
      </trkpt>
      <trkpt lat="43.182097" lon="40.455298">
        <ele>51.972467</ele>
        <time>2025-11-03T20:26:50.386Z</time>
      </trkpt>
      <trkpt lat="43.182390" lon="40.454928">
        <ele>52.457924</ele>
        <time>2025-11-03T20:26:58.573Z</time>
      </trkpt>
      <trkpt lat="43.182949" lon="40.454499">
        <ele>53.337838</ele>
        <time>2025-11-03T20:27:12.212Z</time>
      </trkpt>
      <trkpt lat="43.183707" lon="40.454442">
        <ele>54.680289</ele>
        <time>2025-11-03T20:27:27.832Z</time>
      </trkpt>
      <trkpt lat="43.185035" lon="40.453988">
        <ele>58.629462</ele>
        <time>2025-11-03T20:27:58.379Z</time>
      </trkpt>
      <trkpt lat="43.185881" lon="40.453550">
        <ele>62.941702</ele>
        <time>2025-11-03T20:28:29.854Z</time>
      </trkpt>
      <trkpt lat="43.186649" lon="40.453031">
        <ele>65.739099</ele>
        <time>2025-11-03T20:29:02.557Z</time>
      </trkpt>
      <trkpt lat="43.186976" lon="40.452684">
        <ele>66.583237</ele>
        <time>2025-11-03T20:29:13.077Z</time>
      </trkpt>
      <trkpt lat="43.187213" lon="40.452625">
        <ele>67.075024</ele>
        <time>2025-11-03T20:29:17.329Z</time>
      </trkpt>
      <trkpt lat="43.187559" lon="40.452758">
        <ele>67.808670</ele>
        <time>2025-11-03T20:29:22.489Z</time>
      </trkpt>
      <trkpt lat="43.187785" lon="40.452894">
        <ele>68.312553</ele>
        <time>2025-11-03T20:29:25.653Z</time>
      </trkpt>
      <trkpt lat="43.187866" lon="40.452962">
        <ele>68.491441</ele>
        <time>2025-11-03T20:29:26.845Z</time>
      </trkpt>
      <trkpt lat="43.187964" lon="40.453037">
        <ele>68.660729</ele>
        <time>2025-11-03T20:29:28.240Z</time>
      </trkpt>
      <trkpt lat="43.188001" lon="40.453066">
        <ele>68.725013</ele>
        <time>2025-11-03T20:29:28.755Z</time>
      </trkpt>
      <trkpt lat="43.188086" lon="40.453147">
        <ele>68.881145</ele>
        <time>2025-11-03T20:29:30.035Z</time>
      </trkpt>
      <trkpt lat="43.188180" lon="40.453217">
        <ele>69.042495</ele>
        <time>2025-11-03T20:29:32.685Z</time>
      </trkpt>
      <trkpt lat="43.188563" lon="40.453643">
        <ele>69.786346</ele>
        <time>2025-11-03T20:29:45.893Z</time>
      </trkpt>
      <trkpt lat="43.188922" lon="40.453921">
        <ele>70.408242</ele>
        <time>2025-11-03T20:30:01.129Z</time>
      </trkpt>
      <trkpt lat="43.189844" lon="40.454346">
        <ele>73.055605</ele>
        <time>2025-11-03T20:30:47.933Z</time>
      </trkpt>
      <trkpt lat="43.190251" lon="40.454600">
        <ele>74.846041</ele>
        <time>2025-11-03T20:31:10.598Z</time>
      </trkpt>
      <trkpt lat="43.191019" lon="40.455344">
        <ele>78.292174</ele>
        <time>2025-11-03T20:31:48.163Z</time>
      </trkpt>
      <trkpt lat="43.191100" lon="40.455300">
        <ele>78.190426</ele>
        <time>2025-11-03T20:31:50.661Z</time>
      </trkpt>
      <trkpt lat="43.191086" lon="40.455177">
        <ele>78.084426</ele>
        <time>2025-11-03T20:31:53.178Z</time>
      </trkpt>
      <trkpt lat="43.190512" lon="40.454541">
        <ele>77.222650</ele>
        <time>2025-11-03T20:32:10.651Z</time>
      </trkpt>
      <trkpt lat="43.189905" lon="40.453961">
        <ele>76.358677</ele>
        <time>2025-11-03T20:32:28.350Z</time>
      </trkpt>
      <trkpt lat="43.189885" lon="40.453859">
        <ele>76.268739</ele>
        <time>2025-11-03T20:32:30.627Z</time>
      </trkpt>
      <trkpt lat="43.189973" lon="40.453797">
        <ele>76.797298</ele>
        <time>2025-11-03T20:32:33.711Z</time>
      </trkpt>
      <trkpt lat="43.190126" lon="40.453875">
        <ele>77.719533</ele>
        <time>2025-11-03T20:32:39.461Z</time>
      </trkpt>
      <trkpt lat="43.190427" lon="40.454252">
        <ele>80.022576</ele>
        <time>2025-11-03T20:32:56.802Z</time>
      </trkpt>
      <trkpt lat="43.191236" lon="40.454932">
        <ele>85.383460</ele>
        <time>2025-11-03T20:33:49.896Z</time>
      </trkpt>
      <trkpt lat="43.192766" lon="40.455969">
        <ele>98.597478</ele>
        <time>2025-11-03T20:35:27.455Z</time>
      </trkpt>
      <trkpt lat="43.193207" lon="40.455648">
        <ele>102.516902</ele>
        <time>2025-11-03T20:35:51.991Z</time>
      </trkpt>
      <trkpt lat="43.193417" lon="40.455668">
        <ele>104.131367</ele>
        <time>2025-11-03T20:36:02.112Z</time>
      </trkpt>
      <trkpt lat="43.193524" lon="40.455834">
        <ele>105.370295</ele>
        <time>2025-11-03T20:36:10.107Z</time>
      </trkpt>
      <trkpt lat="43.193529" lon="40.456187">
        <ele>107.344429</ele>
        <time>2025-11-03T20:36:23.679Z</time>
      </trkpt>
      <trkpt lat="43.193702" lon="40.456392">
        <ele>109.097796</ele>
        <time>2025-11-03T20:36:36.702Z</time>
      </trkpt>
      <trkpt lat="43.193911" lon="40.456490">
        <ele>110.791786</ele>
        <time>2025-11-03T20:36:49.564Z</time>
      </trkpt>
      <trkpt lat="43.194235" lon="40.456469">
        <ele>113.279465</ele>
        <time>2025-11-03T20:37:08.521Z</time>
      </trkpt>
      <trkpt lat="43.194794" lon="40.455990">
        <ele>118.163602</ele>
        <time>2025-11-03T20:37:45.606Z</time>
      </trkpt>
      <trkpt lat="43.195180" lon="40.455770">
        <ele>121.222566</ele>
        <time>2025-11-03T20:38:08.952Z</time>
      </trkpt>
      <trkpt lat="43.195396" lon="40.455805">
        <ele>122.814285</ele>
        <time>2025-11-03T20:38:21.104Z</time>
      </trkpt>
      <trkpt lat="43.195496" lon="40.456329">
        <ele>125.704089</ele>
        <time>2025-11-03T20:38:42.445Z</time>
      </trkpt>
      <trkpt lat="43.195542" lon="40.456477">
        <ele>126.562453</ele>
        <time>2025-11-03T20:38:48.350Z</time>
      </trkpt>
      <trkpt lat="43.195611" lon="40.456533">
        <ele>127.149173</ele>
        <time>2025-11-03T20:38:52.240Z</time>
      </trkpt>
      <trkpt lat="43.195700" lon="40.456405">
        <ele>127.828844</ele>
        <time>2025-11-03T20:38:58.180Z</time>
      </trkpt>
      <trkpt lat="43.195692" lon="40.455887">
        <ele>128.358360</ele>
        <time>2025-11-03T20:39:13.452Z</time>
      </trkpt>
      <trkpt lat="43.195574" lon="40.455560">
        <ele>128.731255</ele>
        <time>2025-11-03T20:39:23.497Z</time>
      </trkpt>
      <trkpt lat="43.195495" lon="40.455477">
        <ele>128.870757</ele>
        <time>2025-11-03T20:39:27.097Z</time>
      </trkpt>
      <trkpt lat="43.195325" lon="40.455406">
        <ele>129.119879</ele>
        <time>2025-11-03T20:39:33.346Z</time>
      </trkpt>
      <trkpt lat="43.194111" lon="40.455892">
        <ele>131.488318</ele>
        <time>2025-11-03T20:40:07.225Z</time>
      </trkpt>
      <trkpt lat="43.193967" lon="40.455858">
        <ele>131.894801</ele>
        <time>2025-11-03T20:40:11.004Z</time>
      </trkpt>
      <trkpt lat="43.193979" lon="40.455664">
        <ele>132.289668</ele>
        <time>2025-11-03T20:40:14.928Z</time>
      </trkpt>
      <trkpt lat="43.193869" lon="40.455389">
        <ele>132.925831</ele>
        <time>2025-11-03T20:40:22.128Z</time>
      </trkpt>
      <trkpt lat="43.193725" lon="40.455120">
        <ele>133.602670</ele>
        <time>2025-11-03T20:40:31.414Z</time>
      </trkpt>
      <trkpt lat="43.193152" lon="40.454890">
        <ele>135.263542</ele>
        <time>2025-11-03T20:41:02.197Z</time>
      </trkpt>
      <trkpt lat="43.193146" lon="40.454763">
        <ele>136.109117</ele>
        <time>2025-11-03T20:41:07.710Z</time>
      </trkpt>
      <trkpt lat="43.193213" lon="40.454685">
        <ele>136.977291</ele>
        <time>2025-11-03T20:41:13.051Z</time>
      </trkpt>
      <trkpt lat="43.193718" lon="40.454784">
        <ele>142.016981</ele>
        <time>2025-11-03T20:41:45.828Z</time>
      </trkpt>
      <trkpt lat="43.194018" lon="40.454660">
        <ele>145.112376</ele>
        <time>2025-11-03T20:42:06.455Z</time>
      </trkpt>
      <trkpt lat="43.194420" lon="40.454348">
        <ele>149.675472</ele>
        <time>2025-11-03T20:42:36.809Z</time>
      </trkpt>
      <trkpt lat="43.194563" lon="40.454325">
        <ele>151.097876</ele>
        <time>2025-11-03T20:42:45.907Z</time>
      </trkpt>
      <trkpt lat="43.195063" lon="40.454546">
        <ele>155.407334</ele>
        <time>2025-11-03T20:43:16.961Z</time>
      </trkpt>
      <trkpt lat="43.195391" lon="40.454561">
        <ele>157.765131</ele>
        <time>2025-11-03T20:43:34.335Z</time>
      </trkpt>
      <trkpt lat="43.195965" lon="40.454427">
        <ele>161.948281</ele>
        <time>2025-11-03T20:44:02.964Z</time>
      </trkpt>
      <trkpt lat="43.196129" lon="40.454453">
        <ele>163.134368</ele>
        <time>2025-11-03T20:44:10.970Z</time>
      </trkpt>
      <trkpt lat="43.196545" lon="40.454721">
        <ele>166.391401</ele>
        <time>2025-11-03T20:44:33.783Z</time>
      </trkpt>
      <trkpt lat="43.197142" lon="40.454875">
        <ele>170.323755</ele>
        <time>2025-11-03T20:45:05.525Z</time>
      </trkpt>
      <trkpt lat="43.198276" lon="40.454882">
        <ele>177.656999</ele>
        <time>2025-11-03T20:46:03.725Z</time>
      </trkpt>
      <trkpt lat="43.198524" lon="40.455016">
        <ele>179.040208</ele>
        <time>2025-11-03T20:46:15.986Z</time>
      </trkpt>
      <trkpt lat="43.199440" lon="40.455939">
        <ele>184.938308</ele>
        <time>2025-11-03T20:47:05.196Z</time>
      </trkpt>
      <trkpt lat="43.199858" lon="40.456427">
        <ele>187.837746</ele>
        <time>2025-11-03T20:47:31.574Z</time>
      </trkpt>
      <trkpt lat="43.200609" lon="40.456856">
        <ele>192.320083</ele>
        <time>2025-11-03T20:48:15.850Z</time>
      </trkpt>
      <trkpt lat="43.201406" lon="40.456837">
        <ele>196.712115</ele>
        <time>2025-11-03T20:48:52.825Z</time>
      </trkpt>
      <trkpt lat="43.201597" lon="40.457072">
        <ele>197.011394</ele>
        <time>2025-11-03T20:49:01.686Z</time>
      </trkpt>
      <trkpt lat="43.201649" lon="40.457832">
        <ele>197.356093</ele>
        <time>2025-11-03T20:49:17.198Z</time>
      </trkpt>
      <trkpt lat="43.201725" lon="40.458044">
        <ele>197.462776</ele>
        <time>2025-11-03T20:49:21.641Z</time>
      </trkpt>
      <trkpt lat="43.202219" lon="40.458293">
        <ele>197.788799</ele>
        <time>2025-11-03T20:49:35.164Z</time>
      </trkpt>
      <trkpt lat="43.202478" lon="40.458581">
        <ele>198.090234</ele>
        <time>2025-11-03T20:49:45.684Z</time>
      </trkpt>
      <trkpt lat="43.203004" lon="40.458592">
        <ele>201.258890</ele>
        <time>2025-11-03T20:50:07.396Z</time>
      </trkpt>
      <trkpt lat="43.203764" lon="40.459060">
        <ele>206.276662</ele>
        <time>2025-11-03T20:50:52.836Z</time>
      </trkpt>
      <trkpt lat="43.204800" lon="40.459346">
        <ele>212.667737</ele>
        <time>2025-11-03T20:51:52.329Z</time>
      </trkpt>
      <trkpt lat="43.205147" lon="40.459236">
        <ele>214.827382</ele>
        <time>2025-11-03T20:52:10.493Z</time>
      </trkpt>
      <trkpt lat="43.205821" lon="40.458821">
        <ele>219.307264</ele>
        <time>2025-11-03T20:52:44.003Z</time>
      </trkpt>
      <trkpt lat="43.206266" lon="40.458817">
        <ele>220.389138</ele>
        <time>2025-11-03T20:53:01.077Z</time>
      </trkpt>
      <trkpt lat="43.206577" lon="40.459046">
        <ele>221.012201</ele>
        <time>2025-11-03T20:53:13.860Z</time>
      </trkpt>
      <trkpt lat="43.207021" lon="40.459541">
        <ele>222.022116</ele>
        <time>2025-11-03T20:53:33.415Z</time>
      </trkpt>
      <trkpt lat="43.208983" lon="40.460041">
        <ele>223.664529</ele>
        <time>2025-11-03T20:54:34.560Z</time>
      </trkpt>
      <trkpt lat="43.209926" lon="40.460791">
        <ele>225.404905</ele>
        <time>2025-11-03T20:55:10.661Z</time>
      </trkpt>
      <trkpt lat="43.210510" lon="40.461264">
        <ele>226.768296</ele>
        <time>2025-11-03T20:55:37.775Z</time>
      </trkpt>
      <trkpt lat="43.211180" lon="40.461550">
        <ele>226.081209</ele>
        <time>2025-11-03T20:56:05.026Z</time>
      </trkpt>
      <trkpt lat="43.211581" lon="40.461495">
        <ele>224.610290</ele>
        <time>2025-11-03T20:56:16.521Z</time>
      </trkpt>
      <trkpt lat="43.211996" lon="40.461370">
        <ele>223.059498</ele>
        <time>2025-11-03T20:56:26.234Z</time>
      </trkpt>
      <trkpt lat="43.212583" lon="40.461460">
        <ele>220.903652</ele>
        <time>2025-11-03T20:56:38.113Z</time>
      </trkpt>
      <trkpt lat="43.212920" lon="40.461383">
        <ele>217.496689</ele>
        <time>2025-11-03T20:56:44.649Z</time>
      </trkpt>
      <trkpt lat="43.213184" lon="40.461126">
        <ele>214.210112</ele>
        <time>2025-11-03T20:56:50.745Z</time>
      </trkpt>
      <trkpt lat="43.213315" lon="40.460773">
        <ele>211.278839</ele>
        <time>2025-11-03T20:56:56.153Z</time>
      </trkpt>
      <trkpt lat="43.213365" lon="40.460454">
        <ele>208.864329</ele>
        <time>2025-11-03T20:57:00.595Z</time>
      </trkpt>
      <trkpt lat="43.213369" lon="40.459215">
        <ele>202.759861</ele>
        <time>2025-11-03T20:57:19.001Z</time>
      </trkpt>
      <trkpt lat="43.213341" lon="40.458925">
        <ele>202.873660</ele>
        <time>2025-11-03T20:57:24.797Z</time>
      </trkpt>
      <trkpt lat="43.213580" lon="40.458384">
        <ele>203.119761</ele>
        <time>2025-11-03T20:58:08.692Z</time>
      </trkpt>
      <trkpt lat="43.213791" lon="40.458438">
        <ele>203.234327</ele>
        <time>2025-11-03T20:58:30.507Z</time>
      </trkpt>
      <trkpt lat="43.213995" lon="40.458373">
        <ele>203.346113</ele>
        <time>2025-11-03T20:58:52.357Z</time>
      </trkpt>
      <trkpt lat="43.214143" lon="40.458266">
        <ele>203.435405</ele>
        <time>2025-11-03T20:59:10.398Z</time>
      </trkpt>
      <trkpt lat="43.214084" lon="40.457818">
        <ele>203.393543</ele>
        <time>2025-11-03T20:59:45.848Z</time>
      </trkpt>
      <trkpt lat="43.213890" lon="40.457060">
        <ele>202.206075</ele>
        <time>2025-11-03T21:00:41.268Z</time>
      </trkpt>
      <trkpt lat="43.213755" lon="40.456737">
        <ele>201.655715</ele>
        <time>2025-11-03T21:01:04.011Z</time>
      </trkpt>
      <trkpt lat="43.213552" lon="40.455868">
        <ele>200.306881</ele>
        <time>2025-11-03T21:01:55.545Z</time>
      </trkpt>
      <trkpt lat="43.213423" lon="40.455120">
        <ele>196.971424</ele>
        <time>2025-11-03T21:02:36.329Z</time>
      </trkpt>
      <trkpt lat="43.212587" lon="40.454609">
        <ele>189.660092</ele>
        <time>2025-11-03T21:03:41.341Z</time>
      </trkpt>
      <trkpt lat="43.211928" lon="40.454361">
        <ele>184.646406</ele>
        <time>2025-11-03T21:04:31.884Z</time>
      </trkpt>
      <trkpt lat="43.211646" lon="40.454512">
        <ele>183.026411</ele>
        <time>2025-11-03T21:04:55.158Z</time>
      </trkpt>
      <trkpt lat="43.211647" lon="40.454271">
        <ele>182.086404</ele>
        <time>2025-11-03T21:04:59.151Z</time>
      </trkpt>
      <trkpt lat="43.211774" lon="40.454068">
        <ele>181.042932</ele>
        <time>2025-11-03T21:05:03.672Z</time>
      </trkpt>
      <trkpt lat="43.212998" lon="40.453840">
        <ele>174.566223</ele>
        <time>2025-11-03T21:05:30.974Z</time>
      </trkpt>
      <trkpt lat="43.213204" lon="40.453655">
        <ele>173.366726</ele>
        <time>2025-11-03T21:05:35.988Z</time>
      </trkpt>
      <trkpt lat="43.213527" lon="40.453275">
        <ele>171.293808</ele>
        <time>2025-11-03T21:05:44.755Z</time>
      </trkpt>
      <trkpt lat="43.213834" lon="40.452653">
        <ele>168.626432</ele>
        <time>2025-11-03T21:05:56.772Z</time>
      </trkpt>
      <trkpt lat="43.214022" lon="40.452601">
        <ele>167.692069</ele>
        <time>2025-11-03T21:06:01.367Z</time>
      </trkpt>
      <trkpt lat="43.214228" lon="40.452698">
        <ele>167.116882</ele>
        <time>2025-11-03T21:06:07.024Z</time>
      </trkpt>
      <trkpt lat="43.214391" lon="40.452816">
        <ele>167.041308</ele>
        <time>2025-11-03T21:06:12.276Z</time>
      </trkpt>
      <trkpt lat="43.214526" lon="40.453124">
        <ele>166.933895</ele>
        <time>2025-11-03T21:06:20.735Z</time>
      </trkpt>
      <trkpt lat="43.214536" lon="40.453497">
        <ele>166.822346</ele>
        <time>2025-11-03T21:06:30.457Z</time>
      </trkpt>
      <trkpt lat="43.214579" lon="40.453738">
        <ele>166.748194</ele>
        <time>2025-11-03T21:06:37.218Z</time>
      </trkpt>
      <trkpt lat="43.215139" lon="40.454558">
        <ele>166.256392</ele>
        <time>2025-11-03T21:07:02.634Z</time>
      </trkpt>
      <trkpt lat="43.215390" lon="40.455079">
        <ele>163.563532</ele>
        <time>2025-11-03T21:07:12.702Z</time>
      </trkpt>
      <trkpt lat="43.215577" lon="40.455336">
        <ele>161.997680</ele>
        <time>2025-11-03T21:07:18.254Z</time>
      </trkpt>
      <trkpt lat="43.215832" lon="40.455449">
        <ele>160.412305</ele>
        <time>2025-11-03T21:07:23.764Z</time>
      </trkpt>
      <trkpt lat="43.216116" lon="40.455359">
        <ele>158.687852</ele>
        <time>2025-11-03T21:07:29.674Z</time>
      </trkpt>
      <trkpt lat="43.216588" lon="40.455020">
        <ele>155.588937</ele>
        <time>2025-11-03T21:07:40.440Z</time>
      </trkpt>
      <trkpt lat="43.217430" lon="40.454290">
        <ele>150.961507</ele>
        <time>2025-11-03T21:08:01.701Z</time>
      </trkpt>
      <trkpt lat="43.217698" lon="40.453908">
        <ele>149.166154</ele>
        <time>2025-11-03T21:08:10.829Z</time>
      </trkpt>
      <trkpt lat="43.217988" lon="40.453411">
        <ele>147.434576</ele>
        <time>2025-11-03T21:08:22.537Z</time>
      </trkpt>
      <trkpt lat="43.218123" lon="40.453281">
        <ele>147.450316</ele>
        <time>2025-11-03T21:08:26.985Z</time>
      </trkpt>
      <trkpt lat="43.218414" lon="40.453218">
        <ele>147.478433</ele>
        <time>2025-11-03T21:08:35.349Z</time>
      </trkpt>
      <trkpt lat="43.218627" lon="40.453068">
        <ele>147.501282</ele>
        <time>2025-11-03T21:08:42.608Z</time>
      </trkpt>
      <trkpt lat="43.218926" lon="40.452726">
        <ele>147.538432</ele>
        <time>2025-11-03T21:08:54.845Z</time>
      </trkpt>
      <trkpt lat="43.219445" lon="40.452283">
        <ele>147.596765</ele>
        <time>2025-11-03T21:09:14.760Z</time>
      </trkpt>
      <trkpt lat="43.219909" lon="40.451493">
        <ele>148.792678</ele>
        <time>2025-11-03T21:09:40.509Z</time>
      </trkpt>
      <trkpt lat="43.220208" lon="40.450821">
        <ele>149.732407</ele>
        <time>2025-11-03T21:10:01.361Z</time>
      </trkpt>
      <trkpt lat="43.220393" lon="40.450772">
        <ele>150.040994</ele>
        <time>2025-11-03T21:10:08.016Z</time>
      </trkpt>
      <trkpt lat="43.220746" lon="40.450862">
        <ele>150.559948</ele>
        <time>2025-11-03T21:10:20.431Z</time>
      </trkpt>
      <trkpt lat="43.220973" lon="40.450751">
        <ele>150.635698</ele>
        <time>2025-11-03T21:10:28.575Z</time>
      </trkpt>
      <trkpt lat="43.221314" lon="40.450366">
        <ele>150.774504</ele>
        <time>2025-11-03T21:10:43.898Z</time>
      </trkpt>
      <trkpt lat="43.221497" lon="40.450297">
        <ele>150.834160</ele>
        <time>2025-11-03T21:10:50.194Z</time>
      </trkpt>
      <trkpt lat="43.221842" lon="40.450334">
        <ele>150.942938</ele>
        <time>2025-11-03T21:11:00.370Z</time>
      </trkpt>
      <trkpt lat="43.222386" lon="40.450630">
        <ele>150.958447</ele>
        <time>2025-11-03T21:11:16.130Z</time>
      </trkpt>
      <trkpt lat="43.222627" lon="40.450633">
        <ele>150.323919</ele>
        <time>2025-11-03T21:11:22.347Z</time>
      </trkpt>
      <trkpt lat="43.222833" lon="40.450509">
        <ele>149.731683</ele>
        <time>2025-11-03T21:11:27.993Z</time>
      </trkpt>
      <trkpt lat="43.223623" lon="40.449705">
        <ele>147.142242</ele>
        <time>2025-11-03T21:11:51.424Z</time>
      </trkpt>
      <trkpt lat="43.224506" lon="40.449081">
        <ele>144.075076</ele>
        <time>2025-11-03T21:12:14.420Z</time>
      </trkpt>
      <trkpt lat="43.224899" lon="40.448853">
        <ele>142.676519</ele>
        <time>2025-11-03T21:12:24.362Z</time>
      </trkpt>
      <trkpt lat="43.225934" lon="40.448517">
        <ele>139.301357</ele>
        <time>2025-11-03T21:12:49.862Z</time>
      </trkpt>
      <trkpt lat="43.226134" lon="40.448487">
        <ele>138.698745</ele>
        <time>2025-11-03T21:12:54.757Z</time>
      </trkpt>
      <trkpt lat="43.226077" lon="40.448310">
        <ele>138.276399</ele>
        <time>2025-11-03T21:12:55.947Z</time>
      </trkpt>
      <trkpt lat="43.226036" lon="40.448151">
        <ele>137.908295</ele>
        <time>2025-11-03T21:12:56.970Z</time>
      </trkpt>
      <trkpt lat="43.225757" lon="40.447055">
        <ele>135.374507</ele>
        <time>2025-11-03T21:13:03.957Z</time>
      </trkpt>
      <trkpt lat="43.225506" lon="40.446377">
        <ele>133.473897</ele>
        <time>2025-11-03T21:13:08.316Z</time>
      </trkpt>
      <trkpt lat="43.225006" lon="40.445355">
        <ele>130.316921</ele>
        <time>2025-11-03T21:13:15.379Z</time>
      </trkpt>
      <trkpt lat="43.224750" lon="40.444688">
        <ele>128.378937</ele>
        <time>2025-11-03T21:13:19.852Z</time>
      </trkpt>
      <trkpt lat="43.224291" lon="40.442838">
        <ele>123.305527</ele>
        <time>2025-11-03T21:13:31.414Z</time>
      </trkpt>
      <trkpt lat="43.224162" lon="40.442530">
        <ele>122.383277</ele>
        <time>2025-11-03T21:13:33.380Z</time>
      </trkpt>
      <trkpt lat="43.224050" lon="40.442338">
        <ele>121.498531</ele>
        <time>2025-11-03T21:13:34.738Z</time>
      </trkpt>
      <trkpt lat="43.223780" lon="40.441940">
        <ele>119.514432</ele>
        <time>2025-11-03T21:13:37.708Z</time>
      </trkpt>
      <trkpt lat="43.223628" lon="40.441783">
        <ele>118.561838</ele>
        <time>2025-11-03T21:13:39.124Z</time>
      </trkpt>
      <trkpt lat="43.223402" lon="40.441614">
        <ele>117.273096</ele>
        <time>2025-11-03T21:13:41.033Z</time>
      </trkpt>
      <trkpt lat="43.222615" lon="40.441187">
        <ele>113.077485</ele>
        <time>2025-11-03T21:13:47.412Z</time>
      </trkpt>
      <trkpt lat="43.222244" lon="40.440920">
        <ele>111.263247</ele>
        <time>2025-11-03T21:13:50.591Z</time>
      </trkpt>
      <trkpt lat="43.222051" lon="40.440707">
        <ele>110.190656</ele>
        <time>2025-11-03T21:13:52.481Z</time>
      </trkpt>
      <trkpt lat="43.221616" lon="40.440087">
        <ele>107.474537</ele>
        <time>2025-11-03T21:13:57.265Z</time>
      </trkpt>
      <trkpt lat="43.221100" lon="40.439340">
        <ele>105.441340</ele>
        <time>2025-11-03T21:14:03.235Z</time>
      </trkpt>
      <trkpt lat="43.220831" lon="40.439081">
        <ele>105.318223</ele>
        <time>2025-11-03T21:14:06.147Z</time>
      </trkpt>
      <trkpt lat="43.220665" lon="40.438959">
        <ele>105.247671</ele>
        <time>2025-11-03T21:14:07.972Z</time>
      </trkpt>
      <trkpt lat="43.219421" lon="40.438313">
        <ele>105.697189</ele>
        <time>2025-11-03T21:14:29.666Z</time>
      </trkpt>
      <trkpt lat="43.219212" lon="40.438181">
        <ele>106.224420</ele>
        <time>2025-11-03T21:14:34.818Z</time>
      </trkpt>
      <trkpt lat="43.219050" lon="40.438028">
        <ele>106.675082</ele>
        <time>2025-11-03T21:14:39.194Z</time>
      </trkpt>
      <trkpt lat="43.218772" lon="40.437690">
        <ele>107.526223</ele>
        <time>2025-11-03T21:14:47.256Z</time>
      </trkpt>
      <trkpt lat="43.218680" lon="40.437499">
        <ele>107.908565</ele>
        <time>2025-11-03T21:14:50.695Z</time>
      </trkpt>
      <trkpt lat="43.218608" lon="40.437279">
        <ele>108.311306</ele>
        <time>2025-11-03T21:14:54.179Z</time>
      </trkpt>
      <trkpt lat="43.218545" lon="40.436978">
        <ele>108.834289</ele>
        <time>2025-11-03T21:14:58.468Z</time>
      </trkpt>
      <trkpt lat="43.218511" lon="40.436723">
        <ele>109.148983</ele>
        <time>2025-11-03T21:15:01.741Z</time>
      </trkpt>
      <trkpt lat="43.218515" lon="40.436440">
        <ele>109.409168</ele>
        <time>2025-11-03T21:15:04.969Z</time>
      </trkpt>
      <trkpt lat="43.218547" lon="40.436157">
        <ele>109.672418</ele>
        <time>2025-11-03T21:15:07.875Z</time>
      </trkpt>
      <trkpt lat="43.218657" lon="40.435804">
        <ele>110.025319</ele>
        <time>2025-11-03T21:15:11.378Z</time>
      </trkpt>
      <trkpt lat="43.219136" lon="40.434804">
        <ele>111.125311</ele>
        <time>2025-11-03T21:15:23.627Z</time>
      </trkpt>
      <trkpt lat="43.219265" lon="40.434484">
        <ele>111.865068</ele>
        <time>2025-11-03T21:15:28.778Z</time>
      </trkpt>
      <trkpt lat="43.219415" lon="40.433982">
        <ele>113.431685</ele>
        <time>2025-11-03T21:15:37.830Z</time>
      </trkpt>
      <trkpt lat="43.219451" lon="40.433318">
        <ele>115.354247</ele>
        <time>2025-11-03T21:15:51.025Z</time>
      </trkpt>
      <trkpt lat="43.219295" lon="40.431168">
        <ele>117.963185</ele>
        <time>2025-11-03T21:16:33.380Z</time>
      </trkpt>
      <trkpt lat="43.219304" lon="40.430851">
        <ele>117.837978</ele>
        <time>2025-11-03T21:16:35.865Z</time>
      </trkpt>
      <trkpt lat="43.219350" lon="40.430507">
        <ele>117.699942</ele>
        <time>2025-11-03T21:16:38.036Z</time>
      </trkpt>
      <trkpt lat="43.219408" lon="40.430267">
        <ele>117.600147</ele>
        <time>2025-11-03T21:16:39.458Z</time>
      </trkpt>
      <trkpt lat="43.219775" lon="40.429275">
        <ele>112.585897</ele>
        <time>2025-11-03T21:16:45.160Z</time>
      </trkpt>
      <trkpt lat="43.219812" lon="40.429182">
        <ele>111.820656</ele>
        <time>2025-11-03T21:16:45.682Z</time>
      </trkpt>
      <trkpt lat="43.220512" lon="40.427502">
        <ele>98.162833</ele>
        <time>2025-11-03T21:16:55.263Z</time>
      </trkpt>
      <trkpt lat="43.221543" lon="40.424680">
        <ele>82.023500</ele>
        <time>2025-11-03T21:17:11.664Z</time>
      </trkpt>
      <trkpt lat="43.221906" lon="40.423721">
        <ele>78.560139</ele>
        <time>2025-11-03T21:17:18.230Z</time>
      </trkpt>
      <trkpt lat="43.222301" lon="40.422541">
        <ele>75.037318</ele>
        <time>2025-11-03T21:17:26.569Z</time>
      </trkpt>
      <trkpt lat="43.222624" lon="40.421334">
        <ele>71.891306</ele>
        <time>2025-11-03T21:17:33.899Z</time>
      </trkpt>
      <trkpt lat="43.222675" lon="40.421140">
        <ele>71.386703</ele>
        <time>2025-11-03T21:17:35.056Z</time>
      </trkpt>
      <trkpt lat="43.222993" lon="40.419946">
        <ele>68.003626</ele>
        <time>2025-11-03T21:17:42.247Z</time>
      </trkpt>
      <trkpt lat="43.223343" lon="40.418695">
        <ele>64.411726</ele>
        <time>2025-11-03T21:17:50.077Z</time>
      </trkpt>
      <trkpt lat="43.223509" lon="40.417894">
        <ele>62.883112</ele>
        <time>2025-11-03T21:17:55.090Z</time>
      </trkpt>
      <trkpt lat="43.223645" lon="40.416614">
        <ele>60.508719</ele>
        <time>2025-11-03T21:18:03.116Z</time>
      </trkpt>
      <trkpt lat="43.223692" lon="40.415714">
        <ele>59.228860</ele>
        <time>2025-11-03T21:18:08.933Z</time>
      </trkpt>
      <trkpt lat="43.223803" lon="40.410879">
        <ele>53.847690</ele>
        <time>2025-11-03T21:18:41.516Z</time>
      </trkpt>
      <trkpt lat="43.223759" lon="40.410017">
        <ele>52.837803</ele>
        <time>2025-11-03T21:18:47.379Z</time>
      </trkpt>
      <trkpt lat="43.223664" lon="40.409124">
        <ele>51.783090</ele>
        <time>2025-11-03T21:18:53.325Z</time>
      </trkpt>
      <trkpt lat="43.223652" lon="40.409022">
        <ele>51.662338</ele>
        <time>2025-11-03T21:18:53.993Z</time>
      </trkpt>
      <trkpt lat="43.223511" lon="40.407737">
        <ele>50.121105</ele>
        <time>2025-11-03T21:19:02.358Z</time>
      </trkpt>
      <trkpt lat="43.223498" lon="40.407379">
        <ele>49.695299</ele>
        <time>2025-11-03T21:19:04.701Z</time>
      </trkpt>
      <trkpt lat="43.223513" lon="40.406833">
        <ele>49.046229</ele>
        <time>2025-11-03T21:19:08.346Z</time>
      </trkpt>
      <trkpt lat="43.223968" lon="40.403673">
        <ele>46.117127</ele>
        <time>2025-11-03T21:19:31.317Z</time>
      </trkpt>
      <trkpt lat="43.224179" lon="40.402541">
        <ele>44.413407</ele>
        <time>2025-11-03T21:19:38.812Z</time>
      </trkpt>
      <trkpt lat="43.224454" lon="40.401392">
        <ele>42.723087</ele>
        <time>2025-11-03T21:19:46.204Z</time>
      </trkpt>
      <trkpt lat="43.224738" lon="40.400471">
        <ele>41.535465</ele>
        <time>2025-11-03T21:19:52.468Z</time>
      </trkpt>
      <trkpt lat="43.225409" lon="40.398671">
        <ele>39.993945</ele>
        <time>2025-11-03T21:20:07.278Z</time>
      </trkpt>
      <trkpt lat="43.226150" lon="40.396788">
        <ele>39.814391</ele>
        <time>2025-11-03T21:20:26.307Z</time>
      </trkpt>
      <trkpt lat="43.227803" lon="40.392477">
        <ele>40.605790</ele>
        <time>2025-11-03T21:21:10.216Z</time>
      </trkpt>
      <trkpt lat="43.228711" lon="40.390145">
        <ele>41.902677</ele>
        <time>2025-11-03T21:21:37.846Z</time>
      </trkpt>
      <trkpt lat="43.229254" lon="40.388753">
        <ele>42.804822</ele>
        <time>2025-11-03T21:21:54.359Z</time>
      </trkpt>
      <trkpt lat="43.229621" lon="40.387686">
        <ele>43.230683</ele>
        <time>2025-11-03T21:22:06.933Z</time>
      </trkpt>
      <trkpt lat="43.229935" lon="40.386626">
        <ele>43.567290</ele>
        <time>2025-11-03T21:22:18.213Z</time>
      </trkpt>
      <trkpt lat="43.230094" lon="40.386022">
        <ele>43.553582</ele>
        <time>2025-11-03T21:22:23.388Z</time>
      </trkpt>
      <trkpt lat="43.230314" lon="40.385076">
        <ele>42.903920</ele>
        <time>2025-11-03T21:22:30.854Z</time>
      </trkpt>
      <trkpt lat="43.230526" lon="40.384152">
        <ele>42.270151</ele>
        <time>2025-11-03T21:22:37.418Z</time>
      </trkpt>
      <trkpt lat="43.230792" lon="40.382809">
        <ele>41.392220</ele>
        <time>2025-11-03T21:22:47.065Z</time>
      </trkpt>
      <trkpt lat="43.230879" lon="40.382392">
        <ele>41.121308</ele>
        <time>2025-11-03T21:22:50.117Z</time>
      </trkpt>
      <trkpt lat="43.231235" lon="40.380786">
        <ele>40.376315</ele>
        <time>2025-11-03T21:23:03.517Z</time>
      </trkpt>
      <trkpt lat="43.231557" lon="40.379291">
        <ele>40.039915</ele>
        <time>2025-11-03T21:23:16.416Z</time>
      </trkpt>
      <trkpt lat="43.231612" lon="40.378883">
        <ele>39.938863</ele>
        <time>2025-11-03T21:23:19.667Z</time>
      </trkpt>
      <trkpt lat="43.231646" lon="40.378428">
        <ele>39.818886</ele>
        <time>2025-11-03T21:23:23.173Z</time>
      </trkpt>
      <trkpt lat="43.231642" lon="40.377718">
        <ele>39.632642</ele>
        <time>2025-11-03T21:23:28.748Z</time>
      </trkpt>
      <trkpt lat="43.231608" lon="40.377019">
        <ele>39.448881</ele>
        <time>2025-11-03T21:23:34.291Z</time>
      </trkpt>
      <trkpt lat="43.231471" lon="40.376390">
        <ele>39.274466</ele>
        <time>2025-11-03T21:23:39.578Z</time>
      </trkpt>
      <trkpt lat="43.231362" lon="40.376001">
        <ele>39.162107</ele>
        <time>2025-11-03T21:23:42.990Z</time>
      </trkpt>
      <trkpt lat="43.231153" lon="40.375427">
        <ele>38.989115</ele>
        <time>2025-11-03T21:23:48.176Z</time>
      </trkpt>
      <trkpt lat="43.230848" lon="40.374817">
        <ele>38.789666</ele>
        <time>2025-11-03T21:23:53.869Z</time>
      </trkpt>
      <trkpt lat="43.230583" lon="40.374331">
        <ele>38.608979</ele>
        <time>2025-11-03T21:23:58.539Z</time>
      </trkpt>
      <trkpt lat="43.230307" lon="40.373825">
        <ele>38.393713</ele>
        <time>2025-11-03T21:24:03.480Z</time>
      </trkpt>
      <trkpt lat="43.230090" lon="40.373394">
        <ele>38.215292</ele>
        <time>2025-11-03T21:24:07.588Z</time>
      </trkpt>
      <trkpt lat="43.229804" lon="40.372718">
        <ele>37.949070</ele>
        <time>2025-11-03T21:24:13.723Z</time>
      </trkpt>
      <trkpt lat="43.229613" lon="40.372186">
        <ele>37.671403</ele>
        <time>2025-11-03T21:24:18.269Z</time>
      </trkpt>
      <trkpt lat="43.229377" lon="40.371528">
        <ele>37.237958</ele>
        <time>2025-11-03T21:24:23.712Z</time>
      </trkpt>
      <trkpt lat="43.228727" lon="40.369751">
        <ele>36.056269</ele>
        <time>2025-11-03T21:24:37.930Z</time>
      </trkpt>
      <trkpt lat="43.228472" lon="40.369133">
        <ele>35.628148</ele>
        <time>2025-11-03T21:24:43.129Z</time>
      </trkpt>
      <trkpt lat="43.228208" lon="40.368465">
        <ele>35.170053</ele>
        <time>2025-11-03T21:24:48.734Z</time>
      </trkpt>
      <trkpt lat="43.227697" lon="40.367127">
        <ele>34.443846</ele>
        <time>2025-11-03T21:25:00.130Z</time>
      </trkpt>
      <trkpt lat="43.227062" lon="40.365418">
        <ele>33.816015</ele>
        <time>2025-11-03T21:25:14.665Z</time>
      </trkpt>
      <trkpt lat="43.226898" lon="40.364871">
        <ele>33.787015</ele>
        <time>2025-11-03T21:25:19.486Z</time>
      </trkpt>
      <trkpt lat="43.226803" lon="40.364481">
        <ele>33.766854</ele>
        <time>2025-11-03T21:25:23.010Z</time>
      </trkpt>
      <trkpt lat="43.226397" lon="40.362420">
        <ele>34.089663</ele>
        <time>2025-11-03T21:25:43.500Z</time>
      </trkpt>
      <trkpt lat="43.226160" lon="40.361048">
        <ele>34.466991</ele>
        <time>2025-11-03T21:25:57.368Z</time>
      </trkpt>
      <trkpt lat="43.226134" lon="40.360537">
        <ele>34.381188</ele>
        <time>2025-11-03T21:26:01.944Z</time>
      </trkpt>
      <trkpt lat="43.226190" lon="40.359974">
        <ele>34.286008</ele>
        <time>2025-11-03T21:26:06.737Z</time>
      </trkpt>
      <trkpt lat="43.226257" lon="40.359640">
        <ele>34.227980</ele>
        <time>2025-11-03T21:26:09.533Z</time>
      </trkpt>
      <trkpt lat="43.226684" lon="40.358026">
        <ele>33.913353</ele>
        <time>2025-11-03T21:26:22.448Z</time>
      </trkpt>
      <trkpt lat="43.226798" lon="40.357484">
        <ele>33.799907</ele>
        <time>2025-11-03T21:26:26.825Z</time>
      </trkpt>
      <trkpt lat="43.226856" lon="40.356765">
        <ele>33.654434</ele>
        <time>2025-11-03T21:26:33.060Z</time>
      </trkpt>
      <trkpt lat="43.226972" lon="40.354731">
        <ele>33.850706</ele>
        <time>2025-11-03T21:26:51.602Z</time>
      </trkpt>
      <trkpt lat="43.227201" lon="40.353636">
        <ele>34.183239</ele>
        <time>2025-11-03T21:27:02.068Z</time>
      </trkpt>
      <trkpt lat="43.227439" lon="40.352489">
        <ele>34.900366</ele>
        <time>2025-11-03T21:27:14.029Z</time>
      </trkpt>
      <trkpt lat="43.227537" lon="40.352065">
        <ele>35.167841</ele>
        <time>2025-11-03T21:27:19.340Z</time>
      </trkpt>
      <trkpt lat="43.227691" lon="40.351402">
        <ele>35.556150</ele>
        <time>2025-11-03T21:27:27.646Z</time>
      </trkpt>
      <trkpt lat="43.227841" lon="40.350499">
        <ele>35.972657</ele>
        <time>2025-11-03T21:27:38.234Z</time>
      </trkpt>
      <trkpt lat="43.227994" lon="40.348916">
        <ele>36.396046</ele>
        <time>2025-11-03T21:27:52.900Z</time>
      </trkpt>
      <trkpt lat="43.228054" lon="40.348488">
        <ele>36.084804</ele>
        <time>2025-11-03T21:27:56.107Z</time>
      </trkpt>
      <trkpt lat="43.228148" lon="40.347849">
        <ele>35.619286</ele>
        <time>2025-11-03T21:28:00.642Z</time>
      </trkpt>
      <trkpt lat="43.228203" lon="40.347462">
        <ele>35.337721</ele>
        <time>2025-11-03T21:28:03.280Z</time>
      </trkpt>
      <trkpt lat="43.228288" lon="40.346435">
        <ele>34.578702</ele>
        <time>2025-11-03T21:28:10.244Z</time>
      </trkpt>
      <trkpt lat="43.228308" lon="40.345894">
        <ele>34.154146</ele>
        <time>2025-11-03T21:28:14.219Z</time>
      </trkpt>
      <trkpt lat="43.228288" lon="40.343787">
        <ele>32.341862</ele>
        <time>2025-11-03T21:28:29.232Z</time>
      </trkpt>
      <trkpt lat="43.228295" lon="40.341084">
        <ele>29.561466</ele>
        <time>2025-11-03T21:28:46.970Z</time>
      </trkpt>
      <trkpt lat="43.228271" lon="40.340308">
        <ele>28.955902</ele>
        <time>2025-11-03T21:28:52.339Z</time>
      </trkpt>
      <trkpt lat="43.228231" lon="40.339861">
        <ele>28.604774</ele>
        <time>2025-11-03T21:28:55.612Z</time>
      </trkpt>
      <trkpt lat="43.228020" lon="40.338253">
        <ele>28.544958</ele>
        <time>2025-11-03T21:29:09.022Z</time>
      </trkpt>
      <trkpt lat="43.228007" lon="40.338171">
        <ele>28.571513</ele>
        <time>2025-11-03T21:29:09.840Z</time>
      </trkpt>
      <trkpt lat="43.227972" lon="40.337876">
        <ele>28.666091</ele>
        <time>2025-11-03T21:29:12.811Z</time>
      </trkpt>
      <trkpt lat="43.227870" lon="40.336751">
        <ele>29.165618</ele>
        <time>2025-11-03T21:29:25.395Z</time>
      </trkpt>
      <trkpt lat="43.227824" lon="40.335659">
        <ele>30.501618</ele>
        <time>2025-11-03T21:29:39.142Z</time>
      </trkpt>
      <trkpt lat="43.227826" lon="40.335133">
        <ele>31.144085</ele>
        <time>2025-11-03T21:29:45.969Z</time>
      </trkpt>
      <trkpt lat="43.227864" lon="40.334405">
        <ele>32.033944</ele>
        <time>2025-11-03T21:29:55.696Z</time>
      </trkpt>
      <trkpt lat="43.227988" lon="40.333331">
        <ele>33.314738</ele>
        <time>2025-11-03T21:30:09.494Z</time>
      </trkpt>
      <trkpt lat="43.228064" lon="40.332959">
        <ele>33.769795</ele>
        <time>2025-11-03T21:30:14.190Z</time>
      </trkpt>
      <trkpt lat="43.228165" lon="40.332459">
        <ele>34.380931</ele>
        <time>2025-11-03T21:30:20.626Z</time>
      </trkpt>
      <trkpt lat="43.228386" lon="40.331609">
        <ele>35.214162</ele>
        <time>2025-11-03T21:30:31.392Z</time>
      </trkpt>
      <trkpt lat="43.228479" lon="40.331267">
        <ele>35.463106</ele>
        <time>2025-11-03T21:30:35.482Z</time>
      </trkpt>
      <trkpt lat="43.228729" lon="40.330351">
        <ele>36.130163</ele>
        <time>2025-11-03T21:30:46.404Z</time>
      </trkpt>
      <trkpt lat="43.229034" lon="40.329493">
        <ele>36.534095</ele>
        <time>2025-11-03T21:30:55.747Z</time>
      </trkpt>
      <trkpt lat="43.229236" lon="40.328962">
        <ele>36.436834</ele>
        <time>2025-11-03T21:31:00.606Z</time>
      </trkpt>
      <trkpt lat="43.229587" lon="40.327945">
        <ele>36.254120</ele>
        <time>2025-11-03T21:31:09.081Z</time>
      </trkpt>
      <trkpt lat="43.229709" lon="40.327567">
        <ele>36.186993</ele>
        <time>2025-11-03T21:31:12.309Z</time>
      </trkpt>
      <trkpt lat="43.229864" lon="40.327023">
        <ele>36.351625</ele>
        <time>2025-11-03T21:31:17.228Z</time>
      </trkpt>
      <trkpt lat="43.230017" lon="40.326294">
        <ele>36.588982</ele>
        <time>2025-11-03T21:31:24.363Z</time>
      </trkpt>
      <trkpt lat="43.230090" lon="40.325808">
        <ele>36.744234</ele>
        <time>2025-11-03T21:31:29.734Z</time>
      </trkpt>
      <trkpt lat="43.230110" lon="40.325629">
        <ele>36.800893</ele>
        <time>2025-11-03T21:31:31.734Z</time>
      </trkpt>
      <trkpt lat="43.230162" lon="40.324267">
        <ele>37.338482</ele>
        <time>2025-11-03T21:31:46.276Z</time>
      </trkpt>
      <trkpt lat="43.230173" lon="40.323370">
        <ele>37.732558</ele>
        <time>2025-11-03T21:31:54.910Z</time>
      </trkpt>
      <trkpt lat="43.230196" lon="40.321591">
        <ele>39.016035</ele>
        <time>2025-11-03T21:32:12.278Z</time>
      </trkpt>
      <trkpt lat="43.230205" lon="40.320833">
        <ele>39.699721</ele>
        <time>2025-11-03T21:32:21.304Z</time>
      </trkpt>
      <trkpt lat="43.230212" lon="40.320284">
        <ele>40.194906</ele>
        <time>2025-11-03T21:32:28.534Z</time>
      </trkpt>
      <trkpt lat="43.230319" lon="40.319560">
        <ele>41.713504</ele>
        <time>2025-11-03T21:32:39.143Z</time>
      </trkpt>
      <trkpt lat="43.230538" lon="40.318934">
        <ele>43.233406</ele>
        <time>2025-11-03T21:32:49.677Z</time>
      </trkpt>
      <trkpt lat="43.230874" lon="40.318420">
        <ele>44.744832</ele>
        <time>2025-11-03T21:33:00.998Z</time>
      </trkpt>
      <trkpt lat="43.231388" lon="40.317801">
        <ele>47.297913</ele>
        <time>2025-11-03T21:33:17.588Z</time>
      </trkpt>
      <trkpt lat="43.232002" lon="40.317026">
        <ele>50.908093</ele>
        <time>2025-11-03T21:33:39.430Z</time>
      </trkpt>
      <trkpt lat="43.232200" lon="40.316781">
        <ele>52.061842</ele>
        <time>2025-11-03T21:33:46.501Z</time>
      </trkpt>
      <trkpt lat="43.232770" lon="40.316172">
        <ele>55.049163</ele>
        <time>2025-11-03T21:34:05.556Z</time>
      </trkpt>
      <trkpt lat="43.233489" lon="40.315635">
        <ele>58.308489</ele>
        <time>2025-11-03T21:34:26.525Z</time>
      </trkpt>
      <trkpt lat="43.234669" lon="40.314753">
        <ele>62.336943</ele>
        <time>2025-11-03T21:34:56.480Z</time>
      </trkpt>
      <trkpt lat="43.237254" lon="40.312749">
        <ele>66.925205</ele>
        <time>2025-11-03T21:35:45.962Z</time>
      </trkpt>
      <trkpt lat="43.237394" lon="40.312640">
        <ele>66.644647</ele>
        <time>2025-11-03T21:35:48.212Z</time>
      </trkpt>
      <trkpt lat="43.237816" lon="40.312187">
        <ele>65.710831</ele>
        <time>2025-11-03T21:35:54.254Z</time>
      </trkpt>
      <trkpt lat="43.239096" lon="40.309391">
        <ele>58.685977</ele>
        <time>2025-11-03T21:36:13.306Z</time>
      </trkpt>
      <trkpt lat="43.239249" lon="40.309045">
        <ele>57.592250</ele>
        <time>2025-11-03T21:36:15.579Z</time>
      </trkpt>
      <trkpt lat="43.239447" lon="40.308285">
        <ele>55.945073</ele>
        <time>2025-11-03T21:36:20.225Z</time>
      </trkpt>
      <trkpt lat="43.239759" lon="40.305623">
        <ele>51.366756</ele>
        <time>2025-11-03T21:36:37.262Z</time>
      </trkpt>
      <trkpt lat="43.240081" lon="40.304693">
        <ele>50.117337</ele>
        <time>2025-11-03T21:36:43.955Z</time>
      </trkpt>
      <trkpt lat="43.240515" lon="40.303848">
        <ele>49.390771</ele>
        <time>2025-11-03T21:36:51.445Z</time>
      </trkpt>
      <trkpt lat="43.240734" lon="40.303474">
        <ele>49.276324</ele>
        <time>2025-11-03T21:36:55.854Z</time>
      </trkpt>
      <trkpt lat="43.240982" lon="40.303128">
        <ele>49.160552</ele>
        <time>2025-11-03T21:37:00.593Z</time>
      </trkpt>
      <trkpt lat="43.241279" lon="40.302799">
        <ele>49.035600</ele>
        <time>2025-11-03T21:37:05.516Z</time>
      </trkpt>
      <trkpt lat="43.241626" lon="40.302510">
        <ele>48.740986</ele>
        <time>2025-11-03T21:37:10.360Z</time>
      </trkpt>
      <trkpt lat="43.243122" lon="40.301382">
        <ele>44.992736</ele>
        <time>2025-11-03T21:37:24.904Z</time>
      </trkpt>
      <trkpt lat="43.243898" lon="40.300605">
        <ele>42.015366</ele>
        <time>2025-11-03T21:37:32.495Z</time>
      </trkpt>
      <trkpt lat="43.244088" lon="40.300372">
        <ele>41.224346</ele>
        <time>2025-11-03T21:37:34.538Z</time>
      </trkpt>
      <trkpt lat="43.244885" lon="40.299420">
        <ele>38.272097</ele>
        <time>2025-11-03T21:37:43.436Z</time>
      </trkpt>
      <trkpt lat="43.245225" lon="40.299036">
        <ele>37.213724</ele>
        <time>2025-11-03T21:37:47.303Z</time>
      </trkpt>
      <trkpt lat="43.246244" lon="40.298422">
        <ele>34.421648</ele>
        <time>2025-11-03T21:37:56.760Z</time>
      </trkpt>
      <trkpt lat="43.246471" lon="40.298214">
        <ele>33.621979</ele>
        <time>2025-11-03T21:37:59.017Z</time>
      </trkpt>
      <trkpt lat="43.247116" lon="40.297549">
        <ele>31.258481</ele>
        <time>2025-11-03T21:38:05.633Z</time>
      </trkpt>
      <trkpt lat="43.248044" lon="40.296462">
        <ele>27.558703</ele>
        <time>2025-11-03T21:38:15.536Z</time>
      </trkpt>
      <trkpt lat="43.248504" lon="40.295962">
        <ele>25.737763</ele>
        <time>2025-11-03T21:38:20.307Z</time>
      </trkpt>
      <trkpt lat="43.248983" lon="40.295378">
        <ele>23.852438</ele>
        <time>2025-11-03T21:38:25.553Z</time>
      </trkpt>
      <trkpt lat="43.249232" lon="40.295140">
        <ele>23.116533</ele>
        <time>2025-11-03T21:38:28.054Z</time>
      </trkpt>
      <trkpt lat="43.249529" lon="40.294971">
        <ele>22.336734</ele>
        <time>2025-11-03T21:38:30.733Z</time>
      </trkpt>
      <trkpt lat="43.249881" lon="40.294848">
        <ele>21.455735</ele>
        <time>2025-11-03T21:38:33.775Z</time>
      </trkpt>
      <trkpt lat="43.250905" lon="40.294640">
        <ele>19.468483</ele>
        <time>2025-11-03T21:38:42.993Z</time>
      </trkpt>
      <trkpt lat="43.251426" lon="40.294582">
        <ele>18.927722</ele>
        <time>2025-11-03T21:38:48.020Z</time>
      </trkpt>
      <trkpt lat="43.251539" lon="40.294579">
        <ele>18.810798</ele>
        <time>2025-11-03T21:38:49.119Z</time>
      </trkpt>
      <trkpt lat="43.252288" lon="40.294584">
        <ele>18.035925</ele>
        <time>2025-11-03T21:38:56.799Z</time>
      </trkpt>
      <trkpt lat="43.252651" lon="40.294595">
        <ele>17.979698</ele>
        <time>2025-11-03T21:39:00.778Z</time>
      </trkpt>
      <trkpt lat="43.253495" lon="40.294833">
        <ele>17.933688</ele>
        <time>2025-11-03T21:39:12.259Z</time>
      </trkpt>
      <trkpt lat="43.253693" lon="40.294949">
        <ele>17.922192</ele>
        <time>2025-11-03T21:39:15.213Z</time>
      </trkpt>
      <trkpt lat="43.254107" lon="40.295210">
        <ele>17.819312</ele>
        <time>2025-11-03T21:39:20.189Z</time>
      </trkpt>
      <trkpt lat="43.254461" lon="40.295480">
        <ele>17.261652</ele>
        <time>2025-11-03T21:39:24.112Z</time>
      </trkpt>
      <trkpt lat="43.254547" lon="40.295518">
        <ele>17.137239</ele>
        <time>2025-11-03T21:39:24.965Z</time>
      </trkpt>
      <trkpt lat="43.254712" lon="40.295539">
        <ele>16.909043</ele>
        <time>2025-11-03T21:39:26.461Z</time>
      </trkpt>
      <trkpt lat="43.255044" lon="40.295453">
        <ele>16.443779</ele>
        <time>2025-11-03T21:39:29.418Z</time>
      </trkpt>
      <trkpt lat="43.255741" lon="40.295182">
        <ele>15.446197</ele>
        <time>2025-11-03T21:39:35.678Z</time>
      </trkpt>
      <trkpt lat="43.256010" lon="40.295073">
        <ele>15.468442</ele>
        <time>2025-11-03T21:39:38.483Z</time>
      </trkpt>
      <trkpt lat="43.256377" lon="40.294803">
        <ele>15.538235</ele>
        <time>2025-11-03T21:39:43.745Z</time>
      </trkpt>
      <trkpt lat="43.256637" lon="40.294566">
        <ele>15.590547</ele>
        <time>2025-11-03T21:39:48.186Z</time>
      </trkpt>
      <trkpt lat="43.257023" lon="40.294015">
        <ele>15.683880</ele>
        <time>2025-11-03T21:39:56.790Z</time>
      </trkpt>
      <trkpt lat="43.257752" lon="40.292686">
        <ele>16.384806</ele>
        <time>2025-11-03T21:40:12.700Z</time>
      </trkpt>
      <trkpt lat="43.258452" lon="40.291834">
        <ele>17.217445</ele>
        <time>2025-11-03T21:40:25.733Z</time>
      </trkpt>
      <trkpt lat="43.258839" lon="40.291458">
        <ele>18.457425</ele>
        <time>2025-11-03T21:40:34.083Z</time>
      </trkpt>
      <trkpt lat="43.259370" lon="40.291094">
        <ele>20.009735</ele>
        <time>2025-11-03T21:40:46.525Z</time>
      </trkpt>
      <trkpt lat="43.260036" lon="40.290672">
        <ele>21.944902</ele>
        <time>2025-11-03T21:41:04.022Z</time>
      </trkpt>
      <trkpt lat="43.260898" lon="40.289923">
        <ele>24.780014</ele>
        <time>2025-11-03T21:41:27.421Z</time>
      </trkpt>
      <trkpt lat="43.261311" lon="40.289486">
        <ele>26.229109</ele>
        <time>2025-11-03T21:41:37.585Z</time>
      </trkpt>
      <trkpt lat="43.261635" lon="40.289060">
        <ele>26.395101</ele>
        <time>2025-11-03T21:41:44.553Z</time>
      </trkpt>
      <trkpt lat="43.262036" lon="40.288345">
        <ele>25.800344</ele>
        <time>2025-11-03T21:41:51.637Z</time>
      </trkpt>
      <trkpt lat="43.262316" lon="40.287847">
        <ele>25.385707</ele>
        <time>2025-11-03T21:41:55.720Z</time>
      </trkpt>
      <trkpt lat="43.262539" lon="40.287352">
        <ele>24.920749</ele>
        <time>2025-11-03T21:41:59.265Z</time>
      </trkpt>
      <trkpt lat="43.262570" lon="40.287306">
        <ele>24.770013</ele>
        <time>2025-11-03T21:41:59.646Z</time>
      </trkpt>
      <trkpt lat="43.262764" lon="40.286886">
        <ele>23.573836</ele>
        <time>2025-11-03T21:42:02.585Z</time>
      </trkpt>
      <trkpt lat="43.262898" lon="40.286532">
        <ele>22.614304</ele>
        <time>2025-11-03T21:42:04.912Z</time>
      </trkpt>
      <trkpt lat="43.263067" lon="40.286028">
        <ele>21.279843</ele>
        <time>2025-11-03T21:42:08.139Z</time>
      </trkpt>
      <trkpt lat="43.263136" lon="40.285838">
        <ele>20.769219</ele>
        <time>2025-11-03T21:42:09.373Z</time>
      </trkpt>
      <trkpt lat="43.263279" lon="40.285348">
        <ele>19.499651</ele>
        <time>2025-11-03T21:42:12.420Z</time>
      </trkpt>
      <trkpt lat="43.263358" lon="40.285102">
        <ele>18.914430</ele>
        <time>2025-11-03T21:42:13.985Z</time>
      </trkpt>
      <trkpt lat="43.263529" lon="40.284560">
        <ele>17.857904</ele>
        <time>2025-11-03T21:42:17.426Z</time>
      </trkpt>
      <trkpt lat="43.263732" lon="40.284097">
        <ele>16.891240</ele>
        <time>2025-11-03T21:42:20.649Z</time>
      </trkpt>
      <trkpt lat="43.264087" lon="40.283498">
        <ele>15.509862</ele>
        <time>2025-11-03T21:42:25.593Z</time>
      </trkpt>
      <trkpt lat="43.264284" lon="40.283212">
        <ele>14.805718</ele>
        <time>2025-11-03T21:42:28.219Z</time>
      </trkpt>
      <trkpt lat="43.264643" lon="40.282604">
        <ele>13.955977</ele>
        <time>2025-11-03T21:42:33.767Z</time>
      </trkpt>
      <trkpt lat="43.265097" lon="40.281866">
        <ele>12.977342</ele>
        <time>2025-11-03T21:42:41.117Z</time>
      </trkpt>
      <trkpt lat="43.265764" lon="40.280930">
        <ele>11.273654</ele>
        <time>2025-11-03T21:42:49.368Z</time>
      </trkpt>
      <trkpt lat="43.265717" lon="40.280904">
        <ele>11.152239</ele>
        <time>2025-11-03T21:42:49.777Z</time>
      </trkpt>
      <trkpt lat="43.265600" lon="40.280908">
        <ele>10.871798</ele>
        <time>2025-11-03T21:42:50.741Z</time>
      </trkpt>
      <trkpt lat="43.265530" lon="40.280982">
        <ele>10.660122</ele>
        <time>2025-11-03T21:42:51.465Z</time>
      </trkpt>
      <trkpt lat="43.265432" lon="40.281031">
        <ele>10.410214</ele>
        <time>2025-11-03T21:42:52.326Z</time>
      </trkpt>
      <trkpt lat="43.265309" lon="40.280869">
        <ele>10.001840</ele>
        <time>2025-11-03T21:42:53.730Z</time>
      </trkpt>
      <trkpt lat="43.265141" lon="40.280594">
        <ele>9.375499</ele>
        <time>2025-11-03T21:42:59.980Z</time>
      </trkpt>
      <trkpt lat="43.265082" lon="40.280495">
        <ele>9.152278</ele>
        <time>2025-11-03T21:43:02.225Z</time>
      </trkpt>
      <trkpt lat="43.265473" lon="40.280038">
        <ele>7.921966</ele>
        <time>2025-11-03T21:43:14.827Z</time>
      </trkpt>
      <trkpt lat="43.265768" lon="40.279582">
        <ele>7.862960</ele>
        <time>2025-11-03T21:43:26.378Z</time>
      </trkpt>
      <trkpt lat="43.266308" lon="40.279129">
        <ele>7.863301</ele>
        <time>2025-11-03T21:43:45.352Z</time>
      </trkpt>
      <trkpt lat="43.267043" lon="40.278622">
        <ele>7.981354</ele>
        <time>2025-11-03T21:44:12.163Z</time>
      </trkpt>
      <trkpt lat="43.267650" lon="40.278182">
        <ele>9.042578</ele>
        <time>2025-11-03T21:44:36.804Z</time>
      </trkpt>
      <trkpt lat="43.267854" lon="40.278718">
        <ele>9.723488</ele>
        <time>2025-11-03T21:44:46.757Z</time>
      </trkpt>
      <trkpt lat="43.267888" lon="40.278738">
        <ele>9.780676</ele>
        <time>2025-11-03T21:44:47.587Z</time>
      </trkpt>
      <trkpt lat="43.267954" lon="40.278701">
        <ele>9.890896</ele>
        <time>2025-11-03T21:44:49.161Z</time>
      </trkpt>
      <trkpt lat="43.268616" lon="40.278275">
        <ele>10.547656</ele>
        <time>2025-11-03T21:45:04.329Z</time>
      </trkpt>
      <trkpt lat="43.269347" lon="40.277750">
        <ele>10.219072</ele>
        <time>2025-11-03T21:45:16.959Z</time>
      </trkpt>
      <trkpt lat="43.269668" lon="40.277423">
        <ele>10.059876</ele>
        <time>2025-11-03T21:45:22.362Z</time>
      </trkpt>
      <trkpt lat="43.270214" lon="40.276868">
        <ele>9.408637</ele>
        <time>2025-11-03T21:45:31.238Z</time>
      </trkpt>
      <trkpt lat="43.271480" lon="40.275530">
        <ele>7.248709</ele>
        <time>2025-11-03T21:45:52.120Z</time>
      </trkpt>
      <trkpt lat="43.272060" lon="40.274909">
        <ele>7.248709</ele>
        <time>2025-11-03T21:46:02.657Z</time>
      </trkpt>
      <trkpt lat="43.272387" lon="40.274408">
        <ele>7.248709</ele>
        <time>2025-11-03T21:46:10.227Z</time>
      </trkpt>
      <trkpt lat="43.272714" lon="40.274060">
        <ele>7.248709</ele>
        <time>2025-11-03T21:46:16.839Z</time>
      </trkpt>
      <trkpt lat="43.272568" lon="40.273750">
        <ele>7.248709</ele>
        <time>2025-11-03T21:46:24.821Z</time>
      </trkpt>
    </trkseg>
  </trk>
</gpx>