<?xml version='1.0' encoding='UTF-8'?>
<gpx version="1.1" creator="https://www.komoot.de" xmlns="http://www.topografix.com/GPX/1/1" xmlns:xsi="http://www.w3.org/2001/XMLSchema-instance" xsi:schemaLocation="http://www.topografix.com/GPX/1/1 http://www.topografix.com/GPX/1/1/gpx.xsd">
  <metadata>
    <name>Гагра - Рица - Гагра</name>
    <author>
      <link href="https://www.komoot.de">
        <text>komoot</text>
        <type>text/html</type>
      </link>
    </author>
  </metadata>
  <trk>
    <name>Гагра - Рица - Гагра</name>
    <type>touring_bicycle</type>
    <trkseg>
      <trkpt lat="43.272683" lon="40.274094">
        <ele>6.472023</ele>
        <time>2025-04-15T11:41:38.550Z</time>
      </trkpt>
      <trkpt lat="43.272387" lon="40.274408">
        <ele>6.472023</ele>
        <time>2025-04-15T11:41:43.797Z</time>
      </trkpt>
      <trkpt lat="43.272060" lon="40.274909">
        <ele>6.472023</ele>
        <time>2025-04-15T11:41:50.890Z</time>
      </trkpt>
      <trkpt lat="43.271480" lon="40.275530">
        <ele>7.306307</ele>
        <time>2025-04-15T11:42:02.449Z</time>
      </trkpt>
      <trkpt lat="43.270214" lon="40.276868">
        <ele>9.236945</ele>
        <time>2025-04-15T11:42:30.651Z</time>
      </trkpt>
      <trkpt lat="43.269347" lon="40.277750">
        <ele>10.580709</ele>
        <time>2025-04-15T11:42:49.413Z</time>
      </trkpt>
      <trkpt lat="43.268616" lon="40.278275">
        <ele>10.312010</ele>
        <time>2025-04-15T11:43:01.489Z</time>
      </trkpt>
      <trkpt lat="43.267954" lon="40.278701">
        <ele>9.653870</ele>
        <time>2025-04-15T11:43:09.964Z</time>
      </trkpt>
      <trkpt lat="43.267888" lon="40.278738">
        <ele>9.589694</ele>
        <time>2025-04-15T11:43:10.764Z</time>
      </trkpt>
      <trkpt lat="43.267854" lon="40.278718">
        <ele>9.556396</ele>
        <time>2025-04-15T11:43:11.172Z</time>
      </trkpt>
      <trkpt lat="43.267650" lon="40.278182">
        <ele>9.138657</ele>
        <time>2025-04-15T11:43:16.050Z</time>
      </trkpt>
      <trkpt lat="43.267043" lon="40.278622">
        <ele>8.349205</ele>
        <time>2025-04-15T11:43:29.077Z</time>
      </trkpt>
      <trkpt lat="43.266308" lon="40.279129">
        <ele>7.403163</ele>
        <time>2025-04-15T11:43:45.844Z</time>
      </trkpt>
      <trkpt lat="43.265768" lon="40.279582">
        <ele>7.856041</ele>
        <time>2025-04-15T11:43:59.781Z</time>
      </trkpt>
      <trkpt lat="43.265473" lon="40.280038">
        <ele>8.570022</ele>
        <time>2025-04-15T11:44:11.235Z</time>
      </trkpt>
      <trkpt lat="43.265082" lon="40.280495">
        <ele>9.395365</ele>
        <time>2025-04-15T11:44:25.681Z</time>
      </trkpt>
      <trkpt lat="43.265141" lon="40.280594">
        <ele>9.545111</ele>
        <time>2025-04-15T11:44:28.391Z</time>
      </trkpt>
      <trkpt lat="43.265309" lon="40.280869">
        <ele>9.965286</ele>
        <time>2025-04-15T11:44:36.059Z</time>
      </trkpt>
      <trkpt lat="43.265432" lon="40.281031">
        <ele>10.285247</ele>
        <time>2025-04-15T11:44:39.540Z</time>
      </trkpt>
      <trkpt lat="43.265530" lon="40.280982">
        <ele>10.495702</ele>
        <time>2025-04-15T11:44:41.673Z</time>
      </trkpt>
      <trkpt lat="43.265600" lon="40.280908">
        <ele>10.673960</ele>
        <time>2025-04-15T11:44:43.486Z</time>
      </trkpt>
      <trkpt lat="43.265717" lon="40.280904">
        <ele>10.910129</ele>
        <time>2025-04-15T11:44:45.850Z</time>
      </trkpt>
      <trkpt lat="43.265764" lon="40.280930">
        <ele>11.012376</ele>
        <time>2025-04-15T11:44:46.941Z</time>
      </trkpt>
      <trkpt lat="43.265097" lon="40.281866">
        <ele>12.936749</ele>
        <time>2025-04-15T11:45:04.685Z</time>
      </trkpt>
      <trkpt lat="43.264643" lon="40.282604">
        <ele>14.209331</ele>
        <time>2025-04-15T11:45:15.048Z</time>
      </trkpt>
      <trkpt lat="43.264284" lon="40.283212">
        <ele>15.106306</ele>
        <time>2025-04-15T11:45:24.091Z</time>
      </trkpt>
      <trkpt lat="43.264087" lon="40.283498">
        <ele>15.557429</ele>
        <time>2025-04-15T11:45:28.957Z</time>
      </trkpt>
      <trkpt lat="43.263732" lon="40.284097">
        <ele>16.442435</ele>
        <time>2025-04-15T11:45:39.164Z</time>
      </trkpt>
      <trkpt lat="43.263529" lon="40.284560">
        <ele>17.643758</ele>
        <time>2025-04-15T11:45:47.250Z</time>
      </trkpt>
      <trkpt lat="43.263358" lon="40.285102">
        <ele>19.046429</ele>
        <time>2025-04-15T11:45:56.572Z</time>
      </trkpt>
      <trkpt lat="43.263279" lon="40.285348">
        <ele>19.684879</ele>
        <time>2025-04-15T11:46:00.860Z</time>
      </trkpt>
      <trkpt lat="43.263136" lon="40.285838">
        <ele>20.938430</ele>
        <time>2025-04-15T11:46:09.340Z</time>
      </trkpt>
      <trkpt lat="43.263067" lon="40.286028">
        <ele>21.442611</ele>
        <time>2025-04-15T11:46:12.713Z</time>
      </trkpt>
      <trkpt lat="43.262898" lon="40.286532">
        <ele>22.668966</ele>
        <time>2025-04-15T11:46:21.533Z</time>
      </trkpt>
      <trkpt lat="43.262764" lon="40.286886">
        <ele>23.386402</ele>
        <time>2025-04-15T11:46:27.799Z</time>
      </trkpt>
      <trkpt lat="43.262570" lon="40.287306">
        <ele>24.280778</ele>
        <time>2025-04-15T11:46:35.415Z</time>
      </trkpt>
      <trkpt lat="43.262539" lon="40.287352">
        <ele>24.393482</ele>
        <time>2025-04-15T11:46:36.321Z</time>
      </trkpt>
      <trkpt lat="43.262316" lon="40.287847">
        <ele>25.440173</ele>
        <time>2025-04-15T11:46:44.685Z</time>
      </trkpt>
      <trkpt lat="43.262036" lon="40.288345">
        <ele>26.571557</ele>
        <time>2025-04-15T11:46:52.813Z</time>
      </trkpt>
      <trkpt lat="43.261635" lon="40.289060">
        <ele>26.118421</ele>
        <time>2025-04-15T11:47:02.236Z</time>
      </trkpt>
      <trkpt lat="43.261311" lon="40.289486">
        <ele>25.545980</ele>
        <time>2025-04-15T11:47:07.335Z</time>
      </trkpt>
      <trkpt lat="43.260898" lon="40.289923">
        <ele>24.880616</ele>
        <time>2025-04-15T11:47:12.699Z</time>
      </trkpt>
      <trkpt lat="43.260036" lon="40.290672">
        <ele>22.074239</ele>
        <time>2025-04-15T11:47:22.542Z</time>
      </trkpt>
      <trkpt lat="43.259370" lon="40.291094">
        <ele>19.658166</ele>
        <time>2025-04-15T11:47:29.523Z</time>
      </trkpt>
      <trkpt lat="43.258839" lon="40.291458">
        <ele>18.179229</ele>
        <time>2025-04-15T11:47:35.440Z</time>
      </trkpt>
      <trkpt lat="43.258452" lon="40.291834">
        <ele>17.441209</ele>
        <time>2025-04-15T11:47:40.529Z</time>
      </trkpt>
      <trkpt lat="43.257752" lon="40.292686">
        <ele>15.985003</ele>
        <time>2025-04-15T11:47:51.311Z</time>
      </trkpt>
      <trkpt lat="43.257271" lon="40.293284">
        <ele>15.480137</ele>
        <time>2025-04-15T11:47:59.213Z</time>
      </trkpt>
      <trkpt lat="43.257134" lon="40.293447">
        <ele>15.369544</ele>
        <time>2025-04-15T11:48:01.351Z</time>
      </trkpt>
      <trkpt lat="43.256848" lon="40.293708">
        <ele>15.160039</ele>
        <time>2025-04-15T11:48:05.362Z</time>
      </trkpt>
      <trkpt lat="43.256407" lon="40.294062">
        <ele>14.848391</ele>
        <time>2025-04-15T11:48:11.403Z</time>
      </trkpt>
      <trkpt lat="43.255885" lon="40.294359">
        <ele>14.888351</ele>
        <time>2025-04-15T11:48:18.925Z</time>
      </trkpt>
      <trkpt lat="43.255566" lon="40.294487">
        <ele>15.066501</ele>
        <time>2025-04-15T11:48:23.791Z</time>
      </trkpt>
      <trkpt lat="43.255115" lon="40.294607">
        <ele>15.312754</ele>
        <time>2025-04-15T11:48:30.759Z</time>
      </trkpt>
      <trkpt lat="43.254508" lon="40.294613">
        <ele>15.638141</ele>
        <time>2025-04-15T11:48:40.138Z</time>
      </trkpt>
      <trkpt lat="43.253401" lon="40.294547">
        <ele>16.633717</ele>
        <time>2025-04-15T11:48:57.251Z</time>
      </trkpt>
      <trkpt lat="43.252651" lon="40.294595">
        <ele>17.325077</ele>
        <time>2025-04-15T11:49:09.045Z</time>
      </trkpt>
      <trkpt lat="43.252288" lon="40.294584">
        <ele>17.731068</ele>
        <time>2025-04-15T11:49:14.750Z</time>
      </trkpt>
      <trkpt lat="43.251539" lon="40.294579">
        <ele>18.570247</ele>
        <time>2025-04-15T11:49:26.441Z</time>
      </trkpt>
      <trkpt lat="43.251426" lon="40.294582">
        <ele>18.696874</ele>
        <time>2025-04-15T11:49:28.252Z</time>
      </trkpt>
      <trkpt lat="43.250905" lon="40.294640">
        <ele>19.282511</ele>
        <time>2025-04-15T11:49:36.632Z</time>
      </trkpt>
      <trkpt lat="43.249881" lon="40.294848">
        <ele>21.491550</ele>
        <time>2025-04-15T11:49:55.032Z</time>
      </trkpt>
      <trkpt lat="43.249529" lon="40.294971">
        <ele>22.287283</ele>
        <time>2025-04-15T11:50:02.173Z</time>
      </trkpt>
      <trkpt lat="43.249232" lon="40.295140">
        <ele>22.991611</ele>
        <time>2025-04-15T11:50:08.593Z</time>
      </trkpt>
      <trkpt lat="43.248983" lon="40.295378">
        <ele>23.804242</ele>
        <time>2025-04-15T11:50:14.733Z</time>
      </trkpt>
      <trkpt lat="43.248504" lon="40.295962">
        <ele>25.765956</ele>
        <time>2025-04-15T11:50:27.942Z</time>
      </trkpt>
      <trkpt lat="43.248044" lon="40.296462">
        <ele>27.562628</ele>
        <time>2025-04-15T11:50:40.176Z</time>
      </trkpt>
      <trkpt lat="43.247116" lon="40.297549">
        <ele>31.258428</ele>
        <time>2025-04-15T11:51:05.777Z</time>
      </trkpt>
      <trkpt lat="43.246471" lon="40.298214">
        <ele>33.689371</ele>
        <time>2025-04-15T11:51:22.344Z</time>
      </trkpt>
      <trkpt lat="43.246244" lon="40.298422">
        <ele>34.454987</ele>
        <time>2025-04-15T11:51:27.824Z</time>
      </trkpt>
      <trkpt lat="43.245225" lon="40.299036">
        <ele>37.170950</ele>
        <time>2025-04-15T11:51:49.203Z</time>
      </trkpt>
      <trkpt lat="43.244885" lon="40.299420">
        <ele>38.245479</ele>
        <time>2025-04-15T11:51:57.161Z</time>
      </trkpt>
      <trkpt lat="43.244088" lon="40.300372">
        <ele>41.315836</ele>
        <time>2025-04-15T11:52:17.777Z</time>
      </trkpt>
      <trkpt lat="43.243898" lon="40.300605">
        <ele>42.075331</ele>
        <time>2025-04-15T11:52:23.251Z</time>
      </trkpt>
      <trkpt lat="43.243122" lon="40.301382">
        <ele>44.795047</ele>
        <time>2025-04-15T11:52:44.699Z</time>
      </trkpt>
      <trkpt lat="43.241626" lon="40.302510">
        <ele>48.639159</ele>
        <time>2025-04-15T11:53:17.253Z</time>
      </trkpt>
      <trkpt lat="43.241279" lon="40.302799">
        <ele>48.817350</ele>
        <time>2025-04-15T11:53:22.648Z</time>
      </trkpt>
      <trkpt lat="43.240982" lon="40.303128">
        <ele>48.984904</ele>
        <time>2025-04-15T11:53:27.479Z</time>
      </trkpt>
      <trkpt lat="43.240734" lon="40.303474">
        <ele>49.140147</ele>
        <time>2025-04-15T11:53:31.845Z</time>
      </trkpt>
      <trkpt lat="43.240515" lon="40.303848">
        <ele>49.293616</ele>
        <time>2025-04-15T11:53:36.330Z</time>
      </trkpt>
      <trkpt lat="43.240081" lon="40.304693">
        <ele>50.277289</ele>
        <time>2025-04-15T11:53:47.973Z</time>
      </trkpt>
      <trkpt lat="43.239759" lon="40.305623">
        <ele>51.326786</ele>
        <time>2025-04-15T11:54:01.267Z</time>
      </trkpt>
      <trkpt lat="43.239447" lon="40.308285">
        <ele>55.786100</ele>
        <time>2025-04-15T11:54:37.652Z</time>
      </trkpt>
      <trkpt lat="43.239249" lon="40.309045">
        <ele>57.690248</ele>
        <time>2025-04-15T11:54:50.772Z</time>
      </trkpt>
      <trkpt lat="43.239096" lon="40.309391">
        <ele>58.764184</ele>
        <time>2025-04-15T11:54:57.769Z</time>
      </trkpt>
      <trkpt lat="43.237816" lon="40.312187">
        <ele>65.995168</ele>
        <time>2025-04-15T11:55:51.154Z</time>
      </trkpt>
      <trkpt lat="43.237394" lon="40.312640">
        <ele>67.221609</ele>
        <time>2025-04-15T11:55:58.556Z</time>
      </trkpt>
      <trkpt lat="43.237254" lon="40.312749">
        <ele>67.034094</ele>
        <time>2025-04-15T11:56:00.507Z</time>
      </trkpt>
      <trkpt lat="43.234669" lon="40.314753">
        <ele>62.463893</ele>
        <time>2025-04-15T11:56:33.163Z</time>
      </trkpt>
      <trkpt lat="43.233489" lon="40.315635">
        <ele>58.229325</ele>
        <time>2025-04-15T11:56:46.271Z</time>
      </trkpt>
      <trkpt lat="43.232770" lon="40.316172">
        <ele>55.179360</ele>
        <time>2025-04-15T11:56:53.883Z</time>
      </trkpt>
      <trkpt lat="43.232200" lon="40.316781">
        <ele>52.047463</ele>
        <time>2025-04-15T11:57:00.538Z</time>
      </trkpt>
      <trkpt lat="43.232002" lon="40.317026">
        <ele>50.871425</ele>
        <time>2025-04-15T11:57:02.990Z</time>
      </trkpt>
      <trkpt lat="43.231388" lon="40.317801">
        <ele>47.191503</ele>
        <time>2025-04-15T11:57:10.703Z</time>
      </trkpt>
      <trkpt lat="43.230874" lon="40.318420">
        <ele>44.871792</ele>
        <time>2025-04-15T11:57:17.175Z</time>
      </trkpt>
      <trkpt lat="43.230538" lon="40.318934">
        <ele>43.210153</ele>
        <time>2025-04-15T11:57:22.066Z</time>
      </trkpt>
      <trkpt lat="43.230319" lon="40.319560">
        <ele>41.539195</ele>
        <time>2025-04-15T11:57:27.123Z</time>
      </trkpt>
      <trkpt lat="43.230212" lon="40.320284">
        <ele>40.425591</ele>
        <time>2025-04-15T11:57:32.625Z</time>
      </trkpt>
      <trkpt lat="43.230205" lon="40.320833">
        <ele>39.808678</ele>
        <time>2025-04-15T11:57:36.863Z</time>
      </trkpt>
      <trkpt lat="43.230196" lon="40.321591">
        <ele>38.956929</ele>
        <time>2025-04-15T11:57:43.010Z</time>
      </trkpt>
      <trkpt lat="43.230173" lon="40.323370">
        <ele>37.759778</ele>
        <time>2025-04-15T11:57:59.031Z</time>
      </trkpt>
      <trkpt lat="43.230162" lon="40.324267">
        <ele>37.385400</ele>
        <time>2025-04-15T11:58:07.175Z</time>
      </trkpt>
      <trkpt lat="43.230110" lon="40.325629">
        <ele>36.794649</ele>
        <time>2025-04-15T11:58:18.860Z</time>
      </trkpt>
      <trkpt lat="43.230090" lon="40.325808">
        <ele>36.714863</ele>
        <time>2025-04-15T11:58:20.386Z</time>
      </trkpt>
      <trkpt lat="43.230017" lon="40.326294">
        <ele>36.496236</ele>
        <time>2025-04-15T11:58:24.597Z</time>
      </trkpt>
      <trkpt lat="43.229864" lon="40.327023">
        <ele>36.161989</ele>
        <time>2025-04-15T11:58:31.592Z</time>
      </trkpt>
      <trkpt lat="43.229709" lon="40.327567">
        <ele>35.938306</ele>
        <time>2025-04-15T11:58:37.365Z</time>
      </trkpt>
      <trkpt lat="43.229587" lon="40.327945">
        <ele>35.785194</ele>
        <time>2025-04-15T11:58:41.516Z</time>
      </trkpt>
      <trkpt lat="43.229236" lon="40.328962">
        <ele>35.368427</ele>
        <time>2025-04-15T11:58:52.010Z</time>
      </trkpt>
      <trkpt lat="43.228823" lon="40.328701">
        <ele>34.842356</ele>
        <time>2025-04-15T11:59:01.056Z</time>
      </trkpt>
      <trkpt lat="43.228778" lon="40.328731">
        <ele>34.700256</ele>
        <time>2025-04-15T11:59:01.999Z</time>
      </trkpt>
      <trkpt lat="43.228604" lon="40.328871">
        <ele>34.127353</ele>
        <time>2025-04-15T11:59:05.819Z</time>
      </trkpt>
      <trkpt lat="43.227790" lon="40.329994">
        <ele>30.848996</ele>
        <time>2025-04-15T11:59:26.211Z</time>
      </trkpt>
      <trkpt lat="43.227662" lon="40.330108">
        <ele>30.415577</ele>
        <time>2025-04-15T11:59:28.832Z</time>
      </trkpt>
      <trkpt lat="43.227525" lon="40.330170">
        <ele>30.012129</ele>
        <time>2025-04-15T11:59:31.308Z</time>
      </trkpt>
      <trkpt lat="43.226889" lon="40.330187">
        <ele>28.336311</ele>
        <time>2025-04-15T11:59:42.387Z</time>
      </trkpt>
      <trkpt lat="43.226633" lon="40.330293">
        <ele>27.631870</ele>
        <time>2025-04-15T11:59:47.191Z</time>
      </trkpt>
      <trkpt lat="43.226427" lon="40.330470">
        <ele>26.991590</ele>
        <time>2025-04-15T11:59:51.723Z</time>
      </trkpt>
      <trkpt lat="43.226236" lon="40.330636">
        <ele>26.396001</ele>
        <time>2025-04-15T11:59:56.006Z</time>
      </trkpt>
      <trkpt lat="43.226119" lon="40.330973">
        <ele>25.679419</ele>
        <time>2025-04-15T12:00:01.217Z</time>
      </trkpt>
      <trkpt lat="43.226180" lon="40.331323">
        <ele>25.247759</ele>
        <time>2025-04-15T12:00:06.268Z</time>
      </trkpt>
      <trkpt lat="43.226297" lon="40.331589">
        <ele>25.073996</ele>
        <time>2025-04-15T12:00:10.711Z</time>
      </trkpt>
      <trkpt lat="43.226250" lon="40.331759">
        <ele>24.972309</ele>
        <time>2025-04-15T12:00:13.365Z</time>
      </trkpt>
      <trkpt lat="43.226134" lon="40.331833">
        <ele>24.874130</ele>
        <time>2025-04-15T12:00:15.934Z</time>
      </trkpt>
      <trkpt lat="43.225560" lon="40.331868">
        <ele>24.433143</ele>
        <time>2025-04-15T12:00:27.808Z</time>
      </trkpt>
      <trkpt lat="43.225584" lon="40.332256">
        <ele>24.215370</ele>
        <time>2025-04-15T12:00:31.360Z</time>
      </trkpt>
      <trkpt lat="43.225441" lon="40.337504">
        <ele>24.900497</ele>
        <time>2025-04-15T12:01:27.021Z</time>
      </trkpt>
      <trkpt lat="43.225298" lon="40.342125">
        <ele>26.971815</ele>
        <time>2025-04-15T12:02:19.255Z</time>
      </trkpt>
      <trkpt lat="43.225309" lon="40.342561">
        <ele>27.172687</ele>
        <time>2025-04-15T12:02:24.102Z</time>
      </trkpt>
      <trkpt lat="43.225358" lon="40.342584">
        <ele>27.199746</ele>
        <time>2025-04-15T12:02:24.893Z</time>
      </trkpt>
      <trkpt lat="43.225384" lon="40.342755">
        <ele>27.266254</ele>
        <time>2025-04-15T12:02:26.831Z</time>
      </trkpt>
      <trkpt lat="43.225301" lon="40.345189">
        <ele>28.184357</ele>
        <time>2025-04-15T12:02:53.656Z</time>
      </trkpt>
      <trkpt lat="43.225283" lon="40.346712">
        <ele>28.698112</ele>
        <time>2025-04-15T12:03:10.216Z</time>
      </trkpt>
      <trkpt lat="43.225273" lon="40.350003">
        <ele>29.706816</ele>
        <time>2025-04-15T12:03:46.342Z</time>
      </trkpt>
      <trkpt lat="43.225225" lon="40.353153">
        <ele>30.101677</ele>
        <time>2025-04-15T12:04:18.735Z</time>
      </trkpt>
      <trkpt lat="43.225222" lon="40.353828">
        <ele>30.224017</ele>
        <time>2025-04-15T12:04:25.852Z</time>
      </trkpt>
      <trkpt lat="43.225155" lon="40.357713">
        <ele>30.986992</ele>
        <time>2025-04-15T12:05:07.217Z</time>
      </trkpt>
      <trkpt lat="43.225097" lon="40.362789">
        <ele>32.121055</ele>
        <time>2025-04-15T12:06:00.817Z</time>
      </trkpt>
      <trkpt lat="43.225190" lon="40.362866">
        <ele>32.193830</ele>
        <time>2025-04-15T12:06:02.569Z</time>
      </trkpt>
      <trkpt lat="43.225482" lon="40.362790">
        <ele>32.392967</ele>
        <time>2025-04-15T12:06:07.489Z</time>
      </trkpt>
      <trkpt lat="43.226003" lon="40.362553">
        <ele>32.760732</ele>
        <time>2025-04-15T12:06:16.390Z</time>
      </trkpt>
      <trkpt lat="43.226397" lon="40.362420">
        <ele>33.032594</ele>
        <time>2025-04-15T12:06:22.794Z</time>
      </trkpt>
      <trkpt lat="43.226803" lon="40.364481">
        <ele>33.442038</ele>
        <time>2025-04-15T12:06:44.175Z</time>
      </trkpt>
      <trkpt lat="43.226898" lon="40.364871">
        <ele>33.521311</ele>
        <time>2025-04-15T12:06:48.201Z</time>
      </trkpt>
      <trkpt lat="43.227062" lon="40.365418">
        <ele>33.730482</ele>
        <time>2025-04-15T12:06:54.201Z</time>
      </trkpt>
      <trkpt lat="43.227697" lon="40.367127">
        <ele>34.418606</ele>
        <time>2025-04-15T12:07:14.896Z</time>
      </trkpt>
      <trkpt lat="43.228208" lon="40.368465">
        <ele>35.185601</ele>
        <time>2025-04-15T12:07:31.245Z</time>
      </trkpt>
      <trkpt lat="43.228472" lon="40.369133">
        <ele>35.571436</ele>
        <time>2025-04-15T12:07:39.661Z</time>
      </trkpt>
      <trkpt lat="43.228727" lon="40.369751">
        <ele>36.023196</ele>
        <time>2025-04-15T12:07:47.575Z</time>
      </trkpt>
      <trkpt lat="43.229377" lon="40.371528">
        <ele>37.323965</ele>
        <time>2025-04-15T12:08:10.294Z</time>
      </trkpt>
      <trkpt lat="43.229613" lon="40.372186">
        <ele>37.629382</ele>
        <time>2025-04-15T12:08:18.369Z</time>
      </trkpt>
      <trkpt lat="43.229804" lon="40.372718">
        <ele>37.876363</ele>
        <time>2025-04-15T12:08:24.696Z</time>
      </trkpt>
      <trkpt lat="43.230090" lon="40.373394">
        <ele>38.201892</ele>
        <time>2025-04-15T12:08:32.870Z</time>
      </trkpt>
      <trkpt lat="43.230307" lon="40.373825">
        <ele>38.394324</ele>
        <time>2025-04-15T12:08:38.341Z</time>
      </trkpt>
      <trkpt lat="43.230583" lon="40.374331">
        <ele>38.594670</ele>
        <time>2025-04-15T12:08:44.977Z</time>
      </trkpt>
      <trkpt lat="43.230848" lon="40.374817">
        <ele>38.787074</ele>
        <time>2025-04-15T12:08:51.429Z</time>
      </trkpt>
      <trkpt lat="43.231153" lon="40.375427">
        <ele>39.021566</ele>
        <time>2025-04-15T12:08:59.292Z</time>
      </trkpt>
      <trkpt lat="43.231362" lon="40.376001">
        <ele>39.194920</ele>
        <time>2025-04-15T12:09:05.837Z</time>
      </trkpt>
      <trkpt lat="43.231471" lon="40.376390">
        <ele>39.296543</ele>
        <time>2025-04-15T12:09:10.058Z</time>
      </trkpt>
      <trkpt lat="43.231608" lon="40.377019">
        <ele>39.456618</ele>
        <time>2025-04-15T12:09:16.766Z</time>
      </trkpt>
      <trkpt lat="43.231642" lon="40.377718">
        <ele>39.627435</ele>
        <time>2025-04-15T12:09:24.041Z</time>
      </trkpt>
      <trkpt lat="43.231646" lon="40.378428">
        <ele>39.791949</ele>
        <time>2025-04-15T12:09:31.460Z</time>
      </trkpt>
      <trkpt lat="43.231612" lon="40.378883">
        <ele>39.894228</ele>
        <time>2025-04-15T12:09:36.337Z</time>
      </trkpt>
      <trkpt lat="43.231557" lon="40.379291">
        <ele>39.987011</ele>
        <time>2025-04-15T12:09:40.673Z</time>
      </trkpt>
      <trkpt lat="43.231235" lon="40.380786">
        <ele>40.295175</ele>
        <time>2025-04-15T12:09:56.306Z</time>
      </trkpt>
      <trkpt lat="43.230879" lon="40.382392">
        <ele>40.495820</ele>
        <time>2025-04-15T12:10:12.905Z</time>
      </trkpt>
      <trkpt lat="43.230792" lon="40.382809">
        <ele>40.549529</ele>
        <time>2025-04-15T12:10:17.327Z</time>
      </trkpt>
      <trkpt lat="43.230607" lon="40.383233">
        <ele>40.637088</ele>
        <time>2025-04-15T12:10:22.342Z</time>
      </trkpt>
      <trkpt lat="43.230429" lon="40.383464">
        <ele>40.696656</ele>
        <time>2025-04-15T12:10:25.663Z</time>
      </trkpt>
      <trkpt lat="43.230066" lon="40.383743">
        <ele>40.797822</ele>
        <time>2025-04-15T12:10:31.332Z</time>
      </trkpt>
      <trkpt lat="43.229685" lon="40.384107">
        <ele>40.910702</ele>
        <time>2025-04-15T12:10:37.884Z</time>
      </trkpt>
      <trkpt lat="43.229509" lon="40.384250">
        <ele>40.960436</ele>
        <time>2025-04-15T12:10:40.799Z</time>
      </trkpt>
      <trkpt lat="43.229376" lon="40.384425">
        <ele>41.053049</ele>
        <time>2025-04-15T12:10:43.410Z</time>
      </trkpt>
      <trkpt lat="43.229270" lon="40.384655">
        <ele>41.197022</ele>
        <time>2025-04-15T12:10:46.189Z</time>
      </trkpt>
      <trkpt lat="43.229220" lon="40.384878">
        <ele>41.320453</ele>
        <time>2025-04-15T12:10:48.603Z</time>
      </trkpt>
      <trkpt lat="43.229199" lon="40.385096">
        <ele>41.436784</ele>
        <time>2025-04-15T12:10:50.912Z</time>
      </trkpt>
      <trkpt lat="43.229217" lon="40.385273">
        <ele>41.531329</ele>
        <time>2025-04-15T12:10:52.833Z</time>
      </trkpt>
      <trkpt lat="43.229315" lon="40.385692">
        <ele>41.764130</ele>
        <time>2025-04-15T12:10:57.772Z</time>
      </trkpt>
      <trkpt lat="43.229394" lon="40.385850">
        <ele>41.865504</ele>
        <time>2025-04-15T12:11:00.022Z</time>
      </trkpt>
      <trkpt lat="43.229531" lon="40.386006">
        <ele>41.994752</ele>
        <time>2025-04-15T12:11:02.930Z</time>
      </trkpt>
      <trkpt lat="43.229573" lon="40.386038">
        <ele>42.029631</ele>
        <time>2025-04-15T12:11:03.716Z</time>
      </trkpt>
      <trkpt lat="43.229723" lon="40.386152">
        <ele>42.154123</ele>
        <time>2025-04-15T12:11:06.498Z</time>
      </trkpt>
      <trkpt lat="43.230645" lon="40.386608">
        <ele>42.704410</ele>
        <time>2025-04-15T12:11:21.512Z</time>
      </trkpt>
      <trkpt lat="43.231338" lon="40.386911">
        <ele>43.085288</ele>
        <time>2025-04-15T12:11:32.002Z</time>
      </trkpt>
      <trkpt lat="43.231694" lon="40.387059">
        <ele>43.219313</ele>
        <time>2025-04-15T12:11:36.916Z</time>
      </trkpt>
      <trkpt lat="43.234271" lon="40.388278">
        <ele>43.179579</ele>
        <time>2025-04-15T12:12:12.408Z</time>
      </trkpt>
      <trkpt lat="43.234501" lon="40.388386">
        <ele>43.210233</ele>
        <time>2025-04-15T12:12:15.863Z</time>
      </trkpt>
      <trkpt lat="43.234724" lon="40.388492">
        <ele>43.239993</ele>
        <time>2025-04-15T12:12:19.263Z</time>
      </trkpt>
      <trkpt lat="43.235397" lon="40.388802">
        <ele>43.478294</ele>
        <time>2025-04-15T12:12:29.758Z</time>
      </trkpt>
      <trkpt lat="43.237430" lon="40.389660">
        <ele>44.501061</ele>
        <time>2025-04-15T12:13:00.398Z</time>
      </trkpt>
      <trkpt lat="43.237827" lon="40.389949">
        <ele>44.713994</ele>
        <time>2025-04-15T12:13:06.762Z</time>
      </trkpt>
      <trkpt lat="43.238042" lon="40.390300">
        <ele>44.872298</ele>
        <time>2025-04-15T12:13:11.541Z</time>
      </trkpt>
      <trkpt lat="43.238463" lon="40.391616">
        <ele>45.790900</ele>
        <time>2025-04-15T12:13:27.366Z</time>
      </trkpt>
      <trkpt lat="43.239488" lon="40.394563">
        <ele>48.578023</ele>
        <time>2025-04-15T12:14:06.433Z</time>
      </trkpt>
      <trkpt lat="43.239571" lon="40.394996">
        <ele>48.997759</ele>
        <time>2025-04-15T12:14:11.767Z</time>
      </trkpt>
      <trkpt lat="43.239600" lon="40.395602">
        <ele>49.554089</ele>
        <time>2025-04-15T12:14:19.044Z</time>
      </trkpt>
      <trkpt lat="43.239562" lon="40.396908">
        <ele>50.741377</ele>
        <time>2025-04-15T12:14:34.221Z</time>
      </trkpt>
      <trkpt lat="43.239636" lon="40.397193">
        <ele>51.016217</ele>
        <time>2025-04-15T12:14:37.971Z</time>
      </trkpt>
      <trkpt lat="43.239720" lon="40.397263">
        <ele>51.138748</ele>
        <time>2025-04-15T12:14:39.675Z</time>
      </trkpt>
      <trkpt lat="43.239912" lon="40.397351">
        <ele>51.391194</ele>
        <time>2025-04-15T12:14:43.200Z</time>
      </trkpt>
      <trkpt lat="43.241244" lon="40.397974">
        <ele>53.622391</ele>
        <time>2025-04-15T12:15:06.777Z</time>
      </trkpt>
      <trkpt lat="43.241576" lon="40.398052">
        <ele>54.156451</ele>
        <time>2025-04-15T12:15:12.802Z</time>
      </trkpt>
      <trkpt lat="43.241886" lon="40.398057">
        <ele>54.580735</ele>
        <time>2025-04-15T12:15:18.631Z</time>
      </trkpt>
      <trkpt lat="43.243095" lon="40.397769">
        <ele>56.203272</ele>
        <time>2025-04-15T12:15:40.155Z</time>
      </trkpt>
      <trkpt lat="43.243382" lon="40.397762">
        <ele>56.582829</ele>
        <time>2025-04-15T12:15:44.342Z</time>
      </trkpt>
      <trkpt lat="43.243497" lon="40.397804">
        <ele>56.637427</ele>
        <time>2025-04-15T12:15:45.900Z</time>
      </trkpt>
      <trkpt lat="43.243969" lon="40.398105">
        <ele>56.731402</ele>
        <time>2025-04-15T12:15:51.792Z</time>
      </trkpt>
      <trkpt lat="43.244978" lon="40.398410">
        <ele>56.917960</ele>
        <time>2025-04-15T12:16:03.702Z</time>
      </trkpt>
      <trkpt lat="43.245383" lon="40.398445">
        <ele>58.322177</ele>
        <time>2025-04-15T12:16:12.516Z</time>
      </trkpt>
      <trkpt lat="43.246079" lon="40.398333">
        <ele>62.167946</ele>
        <time>2025-04-15T12:16:32.550Z</time>
      </trkpt>
      <trkpt lat="43.246211" lon="40.398270">
        <ele>62.934885</ele>
        <time>2025-04-15T12:16:36.949Z</time>
      </trkpt>
      <trkpt lat="43.246556" lon="40.397987">
        <ele>65.140465</ele>
        <time>2025-04-15T12:16:49.938Z</time>
      </trkpt>
      <trkpt lat="43.247373" lon="40.397659">
        <ele>67.433591</ele>
        <time>2025-04-15T12:17:12.900Z</time>
      </trkpt>
      <trkpt lat="43.247872" lon="40.397349">
        <ele>68.052564</ele>
        <time>2025-04-15T12:17:22.157Z</time>
      </trkpt>
      <trkpt lat="43.248196" lon="40.397215">
        <ele>68.434973</ele>
        <time>2025-04-15T12:17:26.024Z</time>
      </trkpt>
      <trkpt lat="43.248661" lon="40.397142">
        <ele>68.283297</ele>
        <time>2025-04-15T12:17:30.551Z</time>
      </trkpt>
      <trkpt lat="43.248855" lon="40.397159">
        <ele>67.196087</ele>
        <time>2025-04-15T12:17:32.317Z</time>
      </trkpt>
      <trkpt lat="43.249057" lon="40.397250">
        <ele>66.007076</ele>
        <time>2025-04-15T12:17:34.202Z</time>
      </trkpt>
      <trkpt lat="43.250236" lon="40.398180">
        <ele>58.656143</ele>
        <time>2025-04-15T12:17:45.941Z</time>
      </trkpt>
      <trkpt lat="43.250913" lon="40.398889">
        <ele>57.011541</ele>
        <time>2025-04-15T12:17:54.128Z</time>
      </trkpt>
      <trkpt lat="43.251530" lon="40.399669">
        <ele>55.391577</ele>
        <time>2025-04-15T12:18:05.400Z</time>
      </trkpt>
      <trkpt lat="43.251753" lon="40.399908">
        <ele>56.301767</ele>
        <time>2025-04-15T12:18:10.265Z</time>
      </trkpt>
      <trkpt lat="43.251912" lon="40.400003">
        <ele>57.002970</ele>
        <time>2025-04-15T12:18:13.590Z</time>
      </trkpt>
      <trkpt lat="43.252218" lon="40.400031">
        <ele>58.243108</ele>
        <time>2025-04-15T12:18:20.106Z</time>
      </trkpt>
      <trkpt lat="43.252458" lon="40.399979">
        <ele>59.225623</ele>
        <time>2025-04-15T12:18:25.815Z</time>
      </trkpt>
      <trkpt lat="43.252651" lon="40.399897">
        <ele>60.042583</ele>
        <time>2025-04-15T12:18:30.959Z</time>
      </trkpt>
      <trkpt lat="43.252873" lon="40.399742">
        <ele>61.049706</ele>
        <time>2025-04-15T12:18:37.699Z</time>
      </trkpt>
      <trkpt lat="43.254113" lon="40.398596">
        <ele>68.220391</ele>
        <time>2025-04-15T12:19:20.355Z</time>
      </trkpt>
      <trkpt lat="43.255457" lon="40.397294">
        <ele>73.965007</ele>
        <time>2025-04-15T12:19:54.517Z</time>
      </trkpt>
      <trkpt lat="43.256587" lon="40.396525">
        <ele>76.676922</ele>
        <time>2025-04-15T12:20:15.891Z</time>
      </trkpt>
      <trkpt lat="43.257024" lon="40.396267">
        <ele>77.484439</ele>
        <time>2025-04-15T12:20:24.100Z</time>
      </trkpt>
      <trkpt lat="43.258695" lon="40.395397">
        <ele>79.491529</ele>
        <time>2025-04-15T12:20:56.041Z</time>
      </trkpt>
      <trkpt lat="43.258962" lon="40.395292">
        <ele>79.641504</ele>
        <time>2025-04-15T12:21:00.279Z</time>
      </trkpt>
      <trkpt lat="43.259225" lon="40.395226">
        <ele>79.785875</ele>
        <time>2025-04-15T12:21:03.896Z</time>
      </trkpt>
      <trkpt lat="43.260111" lon="40.395094">
        <ele>78.749363</ele>
        <time>2025-04-15T12:21:13.370Z</time>
      </trkpt>
      <trkpt lat="43.261095" lon="40.394995">
        <ele>76.427281</ele>
        <time>2025-04-15T12:21:22.968Z</time>
      </trkpt>
      <trkpt lat="43.262221" lon="40.394950">
        <ele>76.201826</ele>
        <time>2025-04-15T12:21:35.353Z</time>
      </trkpt>
      <trkpt lat="43.263970" lon="40.395107">
        <ele>79.921481</ele>
        <time>2025-04-15T12:22:09.289Z</time>
      </trkpt>
      <trkpt lat="43.265322" lon="40.394940">
        <ele>85.252058</ele>
        <time>2025-04-15T12:22:44.792Z</time>
      </trkpt>
      <trkpt lat="43.265634" lon="40.394911">
        <ele>86.379453</ele>
        <time>2025-04-15T12:22:52.662Z</time>
      </trkpt>
      <trkpt lat="43.265984" lon="40.394923">
        <ele>87.641666</ele>
        <time>2025-04-15T12:23:00.802Z</time>
      </trkpt>
      <trkpt lat="43.266182" lon="40.394965">
        <ele>88.363961</ele>
        <time>2025-04-15T12:23:05.055Z</time>
      </trkpt>
      <trkpt lat="43.266637" lon="40.395130">
        <ele>90.060553</ele>
        <time>2025-04-15T12:23:13.793Z</time>
      </trkpt>
      <trkpt lat="43.266780" lon="40.395147">
        <ele>90.455535</ele>
        <time>2025-04-15T12:23:16.223Z</time>
      </trkpt>
      <trkpt lat="43.267389" lon="40.395187">
        <ele>90.210584</ele>
        <time>2025-04-15T12:23:25.818Z</time>
      </trkpt>
      <trkpt lat="43.267633" lon="40.395147">
        <ele>90.111858</ele>
        <time>2025-04-15T12:23:29.152Z</time>
      </trkpt>
      <trkpt lat="43.268852" lon="40.394711">
        <ele>88.733382</ele>
        <time>2025-04-15T12:23:42.760Z</time>
      </trkpt>
      <trkpt lat="43.269292" lon="40.394402">
        <ele>87.292457</ele>
        <time>2025-04-15T12:23:47.611Z</time>
      </trkpt>
      <trkpt lat="43.270273" lon="40.394127">
        <ele>84.312234</ele>
        <time>2025-04-15T12:23:57.296Z</time>
      </trkpt>
      <trkpt lat="43.270653" lon="40.393945">
        <ele>82.579043</ele>
        <time>2025-04-15T12:24:01.245Z</time>
      </trkpt>
      <trkpt lat="43.271067" lon="40.393908">
        <ele>80.792314</ele>
        <time>2025-04-15T12:24:05.348Z</time>
      </trkpt>
      <trkpt lat="43.271887" lon="40.394010">
        <ele>77.246397</ele>
        <time>2025-04-15T12:24:12.806Z</time>
      </trkpt>
      <trkpt lat="43.272373" lon="40.394208">
        <ele>75.165877</ele>
        <time>2025-04-15T12:24:17.217Z</time>
      </trkpt>
      <trkpt lat="43.272769" lon="40.394468">
        <ele>73.390316</ele>
        <time>2025-04-15T12:24:21.104Z</time>
      </trkpt>
      <trkpt lat="43.273372" lon="40.394767">
        <ele>70.796914</ele>
        <time>2025-04-15T12:24:27.142Z</time>
      </trkpt>
      <trkpt lat="43.273623" lon="40.394832">
        <ele>69.763660</ele>
        <time>2025-04-15T12:24:29.816Z</time>
      </trkpt>
      <trkpt lat="43.274347" lon="40.394612">
        <ele>70.409735</ele>
        <time>2025-04-15T12:24:40.489Z</time>
      </trkpt>
      <trkpt lat="43.274568" lon="40.394600">
        <ele>70.716599</ele>
        <time>2025-04-15T12:24:43.919Z</time>
      </trkpt>
      <trkpt lat="43.275286" lon="40.394702">
        <ele>71.718098</ele>
        <time>2025-04-15T12:24:57.069Z</time>
      </trkpt>
      <trkpt lat="43.275466" lon="40.394668">
        <ele>71.970188</ele>
        <time>2025-04-15T12:25:01.173Z</time>
      </trkpt>
      <trkpt lat="43.276002" lon="40.394444">
        <ele>74.346386</ele>
        <time>2025-04-15T12:25:14.930Z</time>
      </trkpt>
      <trkpt lat="43.276501" lon="40.394194">
        <ele>76.607006</ele>
        <time>2025-04-15T12:25:29.205Z</time>
      </trkpt>
      <trkpt lat="43.276680" lon="40.394149">
        <ele>77.381487</ele>
        <time>2025-04-15T12:25:34.076Z</time>
      </trkpt>
      <trkpt lat="43.276949" lon="40.394130">
        <ele>78.527867</ele>
        <time>2025-04-15T12:25:40.907Z</time>
      </trkpt>
      <trkpt lat="43.277232" lon="40.394163">
        <ele>79.589102</ele>
        <time>2025-04-15T12:25:47.472Z</time>
      </trkpt>
      <trkpt lat="43.277954" lon="40.394402">
        <ele>78.408044</ele>
        <time>2025-04-15T12:25:58.707Z</time>
      </trkpt>
      <trkpt lat="43.278176" lon="40.394409">
        <ele>78.054907</ele>
        <time>2025-04-15T12:26:01.009Z</time>
      </trkpt>
      <trkpt lat="43.278475" lon="40.394337">
        <ele>77.572161</ele>
        <time>2025-04-15T12:26:03.833Z</time>
      </trkpt>
      <trkpt lat="43.279004" lon="40.394048">
        <ele>76.529815</ele>
        <time>2025-04-15T12:26:08.989Z</time>
      </trkpt>
      <trkpt lat="43.279204" lon="40.393986">
        <ele>75.766208</ele>
        <time>2025-04-15T12:26:10.858Z</time>
      </trkpt>
      <trkpt lat="43.279470" lon="40.394041">
        <ele>74.764366</ele>
        <time>2025-04-15T12:26:13.290Z</time>
      </trkpt>
      <trkpt lat="43.279667" lon="40.394081">
        <ele>74.022693</ele>
        <time>2025-04-15T12:26:15.093Z</time>
      </trkpt>
      <trkpt lat="43.280390" lon="40.394397">
        <ele>71.196951</ele>
        <time>2025-04-15T12:26:22.229Z</time>
      </trkpt>
      <trkpt lat="43.280600" lon="40.394579">
        <ele>70.272172</ele>
        <time>2025-04-15T12:26:24.978Z</time>
      </trkpt>
      <trkpt lat="43.280771" lon="40.394747">
        <ele>69.997803</ele>
        <time>2025-04-15T12:26:27.503Z</time>
      </trkpt>
      <trkpt lat="43.281110" lon="40.395237">
        <ele>69.769763</ele>
        <time>2025-04-15T12:26:33.528Z</time>
      </trkpt>
      <trkpt lat="43.281551" lon="40.395987">
        <ele>69.444531</ele>
        <time>2025-04-15T12:26:42.502Z</time>
      </trkpt>
      <trkpt lat="43.282872" lon="40.398222">
        <ele>69.595529</ele>
        <time>2025-04-15T12:27:11.611Z</time>
      </trkpt>
      <trkpt lat="43.283754" lon="40.399721">
        <ele>70.077715</ele>
        <time>2025-04-15T12:27:31.083Z</time>
      </trkpt>
      <trkpt lat="43.283908" lon="40.399912">
        <ele>70.152177</ele>
        <time>2025-04-15T12:27:34.144Z</time>
      </trkpt>
      <trkpt lat="43.284048" lon="40.400036">
        <ele>70.211959</ele>
        <time>2025-04-15T12:27:36.627Z</time>
      </trkpt>
      <trkpt lat="43.284253" lon="40.400142">
        <ele>70.304805</ele>
        <time>2025-04-15T12:27:39.921Z</time>
      </trkpt>
      <trkpt lat="43.290408" lon="40.401824">
        <ele>75.647098</ele>
        <time>2025-04-15T12:29:13.812Z</time>
      </trkpt>
      <trkpt lat="43.292061" lon="40.402196">
        <ele>79.533467</ele>
        <time>2025-04-15T12:29:49.097Z</time>
      </trkpt>
      <trkpt lat="43.292402" lon="40.402287">
        <ele>80.495097</ele>
        <time>2025-04-15T12:29:56.042Z</time>
      </trkpt>
      <trkpt lat="43.294570" lon="40.402280">
        <ele>86.177260</ele>
        <time>2025-04-15T12:30:36.784Z</time>
      </trkpt>
      <trkpt lat="43.294960" lon="40.402350">
        <ele>87.243740</ele>
        <time>2025-04-15T12:30:45.160Z</time>
      </trkpt>
      <trkpt lat="43.295854" lon="40.402692">
        <ele>90.111655</ele>
        <time>2025-04-15T12:31:05.741Z</time>
      </trkpt>
      <trkpt lat="43.296059" lon="40.402655">
        <ele>90.750631</ele>
        <time>2025-04-15T12:31:10.335Z</time>
      </trkpt>
      <trkpt lat="43.297229" lon="40.402204">
        <ele>93.326361</ele>
        <time>2025-04-15T12:31:33.462Z</time>
      </trkpt>
      <trkpt lat="43.297536" lon="40.402181">
        <ele>93.730927</ele>
        <time>2025-04-15T12:31:37.977Z</time>
      </trkpt>
      <trkpt lat="43.298441" lon="40.402371">
        <ele>94.859254</ele>
        <time>2025-04-15T12:31:51.343Z</time>
      </trkpt>
      <trkpt lat="43.298726" lon="40.402496">
        <ele>94.996513</ele>
        <time>2025-04-15T12:31:55.999Z</time>
      </trkpt>
      <trkpt lat="43.298981" lon="40.402535">
        <ele>95.114230</ele>
        <time>2025-04-15T12:32:00.029Z</time>
      </trkpt>
      <trkpt lat="43.299364" lon="40.402545">
        <ele>95.289983</ele>
        <time>2025-04-15T12:32:05.769Z</time>
      </trkpt>
      <trkpt lat="43.299537" lon="40.402500">
        <ele>95.370765</ele>
        <time>2025-04-15T12:32:08.260Z</time>
      </trkpt>
      <trkpt lat="43.299743" lon="40.402520">
        <ele>95.465514</ele>
        <time>2025-04-15T12:32:11.044Z</time>
      </trkpt>
      <trkpt lat="43.300249" lon="40.402697">
        <ele>95.781218</ele>
        <time>2025-04-15T12:32:17.837Z</time>
      </trkpt>
      <trkpt lat="43.300716" lon="40.402931">
        <ele>96.291822</ele>
        <time>2025-04-15T12:32:24.830Z</time>
      </trkpt>
      <trkpt lat="43.300939" lon="40.402976">
        <ele>96.523345</ele>
        <time>2025-04-15T12:32:28.391Z</time>
      </trkpt>
      <trkpt lat="43.301112" lon="40.402948">
        <ele>96.702279</ele>
        <time>2025-04-15T12:32:31.488Z</time>
      </trkpt>
      <trkpt lat="43.301339" lon="40.402863">
        <ele>96.943957</ele>
        <time>2025-04-15T12:32:36.201Z</time>
      </trkpt>
      <trkpt lat="43.301492" lon="40.402704">
        <ele>97.141004</ele>
        <time>2025-04-15T12:32:40.271Z</time>
      </trkpt>
      <trkpt lat="43.302136" lon="40.401747">
        <ele>95.055313</ele>
        <time>2025-04-15T12:32:54.697Z</time>
      </trkpt>
      <trkpt lat="43.302359" lon="40.401638">
        <ele>94.106542</ele>
        <time>2025-04-15T12:32:56.903Z</time>
      </trkpt>
      <trkpt lat="43.302586" lon="40.401621">
        <ele>93.195257</ele>
        <time>2025-04-15T12:32:58.915Z</time>
      </trkpt>
      <trkpt lat="43.303258" lon="40.401933">
        <ele>90.351923</ele>
        <time>2025-04-15T12:33:04.872Z</time>
      </trkpt>
      <trkpt lat="43.303592" lon="40.402319">
        <ele>88.449611</ele>
        <time>2025-04-15T12:33:08.499Z</time>
      </trkpt>
      <trkpt lat="43.304670" lon="40.404468">
        <ele>81.893058</ele>
        <time>2025-04-15T12:33:27.338Z</time>
      </trkpt>
      <trkpt lat="43.305069" lon="40.405021">
        <ele>81.324144</ele>
        <time>2025-04-15T12:33:34.062Z</time>
      </trkpt>
      <trkpt lat="43.305788" lon="40.405822">
        <ele>80.845816</ele>
        <time>2025-04-15T12:33:46.660Z</time>
      </trkpt>
      <trkpt lat="43.307074" lon="40.407439">
        <ele>82.833625</ele>
        <time>2025-04-15T12:34:15.643Z</time>
      </trkpt>
      <trkpt lat="43.307218" lon="40.407749">
        <ele>83.218723</ele>
        <time>2025-04-15T12:34:20.169Z</time>
      </trkpt>
      <trkpt lat="43.307578" lon="40.409252">
        <ele>84.875565</ele>
        <time>2025-04-15T12:34:39.010Z</time>
      </trkpt>
      <trkpt lat="43.307803" lon="40.409810">
        <ele>86.016700</ele>
        <time>2025-04-15T12:34:47.036Z</time>
      </trkpt>
      <trkpt lat="43.308212" lon="40.410500">
        <ele>88.213100</ele>
        <time>2025-04-15T12:34:59.646Z</time>
      </trkpt>
      <trkpt lat="43.308427" lon="40.410778">
        <ele>89.214330</ele>
        <time>2025-04-15T12:35:06.279Z</time>
      </trkpt>
      <trkpt lat="43.308639" lon="40.410960">
        <ele>90.062119</ele>
        <time>2025-04-15T12:35:12.503Z</time>
      </trkpt>
      <trkpt lat="43.308857" lon="40.411046">
        <ele>90.831352</ele>
        <time>2025-04-15T12:35:18.252Z</time>
      </trkpt>
      <trkpt lat="43.309193" lon="40.411091">
        <ele>92.410984</ele>
        <time>2025-04-15T12:35:26.830Z</time>
      </trkpt>
      <trkpt lat="43.309647" lon="40.411045">
        <ele>94.940177</ele>
        <time>2025-04-15T12:35:38.279Z</time>
      </trkpt>
      <trkpt lat="43.310754" lon="40.410699">
        <ele>101.247540</ele>
        <time>2025-04-15T12:36:08.493Z</time>
      </trkpt>
      <trkpt lat="43.311006" lon="40.410564">
        <ele>102.952664</ele>
        <time>2025-04-15T12:36:16.682Z</time>
      </trkpt>
      <trkpt lat="43.311117" lon="40.410456">
        <ele>103.812893</ele>
        <time>2025-04-15T12:36:21.092Z</time>
      </trkpt>
      <trkpt lat="43.311230" lon="40.410293">
        <ele>104.849057</ele>
        <time>2025-04-15T12:36:26.474Z</time>
      </trkpt>
      <trkpt lat="43.311694" lon="40.409336">
        <ele>110.141760</ele>
        <time>2025-04-15T12:36:54.362Z</time>
      </trkpt>
      <trkpt lat="43.311989" lon="40.408842">
        <ele>112.322334</ele>
        <time>2025-04-15T12:37:07.035Z</time>
      </trkpt>
      <trkpt lat="43.312526" lon="40.408147">
        <ele>108.502425</ele>
        <time>2025-04-15T12:37:14.948Z</time>
      </trkpt>
      <trkpt lat="43.312851" lon="40.407873">
        <ele>106.527938</ele>
        <time>2025-04-15T12:37:18.061Z</time>
      </trkpt>
      <trkpt lat="43.312993" lon="40.407784">
        <ele>105.719717</ele>
        <time>2025-04-15T12:37:19.323Z</time>
      </trkpt>
      <trkpt lat="43.313265" lon="40.407705">
        <ele>104.280025</ele>
        <time>2025-04-15T12:37:21.555Z</time>
      </trkpt>
      <trkpt lat="43.313822" lon="40.407783">
        <ele>101.401163</ele>
        <time>2025-04-15T12:37:26.064Z</time>
      </trkpt>
      <trkpt lat="43.315707" lon="40.408176">
        <ele>93.773940</ele>
        <time>2025-04-15T12:37:44.678Z</time>
      </trkpt>
      <trkpt lat="43.316325" lon="40.408288">
        <ele>93.315521</ele>
        <time>2025-04-15T12:37:52.619Z</time>
      </trkpt>
      <trkpt lat="43.317270" lon="40.408396">
        <ele>93.488741</ele>
        <time>2025-04-15T12:38:06.384Z</time>
      </trkpt>
      <trkpt lat="43.317959" lon="40.408511">
        <ele>95.291316</ele>
        <time>2025-04-15T12:38:19.454Z</time>
      </trkpt>
      <trkpt lat="43.318248" lon="40.408579">
        <ele>96.052808</ele>
        <time>2025-04-15T12:38:25.540Z</time>
      </trkpt>
      <trkpt lat="43.318438" lon="40.408664">
        <ele>96.571745</ele>
        <time>2025-04-15T12:38:30.017Z</time>
      </trkpt>
      <trkpt lat="43.318904" lon="40.409061">
        <ele>98.161997</ele>
        <time>2025-04-15T12:38:42.860Z</time>
      </trkpt>
      <trkpt lat="43.319023" lon="40.409117">
        <ele>98.594391</ele>
        <time>2025-04-15T12:38:45.893Z</time>
      </trkpt>
      <trkpt lat="43.319244" lon="40.409151">
        <ele>99.358858</ele>
        <time>2025-04-15T12:38:51.062Z</time>
      </trkpt>
      <trkpt lat="43.319734" lon="40.409165">
        <ele>101.043674</ele>
        <time>2025-04-15T12:39:01.775Z</time>
      </trkpt>
      <trkpt lat="43.321197" lon="40.408984">
        <ele>105.105343</ele>
        <time>2025-04-15T12:39:31.570Z</time>
      </trkpt>
      <trkpt lat="43.321532" lon="40.409014">
        <ele>105.789924</ele>
        <time>2025-04-15T12:39:37.553Z</time>
      </trkpt>
      <trkpt lat="43.321728" lon="40.409101">
        <ele>106.209931</ele>
        <time>2025-04-15T12:39:41.157Z</time>
      </trkpt>
      <trkpt lat="43.322795" lon="40.409803">
        <ele>108.316928</ele>
        <time>2025-04-15T12:40:00.360Z</time>
      </trkpt>
      <trkpt lat="43.323568" lon="40.410560">
        <ele>109.794287</ele>
        <time>2025-04-15T12:40:16.313Z</time>
      </trkpt>
      <trkpt lat="43.323876" lon="40.410739">
        <ele>110.432093</ele>
        <time>2025-04-15T12:40:22.450Z</time>
      </trkpt>
      <trkpt lat="43.324046" lon="40.410796">
        <ele>110.879460</ele>
        <time>2025-04-15T12:40:25.846Z</time>
      </trkpt>
      <trkpt lat="43.324212" lon="40.410824">
        <ele>111.307041</ele>
        <time>2025-04-15T12:40:29.220Z</time>
      </trkpt>
      <trkpt lat="43.326031" lon="40.410776">
        <ele>114.117006</ele>
        <time>2025-04-15T12:41:05.966Z</time>
      </trkpt>
      <trkpt lat="43.326456" lon="40.410826">
        <ele>113.571912</ele>
        <time>2025-04-15T12:41:10.807Z</time>
      </trkpt>
      <trkpt lat="43.326878" lon="40.410979">
        <ele>113.014195</ele>
        <time>2025-04-15T12:41:15.107Z</time>
      </trkpt>
      <trkpt lat="43.327271" lon="40.411230">
        <ele>112.460422</ele>
        <time>2025-04-15T12:41:19.127Z</time>
      </trkpt>
      <trkpt lat="43.327705" lon="40.411720">
        <ele>110.839846</ele>
        <time>2025-04-15T12:41:24.314Z</time>
      </trkpt>
      <trkpt lat="43.327979" lon="40.411992">
        <ele>109.842340</ele>
        <time>2025-04-15T12:41:27.539Z</time>
      </trkpt>
      <trkpt lat="43.328288" lon="40.412247">
        <ele>108.778636</ele>
        <time>2025-04-15T12:41:31.162Z</time>
      </trkpt>
      <trkpt lat="43.329274" lon="40.412911">
        <ele>107.205336</ele>
        <time>2025-04-15T12:41:43.393Z</time>
      </trkpt>
      <trkpt lat="43.329956" lon="40.413271">
        <ele>107.316495</ele>
        <time>2025-04-15T12:41:52.879Z</time>
      </trkpt>
      <trkpt lat="43.330317" lon="40.413321">
        <ele>107.371702</ele>
        <time>2025-04-15T12:41:58.746Z</time>
      </trkpt>
      <trkpt lat="43.330741" lon="40.413295">
        <ele>108.189031</ele>
        <time>2025-04-15T12:42:06.884Z</time>
      </trkpt>
      <trkpt lat="43.330916" lon="40.413254">
        <ele>108.737328</ele>
        <time>2025-04-15T12:42:10.639Z</time>
      </trkpt>
      <trkpt lat="43.331258" lon="40.413128">
        <ele>109.830901</ele>
        <time>2025-04-15T12:42:18.586Z</time>
      </trkpt>
      <trkpt lat="43.331823" lon="40.412782">
        <ele>111.741260</ele>
        <time>2025-04-15T12:42:32.512Z</time>
      </trkpt>
      <trkpt lat="43.332154" lon="40.412625">
        <ele>112.822722</ele>
        <time>2025-04-15T12:42:39.955Z</time>
      </trkpt>
      <trkpt lat="43.332333" lon="40.412559">
        <ele>113.238190</ele>
        <time>2025-04-15T12:42:43.733Z</time>
      </trkpt>
      <trkpt lat="43.332986" lon="40.412479">
        <ele>114.545040</ele>
        <time>2025-04-15T12:42:55.791Z</time>
      </trkpt>
      <trkpt lat="43.335261" lon="40.412439">
        <ele>118.562813</ele>
        <time>2025-04-15T12:43:34.464Z</time>
      </trkpt>
      <trkpt lat="43.336075" lon="40.412455">
        <ele>119.691845</ele>
        <time>2025-04-15T12:43:48.772Z</time>
      </trkpt>
      <trkpt lat="43.336297" lon="40.412489">
        <ele>119.920985</ele>
        <time>2025-04-15T12:43:52.613Z</time>
      </trkpt>
      <trkpt lat="43.336976" lon="40.412719">
        <ele>120.638345</ele>
        <time>2025-04-15T12:44:04.265Z</time>
      </trkpt>
      <trkpt lat="43.337417" lon="40.412874">
        <ele>121.105280</ele>
        <time>2025-04-15T12:44:10.954Z</time>
      </trkpt>
      <trkpt lat="43.337740" lon="40.412892">
        <ele>120.944356</ele>
        <time>2025-04-15T12:44:15.287Z</time>
      </trkpt>
      <trkpt lat="43.337942" lon="40.412874">
        <ele>120.636329</ele>
        <time>2025-04-15T12:44:17.876Z</time>
      </trkpt>
      <trkpt lat="43.339628" lon="40.412453">
        <ele>117.165025</ele>
        <time>2025-04-15T12:44:36.073Z</time>
      </trkpt>
      <trkpt lat="43.340323" lon="40.412350">
        <ele>114.157991</ele>
        <time>2025-04-15T12:44:42.417Z</time>
      </trkpt>
      <trkpt lat="43.340496" lon="40.412362">
        <ele>113.412842</ele>
        <time>2025-04-15T12:44:43.937Z</time>
      </trkpt>
      <trkpt lat="43.340637" lon="40.412429">
        <ele>112.771095</ele>
        <time>2025-04-15T12:44:45.236Z</time>
      </trkpt>
      <trkpt lat="43.341313" lon="40.412911">
        <ele>111.276657</ele>
        <time>2025-04-15T12:44:52.122Z</time>
      </trkpt>
      <trkpt lat="43.341580" lon="40.413165">
        <ele>111.840655</ele>
        <time>2025-04-15T12:44:55.651Z</time>
      </trkpt>
      <trkpt lat="43.341704" lon="40.413228">
        <ele>112.070292</ele>
        <time>2025-04-15T12:44:57.357Z</time>
      </trkpt>
      <trkpt lat="43.341892" lon="40.413212">
        <ele>112.397495</ele>
        <time>2025-04-15T12:45:00.492Z</time>
      </trkpt>
      <trkpt lat="43.342240" lon="40.413295">
        <ele>113.011038</ele>
        <time>2025-04-15T12:45:08.199Z</time>
      </trkpt>
      <trkpt lat="43.343122" lon="40.413232">
        <ele>115.719905</ele>
        <time>2025-04-15T12:45:36.474Z</time>
      </trkpt>
      <trkpt lat="43.343474" lon="40.412921">
        <ele>117.747133</ele>
        <time>2025-04-15T12:45:50.080Z</time>
      </trkpt>
      <trkpt lat="43.343936" lon="40.412694">
        <ele>120.124220</ele>
        <time>2025-04-15T12:46:02.853Z</time>
      </trkpt>
      <trkpt lat="43.344354" lon="40.412445">
        <ele>122.331385</ele>
        <time>2025-04-15T12:46:10.944Z</time>
      </trkpt>
      <trkpt lat="43.344486" lon="40.412402">
        <ele>122.546714</ele>
        <time>2025-04-15T12:46:12.671Z</time>
      </trkpt>
      <trkpt lat="43.344697" lon="40.412402">
        <ele>122.396111</ele>
        <time>2025-04-15T12:46:15.121Z</time>
      </trkpt>
      <trkpt lat="43.345496" lon="40.412737">
        <ele>121.799897</ele>
        <time>2025-04-15T12:46:23.851Z</time>
      </trkpt>
      <trkpt lat="43.346168" lon="40.412810">
        <ele>121.319004</ele>
        <time>2025-04-15T12:46:32.123Z</time>
      </trkpt>
      <trkpt lat="43.346787" lon="40.412819">
        <ele>120.997742</ele>
        <time>2025-04-15T12:46:41.476Z</time>
      </trkpt>
      <trkpt lat="43.346956" lon="40.412767">
        <ele>120.907866</ele>
        <time>2025-04-15T12:46:43.901Z</time>
      </trkpt>
      <trkpt lat="43.347142" lon="40.412657">
        <ele>120.802789</ele>
        <time>2025-04-15T12:46:46.670Z</time>
      </trkpt>
      <trkpt lat="43.347418" lon="40.412413">
        <ele>120.632505</ele>
        <time>2025-04-15T12:46:50.844Z</time>
      </trkpt>
      <trkpt lat="43.347588" lon="40.412301">
        <ele>120.534677</ele>
        <time>2025-04-15T12:46:52.989Z</time>
      </trkpt>
      <trkpt lat="43.348975" lon="40.412218">
        <ele>118.840692</ele>
        <time>2025-04-15T12:47:12.660Z</time>
      </trkpt>
      <trkpt lat="43.349492" lon="40.412228">
        <ele>118.115703</ele>
        <time>2025-04-15T12:47:21.311Z</time>
      </trkpt>
      <trkpt lat="43.349786" lon="40.412253">
        <ele>117.823164</ele>
        <time>2025-04-15T12:47:26.316Z</time>
      </trkpt>
      <trkpt lat="43.349881" lon="40.412202">
        <ele>117.786819</ele>
        <time>2025-04-15T12:47:28.037Z</time>
      </trkpt>
      <trkpt lat="43.349948" lon="40.412098">
        <ele>117.750810</ele>
        <time>2025-04-15T12:47:29.854Z</time>
      </trkpt>
      <trkpt lat="43.350633" lon="40.412185">
        <ele>117.505641</ele>
        <time>2025-04-15T12:47:39.390Z</time>
      </trkpt>
      <trkpt lat="43.350712" lon="40.412193">
        <ele>117.477410</ele>
        <time>2025-04-15T12:47:40.640Z</time>
      </trkpt>
      <trkpt lat="43.350789" lon="40.412255">
        <ele>117.445610</ele>
        <time>2025-04-15T12:47:41.846Z</time>
      </trkpt>
      <trkpt lat="43.350951" lon="40.412442">
        <ele>117.370230</ele>
        <time>2025-04-15T12:47:44.715Z</time>
      </trkpt>
      <trkpt lat="43.351123" lon="40.412687">
        <ele>117.281975</ele>
        <time>2025-04-15T12:47:47.415Z</time>
      </trkpt>
      <trkpt lat="43.351281" lon="40.413059">
        <ele>117.179800</ele>
        <time>2025-04-15T12:47:50.777Z</time>
      </trkpt>
      <trkpt lat="43.351978" lon="40.414074">
        <ele>116.882820</ele>
        <time>2025-04-15T12:48:02.154Z</time>
      </trkpt>
      <trkpt lat="43.352307" lon="40.414538">
        <ele>116.744958</ele>
        <time>2025-04-15T12:48:08.986Z</time>
      </trkpt>
      <trkpt lat="43.352476" lon="40.414836">
        <ele>117.064137</ele>
        <time>2025-04-15T12:48:13.867Z</time>
      </trkpt>
      <trkpt lat="43.352613" lon="40.415148">
        <ele>117.941350</ele>
        <time>2025-04-15T12:48:19.149Z</time>
      </trkpt>
      <trkpt lat="43.352665" lon="40.415374">
        <ele>118.511864</ele>
        <time>2025-04-15T12:48:22.846Z</time>
      </trkpt>
      <trkpt lat="43.352708" lon="40.415867">
        <ele>119.706913</ele>
        <time>2025-04-15T12:48:31.219Z</time>
      </trkpt>
      <trkpt lat="43.352727" lon="40.416087">
        <ele>120.240127</ele>
        <time>2025-04-15T12:48:35.199Z</time>
      </trkpt>
      <trkpt lat="43.352971" lon="40.418624">
        <ele>125.947887</ele>
        <time>2025-04-15T12:49:16.442Z</time>
      </trkpt>
      <trkpt lat="43.353058" lon="40.419117">
        <ele>127.021849</ele>
        <time>2025-04-15T12:49:22.892Z</time>
      </trkpt>
      <trkpt lat="43.353271" lon="40.419726">
        <ele>128.518782</ele>
        <time>2025-04-15T12:49:31.000Z</time>
      </trkpt>
      <trkpt lat="43.353394" lon="40.419943">
        <ele>129.169543</ele>
        <time>2025-04-15T12:49:34.166Z</time>
      </trkpt>
      <trkpt lat="43.354162" lon="40.420886">
        <ele>132.518426</ele>
        <time>2025-04-15T12:49:55.623Z</time>
      </trkpt>
      <trkpt lat="43.354334" lon="40.421059">
        <ele>133.211556</ele>
        <time>2025-04-15T12:50:01.337Z</time>
      </trkpt>
      <trkpt lat="43.354810" lon="40.421374">
        <ele>134.720109</ele>
        <time>2025-04-15T12:50:15.498Z</time>
      </trkpt>
      <trkpt lat="43.355020" lon="40.421601">
        <ele>135.436142</ele>
        <time>2025-04-15T12:50:22.198Z</time>
      </trkpt>
      <trkpt lat="43.355105" lon="40.421743">
        <ele>135.794658</ele>
        <time>2025-04-15T12:50:25.355Z</time>
      </trkpt>
      <trkpt lat="43.355362" lon="40.422415">
        <ele>137.274660</ele>
        <time>2025-04-15T12:50:36.247Z</time>
      </trkpt>
      <trkpt lat="43.355696" lon="40.423163">
        <ele>138.372147</ele>
        <time>2025-04-15T12:50:44.426Z</time>
      </trkpt>
      <trkpt lat="43.355904" lon="40.423509">
        <ele>137.988460</ele>
        <time>2025-04-15T12:50:47.952Z</time>
      </trkpt>
      <trkpt lat="43.356831" lon="40.424797">
        <ele>136.432974</ele>
        <time>2025-04-15T12:51:02.586Z</time>
      </trkpt>
      <trkpt lat="43.357033" lon="40.425256">
        <ele>135.410718</ele>
        <time>2025-04-15T12:51:07.061Z</time>
      </trkpt>
      <trkpt lat="43.357289" lon="40.426220">
        <ele>133.455333</ele>
        <time>2025-04-15T12:51:14.690Z</time>
      </trkpt>
      <trkpt lat="43.357384" lon="40.427014">
        <ele>131.922182</ele>
        <time>2025-04-15T12:51:20.275Z</time>
      </trkpt>
      <trkpt lat="43.357467" lon="40.427468">
        <ele>130.840100</ele>
        <time>2025-04-15T12:51:23.430Z</time>
      </trkpt>
      <trkpt lat="43.358424" lon="40.429819">
        <ele>125.606720</ele>
        <time>2025-04-15T12:51:42.522Z</time>
      </trkpt>
      <trkpt lat="43.358593" lon="40.430287">
        <ele>125.487683</ele>
        <time>2025-04-15T12:51:46.977Z</time>
      </trkpt>
      <trkpt lat="43.359806" lon="40.433321">
        <ele>130.227463</ele>
        <time>2025-04-15T12:52:28.858Z</time>
      </trkpt>
      <trkpt lat="43.360299" lon="40.434909">
        <ele>141.678881</ele>
        <time>2025-04-15T12:53:17.112Z</time>
      </trkpt>
      <trkpt lat="43.360433" lon="40.435243">
        <ele>144.654505</ele>
        <time>2025-04-15T12:53:29.020Z</time>
      </trkpt>
      <trkpt lat="43.360571" lon="40.435499">
        <ele>147.140366</ele>
        <time>2025-04-15T12:53:38.974Z</time>
      </trkpt>
      <trkpt lat="43.360814" lon="40.436218">
        <ele>153.483018</ele>
        <time>2025-04-15T12:54:03.808Z</time>
      </trkpt>
      <trkpt lat="43.361057" lon="40.437533">
        <ele>164.642583</ele>
        <time>2025-04-15T12:54:45.330Z</time>
      </trkpt>
      <trkpt lat="43.361514" lon="40.440518">
        <ele>183.334670</ele>
        <time>2025-04-15T12:56:06.608Z</time>
      </trkpt>
      <trkpt lat="43.361676" lon="40.441382">
        <ele>176.964605</ele>
        <time>2025-04-15T12:56:13.164Z</time>
      </trkpt>
      <trkpt lat="43.361883" lon="40.441961">
        <ele>170.465657</ele>
        <time>2025-04-15T12:56:16.832Z</time>
      </trkpt>
      <trkpt lat="43.362012" lon="40.442228">
        <ele>167.236624</ele>
        <time>2025-04-15T12:56:18.605Z</time>
      </trkpt>
      <trkpt lat="43.362304" lon="40.442674">
        <ele>161.191266</ele>
        <time>2025-04-15T12:56:21.917Z</time>
      </trkpt>
      <trkpt lat="43.362563" lon="40.442869">
        <ele>157.293624</ele>
        <time>2025-04-15T12:56:24.167Z</time>
      </trkpt>
      <trkpt lat="43.362850" lon="40.443028">
        <ele>153.377338</ele>
        <time>2025-04-15T12:56:26.516Z</time>
      </trkpt>
      <trkpt lat="43.363097" lon="40.443233">
        <ele>149.725891</ele>
        <time>2025-04-15T12:56:28.708Z</time>
      </trkpt>
      <trkpt lat="43.363240" lon="40.443532">
        <ele>146.432464</ele>
        <time>2025-04-15T12:56:30.732Z</time>
      </trkpt>
      <trkpt lat="43.363507" lon="40.444401">
        <ele>137.750983</ele>
        <time>2025-04-15T12:56:36.959Z</time>
      </trkpt>
      <trkpt lat="43.363604" lon="40.444819">
        <ele>137.412258</ele>
        <time>2025-04-15T12:56:44.167Z</time>
      </trkpt>
      <trkpt lat="43.363717" lon="40.445487">
        <ele>139.277371</ele>
        <time>2025-04-15T12:56:59.166Z</time>
      </trkpt>
      <trkpt lat="43.363798" lon="40.446506">
        <ele>142.064990</ele>
        <time>2025-04-15T12:57:20.043Z</time>
      </trkpt>
      <trkpt lat="43.363918" lon="40.446973">
        <ele>143.231552</ele>
        <time>2025-04-15T12:57:27.150Z</time>
      </trkpt>
      <trkpt lat="43.364132" lon="40.447461">
        <ele>142.360775</ele>
        <time>2025-04-15T12:57:32.812Z</time>
      </trkpt>
      <trkpt lat="43.364458" lon="40.448378">
        <ele>140.801115</ele>
        <time>2025-04-15T12:57:40.131Z</time>
      </trkpt>
      <trkpt lat="43.364629" lon="40.449108">
        <ele>139.629261</ele>
        <time>2025-04-15T12:57:45.265Z</time>
      </trkpt>
      <trkpt lat="43.364710" lon="40.449615">
        <ele>138.321303</ele>
        <time>2025-04-15T12:57:48.780Z</time>
      </trkpt>
      <trkpt lat="43.364911" lon="40.450406">
        <ele>136.071952</ele>
        <time>2025-04-15T12:57:54.555Z</time>
      </trkpt>
      <trkpt lat="43.365503" lon="40.452160">
        <ele>132.397719</ele>
        <time>2025-04-15T12:58:08.192Z</time>
      </trkpt>
      <trkpt lat="43.365592" lon="40.452500">
        <ele>132.165618</ele>
        <time>2025-04-15T12:58:11.128Z</time>
      </trkpt>
      <trkpt lat="43.365657" lon="40.453125">
        <ele>131.760105</ele>
        <time>2025-04-15T12:58:17.057Z</time>
      </trkpt>
      <trkpt lat="43.365575" lon="40.454189">
        <ele>131.352012</ele>
        <time>2025-04-15T12:58:29.685Z</time>
      </trkpt>
      <trkpt lat="43.365613" lon="40.454481">
        <ele>131.411336</ele>
        <time>2025-04-15T12:58:33.342Z</time>
      </trkpt>
      <trkpt lat="43.365674" lon="40.454748">
        <ele>131.467306</ele>
        <time>2025-04-15T12:58:36.736Z</time>
      </trkpt>
      <trkpt lat="43.365802" lon="40.455036">
        <ele>131.534811</ele>
        <time>2025-04-15T12:58:40.598Z</time>
      </trkpt>
      <trkpt lat="43.366406" lon="40.455772">
        <ele>131.756781</ele>
        <time>2025-04-15T12:58:50.906Z</time>
      </trkpt>
      <trkpt lat="43.366844" lon="40.456219">
        <ele>131.722439</ele>
        <time>2025-04-15T12:58:56.928Z</time>
      </trkpt>
      <trkpt lat="43.367336" lon="40.456593">
        <ele>131.651325</ele>
        <time>2025-04-15T12:59:03.467Z</time>
      </trkpt>
      <trkpt lat="43.367484" lon="40.456627">
        <ele>131.632342</ele>
        <time>2025-04-15T12:59:05.370Z</time>
      </trkpt>
      <trkpt lat="43.367595" lon="40.456599">
        <ele>131.618066</ele>
        <time>2025-04-15T12:59:06.873Z</time>
      </trkpt>
      <trkpt lat="43.367715" lon="40.456610">
        <ele>131.602851</ele>
        <time>2025-04-15T12:59:08.545Z</time>
      </trkpt>
      <trkpt lat="43.367818" lon="40.456650">
        <ele>131.589311</ele>
        <time>2025-04-15T12:59:10.107Z</time>
      </trkpt>
      <trkpt lat="43.367995" lon="40.456791">
        <ele>131.563435</ele>
        <time>2025-04-15T12:59:13.297Z</time>
      </trkpt>
      <trkpt lat="43.368226" lon="40.457046">
        <ele>133.009337</ele>
        <time>2025-04-15T12:59:18.405Z</time>
      </trkpt>
      <trkpt lat="43.368436" lon="40.457506">
        <ele>135.703085</ele>
        <time>2025-04-15T12:59:26.161Z</time>
      </trkpt>
      <trkpt lat="43.368957" lon="40.457967">
        <ele>139.929050</ele>
        <time>2025-04-15T12:59:42.166Z</time>
      </trkpt>
      <trkpt lat="43.369052" lon="40.458103">
        <ele>140.864396</ele>
        <time>2025-04-15T12:59:46.984Z</time>
      </trkpt>
      <trkpt lat="43.369266" lon="40.458509">
        <ele>143.351364</ele>
        <time>2025-04-15T13:00:02.446Z</time>
      </trkpt>
      <trkpt lat="43.369496" lon="40.459055">
        <ele>151.028476</ele>
        <time>2025-04-15T13:00:26.217Z</time>
      </trkpt>
      <trkpt lat="43.369656" lon="40.459237">
        <ele>154.868283</ele>
        <time>2025-04-15T13:00:38.462Z</time>
      </trkpt>
      <trkpt lat="43.369962" lon="40.459440">
        <ele>161.151417</ele>
        <time>2025-04-15T13:01:00.194Z</time>
      </trkpt>
      <trkpt lat="43.371471" lon="40.460711">
        <ele>187.805656</ele>
        <time>2025-04-15T13:02:49.264Z</time>
      </trkpt>
      <trkpt lat="43.373043" lon="40.461988">
        <ele>200.291836</ele>
        <time>2025-04-15T13:03:28.620Z</time>
      </trkpt>
      <trkpt lat="43.373415" lon="40.462211">
        <ele>201.145528</ele>
        <time>2025-04-15T13:03:33.385Z</time>
      </trkpt>
      <trkpt lat="43.374296" lon="40.462665">
        <ele>204.060593</ele>
        <time>2025-04-15T13:03:48.820Z</time>
      </trkpt>
      <trkpt lat="43.374546" lon="40.462777">
        <ele>205.123626</ele>
        <time>2025-04-15T13:03:56.996Z</time>
      </trkpt>
      <trkpt lat="43.375116" lon="40.462938">
        <ele>207.476297</ele>
        <time>2025-04-15T13:04:15.017Z</time>
      </trkpt>
      <trkpt lat="43.375584" lon="40.463088">
        <ele>209.371309</ele>
        <time>2025-04-15T13:04:28.552Z</time>
      </trkpt>
      <trkpt lat="43.377565" lon="40.462843">
        <ele>209.156678</ele>
        <time>2025-04-15T13:04:48.184Z</time>
      </trkpt>
      <trkpt lat="43.378159" lon="40.462768">
        <ele>214.543754</ele>
        <time>2025-04-15T13:05:04.722Z</time>
      </trkpt>
      <trkpt lat="43.378267" lon="40.462909">
        <ele>215.888370</ele>
        <time>2025-04-15T13:05:11.466Z</time>
      </trkpt>
      <trkpt lat="43.378422" lon="40.463229">
        <ele>218.412613</ele>
        <time>2025-04-15T13:05:25.341Z</time>
      </trkpt>
      <trkpt lat="43.378836" lon="40.464213">
        <ele>223.928568</ele>
        <time>2025-04-15T13:06:08.989Z</time>
      </trkpt>
      <trkpt lat="43.379019" lon="40.464481">
        <ele>224.278904</ele>
        <time>2025-04-15T13:06:18.728Z</time>
      </trkpt>
      <trkpt lat="43.379187" lon="40.464658">
        <ele>224.556269</ele>
        <time>2025-04-15T13:06:22.544Z</time>
      </trkpt>
      <trkpt lat="43.379405" lon="40.464819">
        <ele>224.880591</ele>
        <time>2025-04-15T13:06:25.221Z</time>
      </trkpt>
      <trkpt lat="43.380137" lon="40.465185">
        <ele>225.901495</ele>
        <time>2025-04-15T13:06:31.770Z</time>
      </trkpt>
      <trkpt lat="43.381378" lon="40.466087">
        <ele>219.148248</ele>
        <time>2025-04-15T13:06:45.492Z</time>
      </trkpt>
      <trkpt lat="43.381453" lon="40.466150">
        <ele>218.709128</ele>
        <time>2025-04-15T13:06:46.388Z</time>
      </trkpt>
      <trkpt lat="43.381536" lon="40.466158">
        <ele>218.293341</ele>
        <time>2025-04-15T13:06:47.155Z</time>
      </trkpt>
      <trkpt lat="43.382123" lon="40.466222">
        <ele>214.004655</ele>
        <time>2025-04-15T13:06:52.105Z</time>
      </trkpt>
      <trkpt lat="43.382415" lon="40.466254">
        <ele>211.321952</ele>
        <time>2025-04-15T13:06:54.442Z</time>
      </trkpt>
      <trkpt lat="43.383032" lon="40.466311">
        <ele>205.658537</ele>
        <time>2025-04-15T13:06:59.311Z</time>
      </trkpt>
      <trkpt lat="43.383397" lon="40.466181">
        <ele>202.205570</ele>
        <time>2025-04-15T13:07:02.365Z</time>
      </trkpt>
      <trkpt lat="43.383958" lon="40.465826">
        <ele>202.603252</ele>
        <time>2025-04-15T13:07:08.480Z</time>
      </trkpt>
      <trkpt lat="43.384271" lon="40.465556">
        <ele>204.411804</ele>
        <time>2025-04-15T13:07:17.859Z</time>
      </trkpt>
      <trkpt lat="43.384570" lon="40.465226">
        <ele>206.288297</ele>
        <time>2025-04-15T13:07:31.672Z</time>
      </trkpt>
      <trkpt lat="43.384655" lon="40.465076">
        <ele>206.965043</ele>
        <time>2025-04-15T13:07:37.320Z</time>
      </trkpt>
      <trkpt lat="43.385134" lon="40.463500">
        <ele>212.262595</ele>
        <time>2025-04-15T13:08:23.694Z</time>
      </trkpt>
      <trkpt lat="43.385241" lon="40.463288">
        <ele>212.989460</ele>
        <time>2025-04-15T13:08:27.759Z</time>
      </trkpt>
      <trkpt lat="43.385562" lon="40.462883">
        <ele>214.677045</ele>
        <time>2025-04-15T13:08:34.143Z</time>
      </trkpt>
      <trkpt lat="43.385931" lon="40.462574">
        <ele>216.215344</ele>
        <time>2025-04-15T13:08:38.504Z</time>
      </trkpt>
      <trkpt lat="43.386382" lon="40.462284">
        <ele>214.918102</ele>
        <time>2025-04-15T13:08:43.161Z</time>
      </trkpt>
      <trkpt lat="43.386616" lon="40.462058">
        <ele>214.173115</ele>
        <time>2025-04-15T13:08:45.891Z</time>
      </trkpt>
      <trkpt lat="43.386707" lon="40.461911">
        <ele>213.807421</ele>
        <time>2025-04-15T13:08:47.273Z</time>
      </trkpt>
      <trkpt lat="43.387122" lon="40.460953">
        <ele>211.695323</ele>
        <time>2025-04-15T13:08:55.885Z</time>
      </trkpt>
      <trkpt lat="43.387270" lon="40.460665">
        <ele>211.203891</ele>
        <time>2025-04-15T13:08:58.688Z</time>
      </trkpt>
      <trkpt lat="43.387373" lon="40.460503">
        <ele>210.925831</ele>
        <time>2025-04-15T13:09:00.398Z</time>
      </trkpt>
      <trkpt lat="43.387506" lon="40.460392">
        <ele>210.649328</ele>
        <time>2025-04-15T13:09:02.068Z</time>
      </trkpt>
      <trkpt lat="43.388213" lon="40.460137">
        <ele>209.350128</ele>
        <time>2025-04-15T13:09:09.515Z</time>
      </trkpt>
      <trkpt lat="43.389094" lon="40.459884">
        <ele>209.062871</ele>
        <time>2025-04-15T13:09:19.441Z</time>
      </trkpt>
      <trkpt lat="43.389780" lon="40.459646">
        <ele>210.403767</ele>
        <time>2025-04-15T13:09:31.403Z</time>
      </trkpt>
      <trkpt lat="43.390129" lon="40.459603">
        <ele>211.067890</ele>
        <time>2025-04-15T13:09:38.659Z</time>
      </trkpt>
      <trkpt lat="43.391611" lon="40.459540">
        <ele>217.709861</ele>
        <time>2025-04-15T13:10:16.434Z</time>
      </trkpt>
      <trkpt lat="43.391783" lon="40.459494">
        <ele>218.652713</ele>
        <time>2025-04-15T13:10:21.352Z</time>
      </trkpt>
      <trkpt lat="43.392632" lon="40.459136">
        <ele>223.591120</ele>
        <time>2025-04-15T13:10:46.264Z</time>
      </trkpt>
      <trkpt lat="43.393636" lon="40.458648">
        <ele>229.789781</ele>
        <time>2025-04-15T13:11:16.438Z</time>
      </trkpt>
      <trkpt lat="43.393761" lon="40.458541">
        <ele>230.646758</ele>
        <time>2025-04-15T13:11:20.624Z</time>
      </trkpt>
      <trkpt lat="43.394571" lon="40.457132">
        <ele>234.581902</ele>
        <time>2025-04-15T13:11:51.728Z</time>
      </trkpt>
      <trkpt lat="43.394773" lon="40.456960">
        <ele>235.160658</ele>
        <time>2025-04-15T13:11:54.772Z</time>
      </trkpt>
      <trkpt lat="43.395045" lon="40.456875">
        <ele>235.840249</ele>
        <time>2025-04-15T13:11:58.088Z</time>
      </trkpt>
      <trkpt lat="43.395754" lon="40.456760">
        <ele>237.319546</ele>
        <time>2025-04-15T13:12:05.780Z</time>
      </trkpt>
      <trkpt lat="43.397915" lon="40.456750">
        <ele>246.446856</ele>
        <time>2025-04-15T13:12:52.252Z</time>
      </trkpt>
      <trkpt lat="43.398105" lon="40.456790">
        <ele>247.904199</ele>
        <time>2025-04-15T13:13:01.411Z</time>
      </trkpt>
      <trkpt lat="43.398286" lon="40.456899">
        <ele>249.402174</ele>
        <time>2025-04-15T13:13:10.941Z</time>
      </trkpt>
      <trkpt lat="43.398904" lon="40.457384">
        <ele>254.599788</ele>
        <time>2025-04-15T13:13:39.482Z</time>
      </trkpt>
      <trkpt lat="43.399127" lon="40.457479">
        <ele>256.114130</ele>
        <time>2025-04-15T13:13:46.910Z</time>
      </trkpt>
      <trkpt lat="43.400189" lon="40.457133">
        <ele>263.193837</ele>
        <time>2025-04-15T13:14:11.506Z</time>
      </trkpt>
      <trkpt lat="43.400386" lon="40.457154">
        <ele>264.475626</ele>
        <time>2025-04-15T13:14:14.617Z</time>
      </trkpt>
      <trkpt lat="43.400722" lon="40.457319">
        <ele>269.604518</ele>
        <time>2025-04-15T13:14:24.017Z</time>
      </trkpt>
      <trkpt lat="43.401551" lon="40.457933">
        <ele>285.910721</ele>
        <time>2025-04-15T13:15:20.643Z</time>
      </trkpt>
      <trkpt lat="43.401714" lon="40.458126">
        <ele>289.635029</ele>
        <time>2025-04-15T13:15:35.456Z</time>
      </trkpt>
      <trkpt lat="43.401838" lon="40.458383">
        <ele>293.517489</ele>
        <time>2025-04-15T13:15:50.793Z</time>
      </trkpt>
      <trkpt lat="43.402054" lon="40.459009">
        <ele>298.809510</ele>
        <time>2025-04-15T13:16:23.105Z</time>
      </trkpt>
      <trkpt lat="43.402291" lon="40.459301">
        <ele>301.159528</ele>
        <time>2025-04-15T13:16:39.613Z</time>
      </trkpt>
      <trkpt lat="43.403820" lon="40.460485">
        <ele>308.900421</ele>
        <time>2025-04-15T13:17:01.792Z</time>
      </trkpt>
      <trkpt lat="43.404671" lon="40.460993">
        <ele>307.931072</ele>
        <time>2025-04-15T13:17:11.940Z</time>
      </trkpt>
      <trkpt lat="43.405631" lon="40.461384">
        <ele>307.057176</ele>
        <time>2025-04-15T13:17:23.392Z</time>
      </trkpt>
      <trkpt lat="43.405903" lon="40.461454">
        <ele>306.831657</ele>
        <time>2025-04-15T13:17:26.051Z</time>
      </trkpt>
      <trkpt lat="43.406041" lon="40.461460">
        <ele>306.719132</ele>
        <time>2025-04-15T13:17:27.369Z</time>
      </trkpt>
      <trkpt lat="43.406670" lon="40.461371">
        <ele>306.203801</ele>
        <time>2025-04-15T13:17:34.884Z</time>
      </trkpt>
      <trkpt lat="43.406876" lon="40.461375">
        <ele>307.567942</ele>
        <time>2025-04-15T13:17:38.840Z</time>
      </trkpt>
      <trkpt lat="43.407094" lon="40.461488">
        <ele>309.130849</ele>
        <time>2025-04-15T13:17:44.693Z</time>
      </trkpt>
      <trkpt lat="43.408292" lon="40.462385">
        <ele>318.273711</ele>
        <time>2025-04-15T13:18:35.506Z</time>
      </trkpt>
      <trkpt lat="43.409481" lon="40.462663">
        <ele>321.258540</ele>
        <time>2025-04-15T13:18:58.214Z</time>
      </trkpt>
      <trkpt lat="43.409585" lon="40.462708">
        <ele>321.528348</ele>
        <time>2025-04-15T13:18:59.409Z</time>
      </trkpt>
      <trkpt lat="43.410713" lon="40.463118">
        <ele>323.016425</ele>
        <time>2025-04-15T13:19:15.617Z</time>
      </trkpt>
      <trkpt lat="43.410845" lon="40.463166">
        <ele>323.075317</ele>
        <time>2025-04-15T13:19:17.701Z</time>
      </trkpt>
      <trkpt lat="43.413163" lon="40.463778">
        <ele>329.159115</ele>
        <time>2025-04-15T13:19:52.123Z</time>
      </trkpt>
      <trkpt lat="43.413557" lon="40.463928">
        <ele>330.832906</ele>
        <time>2025-04-15T13:20:08.606Z</time>
      </trkpt>
      <trkpt lat="43.413897" lon="40.464123">
        <ele>335.259840</ele>
        <time>2025-04-15T13:20:27.395Z</time>
      </trkpt>
      <trkpt lat="43.414134" lon="40.464333">
        <ele>338.690526</ele>
        <time>2025-04-15T13:20:43.896Z</time>
      </trkpt>
      <trkpt lat="43.414384" lon="40.464781">
        <ele>343.685576</ele>
        <time>2025-04-15T13:21:10.848Z</time>
      </trkpt>
      <trkpt lat="43.415053" lon="40.466390">
        <ele>343.283350</ele>
        <time>2025-04-15T13:21:50.335Z</time>
      </trkpt>
      <trkpt lat="43.415296" lon="40.466786">
        <ele>337.355312</ele>
        <time>2025-04-15T13:21:53.212Z</time>
      </trkpt>
      <trkpt lat="43.415590" lon="40.467000">
        <ele>332.119769</ele>
        <time>2025-04-15T13:21:55.761Z</time>
      </trkpt>
      <trkpt lat="43.416034" lon="40.467154">
        <ele>324.911495</ele>
        <time>2025-04-15T13:21:59.289Z</time>
      </trkpt>
      <trkpt lat="43.416208" lon="40.467253">
        <ele>322.390257</ele>
        <time>2025-04-15T13:22:00.737Z</time>
      </trkpt>
      <trkpt lat="43.416286" lon="40.467476">
        <ele>320.062930</ele>
        <time>2025-04-15T13:22:02.112Z</time>
      </trkpt>
      <trkpt lat="43.416223" lon="40.469050">
        <ele>305.240060</ele>
        <time>2025-04-15T13:22:11.520Z</time>
      </trkpt>
      <trkpt lat="43.416342" lon="40.469429">
        <ele>301.357611</ele>
        <time>2025-04-15T13:22:14.571Z</time>
      </trkpt>
      <trkpt lat="43.416930" lon="40.470174">
        <ele>301.613428</ele>
        <time>2025-04-15T13:22:22.325Z</time>
      </trkpt>
      <trkpt lat="43.417159" lon="40.470799">
        <ele>301.910822</ele>
        <time>2025-04-15T13:22:29.260Z</time>
      </trkpt>
      <trkpt lat="43.417277" lon="40.471392">
        <ele>302.172035</ele>
        <time>2025-04-15T13:22:41.489Z</time>
      </trkpt>
      <trkpt lat="43.417253" lon="40.472634">
        <ele>305.222320</ele>
        <time>2025-04-15T13:23:13.943Z</time>
      </trkpt>
      <trkpt lat="43.417387" lon="40.473340">
        <ele>307.119477</ele>
        <time>2025-04-15T13:23:27.300Z</time>
      </trkpt>
      <trkpt lat="43.419002" lon="40.474812">
        <ele>302.206858</ele>
        <time>2025-04-15T13:23:44.426Z</time>
      </trkpt>
      <trkpt lat="43.419755" lon="40.476163">
        <ele>306.192157</ele>
        <time>2025-04-15T13:23:59.973Z</time>
      </trkpt>
      <trkpt lat="43.420521" lon="40.478800">
        <ele>333.110758</ele>
        <time>2025-04-15T13:25:30.455Z</time>
      </trkpt>
      <trkpt lat="43.420692" lon="40.479456">
        <ele>342.396005</ele>
        <time>2025-04-15T13:26:05.266Z</time>
      </trkpt>
      <trkpt lat="43.420772" lon="40.480070">
        <ele>352.706444</ele>
        <time>2025-04-15T13:26:36.674Z</time>
      </trkpt>
      <trkpt lat="43.420779" lon="40.480395">
        <ele>358.301827</ele>
        <time>2025-04-15T13:26:53.035Z</time>
      </trkpt>
      <trkpt lat="43.420770" lon="40.480904">
        <ele>367.063802</ele>
        <time>2025-04-15T13:27:18.582Z</time>
      </trkpt>
      <trkpt lat="43.420794" lon="40.481003">
        <ele>368.859883</ele>
        <time>2025-04-15T13:27:23.811Z</time>
      </trkpt>
      <trkpt lat="43.421406" lon="40.482934">
        <ele>390.533945</ele>
        <time>2025-04-15T13:28:40.827Z</time>
      </trkpt>
      <trkpt lat="43.421623" lon="40.483457">
        <ele>392.794396</ele>
        <time>2025-04-15T13:28:47.468Z</time>
      </trkpt>
      <trkpt lat="43.421836" lon="40.483732">
        <ele>394.303164</ele>
        <time>2025-04-15T13:28:50.632Z</time>
      </trkpt>
      <trkpt lat="43.423773" lon="40.485475">
        <ele>380.573829</ele>
        <time>2025-04-15T13:29:10.361Z</time>
      </trkpt>
      <trkpt lat="43.424193" lon="40.485977">
        <ele>375.240771</ele>
        <time>2025-04-15T13:29:14.869Z</time>
      </trkpt>
      <trkpt lat="43.424498" lon="40.486517">
        <ele>370.476759</ele>
        <time>2025-04-15T13:29:18.873Z</time>
      </trkpt>
      <trkpt lat="43.424832" lon="40.487238">
        <ele>364.973891</ele>
        <time>2025-04-15T13:29:23.948Z</time>
      </trkpt>
      <trkpt lat="43.425039" lon="40.487984">
        <ele>361.826760</ele>
        <time>2025-04-15T13:29:28.875Z</time>
      </trkpt>
      <trkpt lat="43.425266" lon="40.488953">
        <ele>357.814359</ele>
        <time>2025-04-15T13:29:35.449Z</time>
      </trkpt>
      <trkpt lat="43.425451" lon="40.490159">
        <ele>361.142659</ele>
        <time>2025-04-15T13:29:45.625Z</time>
      </trkpt>
      <trkpt lat="43.425547" lon="40.490779">
        <ele>365.826084</ele>
        <time>2025-04-15T13:30:01.272Z</time>
      </trkpt>
      <trkpt lat="43.425549" lon="40.491133">
        <ele>368.441468</ele>
        <time>2025-04-15T13:30:13.455Z</time>
      </trkpt>
      <trkpt lat="43.425507" lon="40.491397">
        <ele>370.438112</ele>
        <time>2025-04-15T13:30:24.319Z</time>
      </trkpt>
      <trkpt lat="43.424544" lon="40.493738">
        <ele>402.327137</ele>
        <time>2025-04-15T13:32:36.479Z</time>
      </trkpt>
      <trkpt lat="43.424370" lon="40.494355">
        <ele>403.097992</ele>
        <time>2025-04-15T13:32:45.449Z</time>
      </trkpt>
      <trkpt lat="43.424298" lon="40.494880">
        <ele>399.084657</ele>
        <time>2025-04-15T13:32:48.737Z</time>
      </trkpt>
      <trkpt lat="43.424252" lon="40.495470">
        <ele>394.627285</ele>
        <time>2025-04-15T13:32:52.076Z</time>
      </trkpt>
      <trkpt lat="43.424197" lon="40.496331">
        <ele>388.134730</ele>
        <time>2025-04-15T13:32:56.859Z</time>
      </trkpt>
      <trkpt lat="43.424097" lon="40.496813">
        <ele>384.310207</ele>
        <time>2025-04-15T13:32:59.648Z</time>
      </trkpt>
      <trkpt lat="43.423944" lon="40.497393">
        <ele>379.583093</ele>
        <time>2025-04-15T13:33:03.152Z</time>
      </trkpt>
      <trkpt lat="43.423755" lon="40.497965">
        <ele>374.769092</ele>
        <time>2025-04-15T13:33:06.832Z</time>
      </trkpt>
      <trkpt lat="43.422711" lon="40.500334">
        <ele>367.857933</ele>
        <time>2025-04-15T13:33:26.903Z</time>
      </trkpt>
      <trkpt lat="43.422578" lon="40.500715">
        <ele>367.744334</ele>
        <time>2025-04-15T13:33:34.642Z</time>
      </trkpt>
      <trkpt lat="43.422071" lon="40.502700">
        <ele>377.378552</ele>
        <time>2025-04-15T13:34:27.407Z</time>
      </trkpt>
      <trkpt lat="43.421971" lon="40.502946">
        <ele>378.749753</ele>
        <time>2025-04-15T13:34:32.833Z</time>
      </trkpt>
      <trkpt lat="43.421471" lon="40.503664">
        <ele>380.960367</ele>
        <time>2025-04-15T13:34:46.305Z</time>
      </trkpt>
      <trkpt lat="43.421354" lon="40.503893">
        <ele>381.387861</ele>
        <time>2025-04-15T13:34:49.098Z</time>
      </trkpt>
      <trkpt lat="43.421272" lon="40.504177">
        <ele>381.854497</ele>
        <time>2025-04-15T13:34:51.839Z</time>
      </trkpt>
      <trkpt lat="43.421248" lon="40.504496">
        <ele>382.344173</ele>
        <time>2025-04-15T13:34:54.746Z</time>
      </trkpt>
      <trkpt lat="43.421268" lon="40.505879">
        <ele>384.901968</ele>
        <time>2025-04-15T13:35:14.990Z</time>
      </trkpt>
      <trkpt lat="43.421353" lon="40.506397">
        <ele>386.106942</ele>
        <time>2025-04-15T13:35:25.084Z</time>
      </trkpt>
      <trkpt lat="43.421487" lon="40.506741">
        <ele>386.992652</ele>
        <time>2025-04-15T13:35:32.057Z</time>
      </trkpt>
      <trkpt lat="43.421560" lon="40.507002">
        <ele>387.627256</ele>
        <time>2025-04-15T13:35:36.840Z</time>
      </trkpt>
      <trkpt lat="43.421625" lon="40.508452">
        <ele>390.056744</ele>
        <time>2025-04-15T13:35:54.017Z</time>
      </trkpt>
      <trkpt lat="43.421663" lon="40.508732">
        <ele>390.385707</ele>
        <time>2025-04-15T13:35:56.209Z</time>
      </trkpt>
      <trkpt lat="43.421849" lon="40.509266">
        <ele>391.069660</ele>
        <time>2025-04-15T13:36:01.135Z</time>
      </trkpt>
      <trkpt lat="43.422074" lon="40.509791">
        <ele>391.773652</ele>
        <time>2025-04-15T13:36:08.704Z</time>
      </trkpt>
      <trkpt lat="43.422264" lon="40.510167">
        <ele>393.895944</ele>
        <time>2025-04-15T13:36:16.326Z</time>
      </trkpt>
      <trkpt lat="43.422770" lon="40.512318">
        <ele>411.326365</ele>
        <time>2025-04-15T13:37:23.494Z</time>
      </trkpt>
      <trkpt lat="43.423072" lon="40.513256">
        <ele>425.640502</ele>
        <time>2025-04-15T13:38:03.552Z</time>
      </trkpt>
      <trkpt lat="43.423301" lon="40.513859">
        <ele>435.133508</ele>
        <time>2025-04-15T13:38:33.511Z</time>
      </trkpt>
      <trkpt lat="43.423388" lon="40.514235">
        <ele>440.638803</ele>
        <time>2025-04-15T13:38:52.221Z</time>
      </trkpt>
      <trkpt lat="43.423430" lon="40.514951">
        <ele>455.691721</ele>
        <time>2025-04-15T13:39:27.804Z</time>
      </trkpt>
      <trkpt lat="43.423475" lon="40.515339">
        <ele>466.460575</ele>
        <time>2025-04-15T13:39:47.447Z</time>
      </trkpt>
      <trkpt lat="43.423645" lon="40.515838">
        <ele>481.566744</ele>
        <time>2025-04-15T13:40:15.642Z</time>
      </trkpt>
      <trkpt lat="43.423793" lon="40.516417">
        <ele>498.389749</ele>
        <time>2025-04-15T13:40:48.474Z</time>
      </trkpt>
      <trkpt lat="43.423805" lon="40.516564">
        <ele>502.444002</ele>
        <time>2025-04-15T13:40:56.352Z</time>
      </trkpt>
      <trkpt lat="43.423733" lon="40.517071">
        <ele>514.539704</ele>
        <time>2025-04-15T13:41:23.506Z</time>
      </trkpt>
      <trkpt lat="43.423638" lon="40.517412">
        <ele>518.263308</ele>
        <time>2025-04-15T13:41:42.372Z</time>
      </trkpt>
      <trkpt lat="43.423618" lon="40.517610">
        <ele>520.301416</ele>
        <time>2025-04-15T13:41:52.491Z</time>
      </trkpt>
      <trkpt lat="43.423637" lon="40.517788">
        <ele>522.135682</ele>
        <time>2025-04-15T13:42:01.464Z</time>
      </trkpt>
      <trkpt lat="43.423807" lon="40.518176">
        <ele>526.755540</ele>
        <time>2025-04-15T13:42:22.831Z</time>
      </trkpt>
      <trkpt lat="43.424015" lon="40.518487">
        <ele>531.065862</ele>
        <time>2025-04-15T13:42:31.739Z</time>
      </trkpt>
      <trkpt lat="43.424562" lon="40.519699">
        <ele>535.426477</ele>
        <time>2025-04-15T13:42:39.714Z</time>
      </trkpt>
      <trkpt lat="43.424822" lon="40.520061">
        <ele>533.114054</ele>
        <time>2025-04-15T13:42:42.806Z</time>
      </trkpt>
      <trkpt lat="43.425305" lon="40.520905">
        <ele>528.233547</ele>
        <time>2025-04-15T13:42:52.388Z</time>
      </trkpt>
      <trkpt lat="43.425538" lon="40.521256">
        <ele>527.343888</ele>
        <time>2025-04-15T13:42:58.450Z</time>
      </trkpt>
      <trkpt lat="43.426249" lon="40.521576">
        <ele>527.441802</ele>
        <time>2025-04-15T13:43:10.280Z</time>
      </trkpt>
      <trkpt lat="43.426568" lon="40.521719">
        <ele>527.485715</ele>
        <time>2025-04-15T13:43:13.509Z</time>
      </trkpt>
      <trkpt lat="43.426929" lon="40.522258">
        <ele>527.576516</ele>
        <time>2025-04-15T13:43:19.218Z</time>
      </trkpt>
      <trkpt lat="43.427298" lon="40.522919">
        <ele>528.439890</ele>
        <time>2025-04-15T13:43:34.842Z</time>
      </trkpt>
      <trkpt lat="43.428207" lon="40.525426">
        <ele>524.307585</ele>
        <time>2025-04-15T13:44:05.894Z</time>
      </trkpt>
      <trkpt lat="43.428750" lon="40.526083">
        <ele>519.413126</ele>
        <time>2025-04-15T13:44:11.535Z</time>
      </trkpt>
      <trkpt lat="43.429215" lon="40.526503">
        <ele>516.440477</ele>
        <time>2025-04-15T13:44:15.872Z</time>
      </trkpt>
      <trkpt lat="43.430077" lon="40.527073">
        <ele>512.205794</ele>
        <time>2025-04-15T13:44:25.205Z</time>
      </trkpt>
      <trkpt lat="43.430607" lon="40.527387">
        <ele>509.589554</ele>
        <time>2025-04-15T13:44:37.654Z</time>
      </trkpt>
      <trkpt lat="43.430888" lon="40.527595">
        <ele>507.909624</ele>
        <time>2025-04-15T13:44:42.185Z</time>
      </trkpt>
      <trkpt lat="43.431064" lon="40.527822">
        <ele>506.639799</ele>
        <time>2025-04-15T13:44:44.689Z</time>
      </trkpt>
      <trkpt lat="43.431305" lon="40.528312">
        <ele>504.376712</ele>
        <time>2025-04-15T13:44:48.494Z</time>
      </trkpt>
      <trkpt lat="43.431607" lon="40.528750">
        <ele>502.067094</ele>
        <time>2025-04-15T13:44:52.080Z</time>
      </trkpt>
      <trkpt lat="43.431958" lon="40.528939">
        <ele>500.099273</ele>
        <time>2025-04-15T13:44:55.126Z</time>
      </trkpt>
      <trkpt lat="43.432172" lon="40.528999">
        <ele>498.995144</ele>
        <time>2025-04-15T13:44:56.910Z</time>
      </trkpt>
      <trkpt lat="43.432364" lon="40.529211">
        <ele>497.750924</ele>
        <time>2025-04-15T13:44:58.938Z</time>
      </trkpt>
      <trkpt lat="43.432523" lon="40.529468">
        <ele>496.511372</ele>
        <time>2025-04-15T13:45:01.014Z</time>
      </trkpt>
      <trkpt lat="43.432958" lon="40.529877">
        <ele>493.848382</ele>
        <time>2025-04-15T13:45:05.862Z</time>
      </trkpt>
      <trkpt lat="43.433180" lon="40.530018">
        <ele>492.612378</ele>
        <time>2025-04-15T13:45:08.439Z</time>
      </trkpt>
      <trkpt lat="43.434288" lon="40.530240">
        <ele>497.505637</ele>
        <time>2025-04-15T13:45:28.868Z</time>
      </trkpt>
      <trkpt lat="43.434902" lon="40.530668">
        <ele>502.264117</ele>
        <time>2025-04-15T13:45:52.705Z</time>
      </trkpt>
      <trkpt lat="43.435352" lon="40.531257">
        <ele>510.626952</ele>
        <time>2025-04-15T13:46:26.203Z</time>
      </trkpt>
      <trkpt lat="43.436059" lon="40.532291">
        <ele>528.464635</ele>
        <time>2025-04-15T13:47:32.874Z</time>
      </trkpt>
      <trkpt lat="43.436446" lon="40.532612">
        <ele>536.175264</ele>
        <time>2025-04-15T13:47:54.016Z</time>
      </trkpt>
      <trkpt lat="43.437846" lon="40.533132">
        <ele>559.296378</ele>
        <time>2025-04-15T13:48:47.975Z</time>
      </trkpt>
      <trkpt lat="43.438202" lon="40.533401">
        <ele>567.196011</ele>
        <time>2025-04-15T13:49:15.991Z</time>
      </trkpt>
      <trkpt lat="43.438493" lon="40.534179">
        <ele>584.088743</ele>
        <time>2025-04-15T13:50:01.068Z</time>
      </trkpt>
      <trkpt lat="43.438717" lon="40.534488">
        <ele>592.516854</ele>
        <time>2025-04-15T13:50:23.493Z</time>
      </trkpt>
      <trkpt lat="43.439064" lon="40.534804">
        <ele>603.575548</ele>
        <time>2025-04-15T13:50:52.274Z</time>
      </trkpt>
      <trkpt lat="43.439926" lon="40.534889">
        <ele>606.906967</ele>
        <time>2025-04-15T13:51:08.996Z</time>
      </trkpt>
      <trkpt lat="43.440570" lon="40.534480">
        <ele>601.235381</ele>
        <time>2025-04-15T13:51:14.385Z</time>
      </trkpt>
      <trkpt lat="43.441174" lon="40.534596">
        <ele>597.592608</ele>
        <time>2025-04-15T13:51:19.114Z</time>
      </trkpt>
      <trkpt lat="43.441908" lon="40.534835">
        <ele>602.095115</ele>
        <time>2025-04-15T13:51:34.064Z</time>
      </trkpt>
      <trkpt lat="43.442221" lon="40.535097">
        <ele>604.281638</ele>
        <time>2025-04-15T13:51:54.393Z</time>
      </trkpt>
      <trkpt lat="43.442887" lon="40.535529">
        <ele>606.870887</ele>
        <time>2025-04-15T13:52:33.710Z</time>
      </trkpt>
      <trkpt lat="43.443066" lon="40.535737">
        <ele>605.381082</ele>
        <time>2025-04-15T13:52:40.457Z</time>
      </trkpt>
      <trkpt lat="43.443565" lon="40.536061">
        <ele>601.871723</ele>
        <time>2025-04-15T13:52:45.466Z</time>
      </trkpt>
      <trkpt lat="43.444353" lon="40.536234">
        <ele>596.795705</ele>
        <time>2025-04-15T13:52:51.604Z</time>
      </trkpt>
      <trkpt lat="43.444852" lon="40.536461">
        <ele>592.372280</ele>
        <time>2025-04-15T13:52:55.626Z</time>
      </trkpt>
      <trkpt lat="43.445104" lon="40.536770">
        <ele>589.428488</ele>
        <time>2025-04-15T13:52:58.301Z</time>
      </trkpt>
      <trkpt lat="43.446037" lon="40.537710">
        <ele>579.806907</ele>
        <time>2025-04-15T13:53:09.984Z</time>
      </trkpt>
      <trkpt lat="43.446478" lon="40.537920">
        <ele>577.162788</ele>
        <time>2025-04-15T13:53:14.616Z</time>
      </trkpt>
      <trkpt lat="43.446834" lon="40.538450">
        <ele>574.192272</ele>
        <time>2025-04-15T13:53:19.230Z</time>
      </trkpt>
      <trkpt lat="43.447164" lon="40.538633">
        <ele>572.176415</ele>
        <time>2025-04-15T13:53:22.238Z</time>
      </trkpt>
      <trkpt lat="43.447494" lon="40.538867">
        <ele>570.169106</ele>
        <time>2025-04-15T13:53:25.303Z</time>
      </trkpt>
      <trkpt lat="43.447835" lon="40.539182">
        <ele>568.398070</ele>
        <time>2025-04-15T13:53:28.718Z</time>
      </trkpt>
      <trkpt lat="43.448307" lon="40.539659">
        <ele>565.872928</ele>
        <time>2025-04-15T13:53:33.999Z</time>
      </trkpt>
      <trkpt lat="43.448363" lon="40.539747">
        <ele>565.506473</ele>
        <time>2025-04-15T13:53:34.867Z</time>
      </trkpt>
      <trkpt lat="43.448386" lon="40.539882">
        <ele>565.072232</ele>
        <time>2025-04-15T13:53:35.919Z</time>
      </trkpt>
      <trkpt lat="43.448412" lon="40.540241">
        <ele>563.942433</ele>
        <time>2025-04-15T13:53:38.938Z</time>
      </trkpt>
      <trkpt lat="43.448489" lon="40.540506">
        <ele>563.048580</ele>
        <time>2025-04-15T13:53:41.686Z</time>
      </trkpt>
      <trkpt lat="43.448637" lon="40.540737">
        <ele>562.937264</ele>
        <time>2025-04-15T13:53:44.763Z</time>
      </trkpt>
      <trkpt lat="43.448788" lon="40.540901">
        <ele>563.226577</ele>
        <time>2025-04-15T13:53:47.428Z</time>
      </trkpt>
      <trkpt lat="43.449129" lon="40.541172">
        <ele>563.818892</ele>
        <time>2025-04-15T13:53:52.985Z</time>
      </trkpt>
      <trkpt lat="43.450053" lon="40.541725">
        <ele>565.334635</ele>
        <time>2025-04-15T13:54:09.024Z</time>
      </trkpt>
      <trkpt lat="43.451520" lon="40.543106">
        <ele>576.943129</ele>
        <time>2025-04-15T13:55:03.642Z</time>
      </trkpt>
      <trkpt lat="43.451692" lon="40.543314">
        <ele>578.602862</ele>
        <time>2025-04-15T13:55:11.595Z</time>
      </trkpt>
      <trkpt lat="43.452569" lon="40.544759">
        <ele>588.922510</ele>
        <time>2025-04-15T13:55:55.540Z</time>
      </trkpt>
      <trkpt lat="43.452703" lon="40.544883">
        <ele>590.140879</ele>
        <time>2025-04-15T13:56:00.559Z</time>
      </trkpt>
      <trkpt lat="43.452869" lon="40.544970">
        <ele>591.328200</ele>
        <time>2025-04-15T13:56:05.974Z</time>
      </trkpt>
      <trkpt lat="43.453027" lon="40.545017">
        <ele>592.108168</ele>
        <time>2025-04-15T13:56:10.782Z</time>
      </trkpt>
      <trkpt lat="43.453450" lon="40.545029">
        <ele>594.149695</ele>
        <time>2025-04-15T13:56:22.109Z</time>
      </trkpt>
      <trkpt lat="43.453519" lon="40.545093">
        <ele>594.551079</ele>
        <time>2025-04-15T13:56:24.119Z</time>
      </trkpt>
      <trkpt lat="43.453545" lon="40.545206">
        <ele>594.966306</ele>
        <time>2025-04-15T13:56:26.141Z</time>
      </trkpt>
      <trkpt lat="43.453534" lon="40.545341">
        <ele>595.442157</ele>
        <time>2025-04-15T13:56:28.356Z</time>
      </trkpt>
      <trkpt lat="43.453479" lon="40.545426">
        <ele>595.841007</ele>
        <time>2025-04-15T13:56:30.182Z</time>
      </trkpt>
      <trkpt lat="43.453350" lon="40.545465">
        <ele>596.478283</ele>
        <time>2025-04-15T13:56:33.137Z</time>
      </trkpt>
      <trkpt lat="43.453204" lon="40.545463">
        <ele>597.182809</ele>
        <time>2025-04-15T13:56:36.366Z</time>
      </trkpt>
      <trkpt lat="43.452616" lon="40.545152">
        <ele>600.587584</ele>
        <time>2025-04-15T13:56:50.098Z</time>
      </trkpt>
      <trkpt lat="43.452403" lon="40.545058">
        <ele>602.477979</ele>
        <time>2025-04-15T13:56:55.081Z</time>
      </trkpt>
      <trkpt lat="43.452196" lon="40.545006">
        <ele>604.256387</ele>
        <time>2025-04-15T13:57:00.170Z</time>
      </trkpt>
      <trkpt lat="43.452002" lon="40.544985">
        <ele>605.901119</ele>
        <time>2025-04-15T13:57:05.413Z</time>
      </trkpt>
      <trkpt lat="43.451636" lon="40.545071">
        <ele>609.039214</ele>
        <time>2025-04-15T13:57:17.726Z</time>
      </trkpt>
      <trkpt lat="43.451444" lon="40.545173">
        <ele>610.778490</ele>
        <time>2025-04-15T13:57:25.863Z</time>
      </trkpt>
      <trkpt lat="43.451318" lon="40.545331">
        <ele>612.218609</ele>
        <time>2025-04-15T13:57:33.199Z</time>
      </trkpt>
      <trkpt lat="43.451221" lon="40.545546">
        <ele>613.771799</ele>
        <time>2025-04-15T13:57:41.705Z</time>
      </trkpt>
      <trkpt lat="43.451003" lon="40.547013">
        <ele>626.119241</ele>
        <time>2025-04-15T13:58:32.998Z</time>
      </trkpt>
      <trkpt lat="43.450917" lon="40.547220">
        <ele>628.159019</ele>
        <time>2025-04-15T13:58:40.188Z</time>
      </trkpt>
      <trkpt lat="43.450767" lon="40.547341">
        <ele>630.206870</ele>
        <time>2025-04-15T13:58:46.885Z</time>
      </trkpt>
      <trkpt lat="43.450617" lon="40.547399">
        <ele>632.042308</ele>
        <time>2025-04-15T13:58:52.438Z</time>
      </trkpt>
      <trkpt lat="43.450463" lon="40.547397">
        <ele>633.856648</ele>
        <time>2025-04-15T13:58:57.625Z</time>
      </trkpt>
      <trkpt lat="43.450202" lon="40.547309">
        <ele>636.886725</ele>
        <time>2025-04-15T13:59:06.450Z</time>
      </trkpt>
      <trkpt lat="43.449480" lon="40.547224">
        <ele>644.130852</ele>
        <time>2025-04-15T13:59:31.611Z</time>
      </trkpt>
      <trkpt lat="43.449295" lon="40.547281">
        <ele>646.025993</ele>
        <time>2025-04-15T13:59:38.956Z</time>
      </trkpt>
      <trkpt lat="43.449181" lon="40.547391">
        <ele>647.417453</ele>
        <time>2025-04-15T13:59:44.552Z</time>
      </trkpt>
      <trkpt lat="43.448748" lon="40.548216">
        <ele>654.639981</ele>
        <time>2025-04-15T14:00:14.745Z</time>
      </trkpt>
      <trkpt lat="43.448613" lon="40.548329">
        <ele>655.843656</ele>
        <time>2025-04-15T14:00:21.043Z</time>
      </trkpt>
      <trkpt lat="43.448485" lon="40.548364">
        <ele>656.837992</ele>
        <time>2025-04-15T14:00:26.051Z</time>
      </trkpt>
      <trkpt lat="43.448231" lon="40.548301">
        <ele>658.804487</ele>
        <time>2025-04-15T14:00:35.106Z</time>
      </trkpt>
      <trkpt lat="43.447337" lon="40.547643">
        <ele>666.527888</ele>
        <time>2025-04-15T14:01:03.564Z</time>
      </trkpt>
      <trkpt lat="43.447164" lon="40.547559">
        <ele>667.921749</ele>
        <time>2025-04-15T14:01:08.299Z</time>
      </trkpt>
      <trkpt lat="43.447043" lon="40.547537">
        <ele>668.820036</ele>
        <time>2025-04-15T14:01:11.474Z</time>
      </trkpt>
      <trkpt lat="43.446928" lon="40.547570">
        <ele>669.684611</ele>
        <time>2025-04-15T14:01:14.677Z</time>
      </trkpt>
      <trkpt lat="43.446819" lon="40.547666">
        <ele>670.636837</ele>
        <time>2025-04-15T14:01:18.262Z</time>
      </trkpt>
      <trkpt lat="43.446796" lon="40.547806">
        <ele>671.403836</ele>
        <time>2025-04-15T14:01:21.272Z</time>
      </trkpt>
      <trkpt lat="43.446800" lon="40.547963">
        <ele>672.243277</ele>
        <time>2025-04-15T14:01:24.625Z</time>
      </trkpt>
      <trkpt lat="43.446892" lon="40.548096">
        <ele>673.224889</ele>
        <time>2025-04-15T14:01:28.732Z</time>
      </trkpt>
      <trkpt lat="43.447048" lon="40.548249">
        <ele>674.634379</ele>
        <time>2025-04-15T14:01:34.828Z</time>
      </trkpt>
      <trkpt lat="43.447562" lon="40.548632">
        <ele>678.935513</ele>
        <time>2025-04-15T14:01:54.466Z</time>
      </trkpt>
      <trkpt lat="43.448006" lon="40.548877">
        <ele>682.540644</ele>
        <time>2025-04-15T14:02:10.315Z</time>
      </trkpt>
      <trkpt lat="43.448544" lon="40.549101">
        <ele>686.927054</ele>
        <time>2025-04-15T14:02:28.698Z</time>
      </trkpt>
      <trkpt lat="43.449190" lon="40.549299">
        <ele>692.092021</ele>
        <time>2025-04-15T14:02:50.048Z</time>
      </trkpt>
      <trkpt lat="43.449455" lon="40.549329">
        <ele>694.167168</ele>
        <time>2025-04-15T14:02:58.375Z</time>
      </trkpt>
      <trkpt lat="43.449692" lon="40.549308">
        <ele>695.895228</ele>
        <time>2025-04-15T14:03:05.694Z</time>
      </trkpt>
      <trkpt lat="43.449975" lon="40.549236">
        <ele>697.839016</ele>
        <time>2025-04-15T14:03:14.374Z</time>
      </trkpt>
      <trkpt lat="43.450483" lon="40.549035">
        <ele>701.408929</ele>
        <time>2025-04-15T14:03:29.477Z</time>
      </trkpt>
      <trkpt lat="43.450912" lon="40.548811">
        <ele>704.507695</ele>
        <time>2025-04-15T14:03:42.248Z</time>
      </trkpt>
      <trkpt lat="43.451660" lon="40.548296">
        <ele>711.210508</ele>
        <time>2025-04-15T14:04:06.791Z</time>
      </trkpt>
      <trkpt lat="43.452578" lon="40.547837">
        <ele>720.190341</ele>
        <time>2025-04-15T14:04:44.722Z</time>
      </trkpt>
      <trkpt lat="43.452730" lon="40.547812">
        <ele>721.597903</ele>
        <time>2025-04-15T14:04:51.427Z</time>
      </trkpt>
      <trkpt lat="43.453456" lon="40.547803">
        <ele>724.425905</ele>
        <time>2025-04-15T14:05:17.472Z</time>
      </trkpt>
      <trkpt lat="43.453767" lon="40.547764">
        <ele>724.841040</ele>
        <time>2025-04-15T14:05:24.128Z</time>
      </trkpt>
      <trkpt lat="43.453948" lon="40.547696">
        <ele>725.090439</ele>
        <time>2025-04-15T14:05:26.429Z</time>
      </trkpt>
      <trkpt lat="43.454458" lon="40.547380">
        <ele>725.833826</ele>
        <time>2025-04-15T14:05:31.354Z</time>
      </trkpt>
      <trkpt lat="43.454756" lon="40.547061">
        <ele>727.596067</ele>
        <time>2025-04-15T14:05:34.584Z</time>
      </trkpt>
      <trkpt lat="43.455111" lon="40.546581">
        <ele>733.192364</ele>
        <time>2025-04-15T14:05:42.874Z</time>
      </trkpt>
      <trkpt lat="43.455278" lon="40.546473">
        <ele>735.267923</ele>
        <time>2025-04-15T14:05:49.884Z</time>
      </trkpt>
      <trkpt lat="43.455494" lon="40.546467">
        <ele>737.698516</ele>
        <time>2025-04-15T14:06:00.548Z</time>
      </trkpt>
      <trkpt lat="43.456341" lon="40.547123">
        <ele>748.556055</ele>
        <time>2025-04-15T14:07:05.298Z</time>
      </trkpt>
      <trkpt lat="43.456491" lon="40.547179">
        <ele>750.246160</ele>
        <time>2025-04-15T14:07:15.694Z</time>
      </trkpt>
      <trkpt lat="43.456618" lon="40.547213">
        <ele>751.653135</ele>
        <time>2025-04-15T14:07:24.308Z</time>
      </trkpt>
      <trkpt lat="43.457440" lon="40.547057">
        <ele>760.676889</ele>
        <time>2025-04-15T14:08:04.873Z</time>
      </trkpt>
      <trkpt lat="43.457553" lon="40.547077">
        <ele>761.915876</ele>
        <time>2025-04-15T14:08:06.498Z</time>
      </trkpt>
      <trkpt lat="43.457751" lon="40.547286">
        <ele>764.628548</ele>
        <time>2025-04-15T14:08:08.856Z</time>
      </trkpt>
      <trkpt lat="43.457922" lon="40.547417">
        <ele>765.377948</ele>
        <time>2025-04-15T14:08:10.535Z</time>
      </trkpt>
      <trkpt lat="43.458109" lon="40.547497">
        <ele>763.809592</ele>
        <time>2025-04-15T14:08:12.162Z</time>
      </trkpt>
      <trkpt lat="43.458268" lon="40.547523">
        <ele>762.527123</ele>
        <time>2025-04-15T14:08:13.488Z</time>
      </trkpt>
      <trkpt lat="43.458428" lon="40.547486">
        <ele>761.227654</ele>
        <time>2025-04-15T14:08:14.823Z</time>
      </trkpt>
      <trkpt lat="43.458540" lon="40.547392">
        <ele>760.177215</ele>
        <time>2025-04-15T14:08:15.906Z</time>
      </trkpt>
      <trkpt lat="43.458863" lon="40.547029">
        <ele>756.838476</ele>
        <time>2025-04-15T14:08:19.275Z</time>
      </trkpt>
      <trkpt lat="43.459026" lon="40.546918">
        <ele>755.382118</ele>
        <time>2025-04-15T14:08:20.688Z</time>
      </trkpt>
      <trkpt lat="43.460436" lon="40.546266">
        <ele>750.219128</ele>
        <time>2025-04-15T14:08:33.650Z</time>
      </trkpt>
      <trkpt lat="43.460629" lon="40.546072">
        <ele>749.902750</ele>
        <time>2025-04-15T14:08:38.448Z</time>
      </trkpt>
      <trkpt lat="43.460705" lon="40.545918">
        <ele>749.723751</ele>
        <time>2025-04-15T14:08:41.505Z</time>
      </trkpt>
      <trkpt lat="43.461168" lon="40.544713">
        <ele>753.717124</ele>
        <time>2025-04-15T14:09:11.319Z</time>
      </trkpt>
      <trkpt lat="43.461249" lon="40.544556">
        <ele>754.822300</ele>
        <time>2025-04-15T14:09:16.213Z</time>
      </trkpt>
      <trkpt lat="43.461432" lon="40.544362">
        <ele>756.647555</ele>
        <time>2025-04-15T14:09:24.315Z</time>
      </trkpt>
      <trkpt lat="43.461573" lon="40.544263">
        <ele>757.898523</ele>
        <time>2025-04-15T14:09:29.817Z</time>
      </trkpt>
      <trkpt lat="43.462617" lon="40.543813">
        <ele>766.772232</ele>
        <time>2025-04-15T14:10:06.322Z</time>
      </trkpt>
      <trkpt lat="43.463123" lon="40.543690">
        <ele>771.125775</ele>
        <time>2025-04-15T14:10:23.678Z</time>
      </trkpt>
      <trkpt lat="43.463529" lon="40.543473">
        <ele>774.815586</ele>
        <time>2025-04-15T14:10:38.974Z</time>
      </trkpt>
      <trkpt lat="43.463905" lon="40.543241">
        <ele>778.306312</ele>
        <time>2025-04-15T14:10:53.332Z</time>
      </trkpt>
      <trkpt lat="43.464514" lon="40.542679">
        <ele>783.478067</ele>
        <time>2025-04-15T14:11:16.052Z</time>
      </trkpt>
      <trkpt lat="43.464688" lon="40.542631">
        <ele>784.716217</ele>
        <time>2025-04-15T14:11:20.938Z</time>
      </trkpt>
      <trkpt lat="43.464772" lon="40.542652">
        <ele>785.311882</ele>
        <time>2025-04-15T14:11:23.227Z</time>
      </trkpt>
      <trkpt lat="43.464824" lon="40.542716">
        <ele>785.798382</ele>
        <time>2025-04-15T14:11:25.111Z</time>
      </trkpt>
      <trkpt lat="43.464919" lon="40.542960">
        <ele>787.200588</ele>
        <time>2025-04-15T14:11:30.528Z</time>
      </trkpt>
      <trkpt lat="43.465051" lon="40.543526">
        <ele>790.211209</ele>
        <time>2025-04-15T14:11:42.793Z</time>
      </trkpt>
      <trkpt lat="43.465090" lon="40.543618">
        <ele>790.750752</ele>
        <time>2025-04-15T14:11:45.101Z</time>
      </trkpt>
      <trkpt lat="43.465166" lon="40.543667">
        <ele>791.347473</ele>
        <time>2025-04-15T14:11:47.595Z</time>
      </trkpt>
      <trkpt lat="43.465225" lon="40.543647">
        <ele>791.802304</ele>
        <time>2025-04-15T14:11:49.444Z</time>
      </trkpt>
      <trkpt lat="43.465257" lon="40.543540">
        <ele>792.431066</ele>
        <time>2025-04-15T14:11:52.026Z</time>
      </trkpt>
      <trkpt lat="43.465195" lon="40.543401">
        <ele>793.317483</ele>
        <time>2025-04-15T14:11:55.790Z</time>
      </trkpt>
      <trkpt lat="43.465143" lon="40.543185">
        <ele>794.553909</ele>
        <time>2025-04-15T14:12:01.292Z</time>
      </trkpt>
      <trkpt lat="43.465121" lon="40.542822">
        <ele>796.532995</ele>
        <time>2025-04-15T14:12:10.426Z</time>
      </trkpt>
      <trkpt lat="43.465157" lon="40.542265">
        <ele>799.571217</ele>
        <time>2025-04-15T14:12:25.191Z</time>
      </trkpt>
      <trkpt lat="43.465139" lon="40.542086">
        <ele>800.553035</ele>
        <time>2025-04-15T14:12:29.925Z</time>
      </trkpt>
      <trkpt lat="43.465104" lon="40.541981">
        <ele>801.180800</ele>
        <time>2025-04-15T14:12:32.903Z</time>
      </trkpt>
      <trkpt lat="43.464938" lon="40.541883">
        <ele>802.532705</ele>
        <time>2025-04-15T14:12:38.923Z</time>
      </trkpt>
      <trkpt lat="43.464414" lon="40.541912">
        <ele>804.749953</ele>
        <time>2025-04-15T14:12:52.837Z</time>
      </trkpt>
      <trkpt lat="43.464261" lon="40.541888">
        <ele>804.816103</ele>
        <time>2025-04-15T14:12:55.810Z</time>
      </trkpt>
      <trkpt lat="43.464112" lon="40.541820">
        <ele>804.883530</ele>
        <time>2025-04-15T14:12:58.317Z</time>
      </trkpt>
      <trkpt lat="43.462829" lon="40.541010">
        <ele>806.556153</ele>
        <time>2025-04-15T14:13:12.936Z</time>
      </trkpt>
      <trkpt lat="43.462745" lon="40.540894">
        <ele>807.372573</ele>
        <time>2025-04-15T14:13:14.636Z</time>
      </trkpt>
      <trkpt lat="43.462708" lon="40.540754">
        <ele>808.114921</ele>
        <time>2025-04-15T14:13:16.571Z</time>
      </trkpt>
      <trkpt lat="43.462743" lon="40.540574">
        <ele>809.043391</ele>
        <time>2025-04-15T14:13:19.447Z</time>
      </trkpt>
      <trkpt lat="43.462847" lon="40.540335">
        <ele>810.431809</ele>
        <time>2025-04-15T14:13:24.578Z</time>
      </trkpt>
      <trkpt lat="43.463327" lon="40.539818">
        <ele>814.614204</ele>
        <time>2025-04-15T14:13:45.565Z</time>
      </trkpt>
      <trkpt lat="43.463505" lon="40.539678">
        <ele>816.021184</ele>
        <time>2025-04-15T14:13:54.296Z</time>
      </trkpt>
      <trkpt lat="43.463625" lon="40.539619">
        <ele>816.895815</ele>
        <time>2025-04-15T14:14:00.044Z</time>
      </trkpt>
      <trkpt lat="43.463877" lon="40.539672">
        <ele>819.431702</ele>
        <time>2025-04-15T14:14:12.308Z</time>
      </trkpt>
      <trkpt lat="43.465013" lon="40.540608">
        <ele>836.631588</ele>
        <time>2025-04-15T14:15:14.550Z</time>
      </trkpt>
      <trkpt lat="43.465079" lon="40.540637">
        <ele>837.531776</ele>
        <time>2025-04-15T14:15:17.611Z</time>
      </trkpt>
      <trkpt lat="43.465256" lon="40.540642">
        <ele>839.832272</ele>
        <time>2025-04-15T14:15:25.308Z</time>
      </trkpt>
      <trkpt lat="43.465683" lon="40.540470">
        <ele>843.477265</ele>
        <time>2025-04-15T14:15:42.863Z</time>
      </trkpt>
      <trkpt lat="43.466227" lon="40.540418">
        <ele>847.181348</ele>
        <time>2025-04-15T14:15:59.447Z</time>
      </trkpt>
      <trkpt lat="43.466268" lon="40.540325">
        <ele>847.717792</ele>
        <time>2025-04-15T14:16:01.452Z</time>
      </trkpt>
      <trkpt lat="43.466233" lon="40.540190">
        <ele>848.424526</ele>
        <time>2025-04-15T14:16:03.972Z</time>
      </trkpt>
      <trkpt lat="43.466033" lon="40.540113">
        <ele>849.835095</ele>
        <time>2025-04-15T14:16:08.701Z</time>
      </trkpt>
      <trkpt lat="43.465538" lon="40.540033">
        <ele>853.220509</ele>
        <time>2025-04-15T14:16:19.415Z</time>
      </trkpt>
      <trkpt lat="43.465367" lon="40.539965">
        <ele>854.645173</ele>
        <time>2025-04-15T14:16:23.429Z</time>
      </trkpt>
      <trkpt lat="43.465239" lon="40.539819">
        <ele>856.000610</ele>
        <time>2025-04-15T14:16:27.435Z</time>
      </trkpt>
      <trkpt lat="43.465164" lon="40.539604">
        <ele>857.412840</ele>
        <time>2025-04-15T14:16:32.048Z</time>
      </trkpt>
      <trkpt lat="43.465021" lon="40.539025">
        <ele>861.033675</ele>
        <time>2025-04-15T14:16:46.670Z</time>
      </trkpt>
      <trkpt lat="43.465008" lon="40.538817">
        <ele>862.269640</ele>
        <time>2025-04-15T14:16:52.424Z</time>
      </trkpt>
      <trkpt lat="43.465025" lon="40.538705">
        <ele>862.947050</ele>
        <time>2025-04-15T14:16:55.705Z</time>
      </trkpt>
      <trkpt lat="43.465136" lon="40.538497">
        <ele>864.475493</ele>
        <time>2025-04-15T14:17:03.156Z</time>
      </trkpt>
      <trkpt lat="43.465469" lon="40.538170">
        <ele>867.811018</ele>
        <time>2025-04-15T14:17:19.583Z</time>
      </trkpt>
      <trkpt lat="43.465518" lon="40.538061">
        <ele>868.708795</ele>
        <time>2025-04-15T14:17:23.167Z</time>
      </trkpt>
      <trkpt lat="43.465548" lon="40.537894">
        <ele>869.987359</ele>
        <time>2025-04-15T14:17:27.922Z</time>
      </trkpt>
      <trkpt lat="43.465523" lon="40.537761">
        <ele>871.008401</ele>
        <time>2025-04-15T14:17:31.722Z</time>
      </trkpt>
      <trkpt lat="43.465476" lon="40.537659">
        <ele>871.906314</ele>
        <time>2025-04-15T14:17:35.022Z</time>
      </trkpt>
      <trkpt lat="43.465141" lon="40.537294">
        <ele>876.279543</ele>
        <time>2025-04-15T14:17:50.911Z</time>
      </trkpt>
      <trkpt lat="43.464925" lon="40.536974">
        <ele>879.527270</ele>
        <time>2025-04-15T14:18:02.736Z</time>
      </trkpt>
      <trkpt lat="43.464856" lon="40.536751">
        <ele>881.328901</ele>
        <time>2025-04-15T14:18:09.348Z</time>
      </trkpt>
      <trkpt lat="43.464833" lon="40.536566">
        <ele>882.723827</ele>
        <time>2025-04-15T14:18:14.440Z</time>
      </trkpt>
      <trkpt lat="43.464846" lon="40.536429">
        <ele>883.750662</ele>
        <time>2025-04-15T14:18:18.166Z</time>
      </trkpt>
      <trkpt lat="43.464895" lon="40.536235">
        <ele>885.277258</ele>
        <time>2025-04-15T14:18:23.798Z</time>
      </trkpt>
      <trkpt lat="43.464994" lon="40.536102">
        <ele>886.643239</ele>
        <time>2025-04-15T14:18:29.134Z</time>
      </trkpt>
      <trkpt lat="43.465103" lon="40.536014">
        <ele>887.677611</ele>
        <time>2025-04-15T14:18:34.094Z</time>
      </trkpt>
      <trkpt lat="43.465241" lon="40.535935">
        <ele>888.901143</ele>
        <time>2025-04-15T14:18:40.081Z</time>
      </trkpt>
      <trkpt lat="43.465564" lon="40.535855">
        <ele>891.588120</ele>
        <time>2025-04-15T14:18:52.783Z</time>
      </trkpt>
      <trkpt lat="43.466287" lon="40.536020">
        <ele>897.588390</ele>
        <time>2025-04-15T14:19:17.864Z</time>
      </trkpt>
      <trkpt lat="43.466645" lon="40.536204">
        <ele>900.716834</ele>
        <time>2025-04-15T14:19:27.904Z</time>
      </trkpt>
      <trkpt lat="43.467147" lon="40.536450">
        <ele>902.376503</ele>
        <time>2025-04-15T14:19:39.989Z</time>
      </trkpt>
      <trkpt lat="43.467498" lon="40.536525">
        <ele>903.273668</ele>
        <time>2025-04-15T14:19:47.089Z</time>
      </trkpt>
      <trkpt lat="43.467867" lon="40.536521">
        <ele>904.205729</ele>
        <time>2025-04-15T14:19:54.379Z</time>
      </trkpt>
      <trkpt lat="43.468166" lon="40.536450">
        <ele>904.972086</ele>
        <time>2025-04-15T14:19:59.695Z</time>
      </trkpt>
      <trkpt lat="43.468312" lon="40.536337">
        <ele>905.395053</ele>
        <time>2025-04-15T14:20:02.247Z</time>
      </trkpt>
      <trkpt lat="43.468717" lon="40.535847">
        <ele>905.099627</ele>
        <time>2025-04-15T14:20:08.924Z</time>
      </trkpt>
      <trkpt lat="43.469053" lon="40.535291">
        <ele>904.318267</ele>
        <time>2025-04-15T14:20:14.410Z</time>
      </trkpt>
      <trkpt lat="43.469162" lon="40.535155">
        <ele>904.099454</ele>
        <time>2025-04-15T14:20:15.880Z</time>
      </trkpt>
      <trkpt lat="43.469575" lon="40.534798">
        <ele>903.373970</ele>
        <time>2025-04-15T14:20:20.789Z</time>
      </trkpt>
      <trkpt lat="43.469692" lon="40.534638">
        <ele>903.128679</ele>
        <time>2025-04-15T14:20:22.494Z</time>
      </trkpt>
      <trkpt lat="43.470061" lon="40.533957">
        <ele>902.869090</ele>
        <time>2025-04-15T14:20:29.724Z</time>
      </trkpt>
      <trkpt lat="43.470261" lon="40.533816">
        <ele>902.801023</ele>
        <time>2025-04-15T14:20:33.003Z</time>
      </trkpt>
      <trkpt lat="43.470501" lon="40.533754">
        <ele>902.727040</ele>
        <time>2025-04-15T14:20:36.554Z</time>
      </trkpt>
      <trkpt lat="43.470929" lon="40.533752">
        <ele>902.597363</ele>
        <time>2025-04-15T14:20:42.546Z</time>
      </trkpt>
      <trkpt lat="43.471198" lon="40.533839">
        <ele>902.513646</ele>
        <time>2025-04-15T14:20:46.241Z</time>
      </trkpt>
      <trkpt lat="43.471289" lon="40.533930">
        <ele>902.500644</ele>
        <time>2025-04-15T14:20:47.733Z</time>
      </trkpt>
      <trkpt lat="43.471311" lon="40.533965">
        <ele>902.507169</ele>
        <time>2025-04-15T14:20:48.202Z</time>
      </trkpt>
      <trkpt lat="43.471289" lon="40.533930">
        <ele>902.513694</ele>
        <time>2025-04-15T14:20:48.627Z</time>
      </trkpt>
      <trkpt lat="43.471198" lon="40.533839">
        <ele>902.535527</ele>
        <time>2025-04-15T14:20:50.152Z</time>
      </trkpt>
      <trkpt lat="43.470929" lon="40.533752">
        <ele>902.589182</ele>
        <time>2025-04-15T14:20:53.822Z</time>
      </trkpt>
      <trkpt lat="43.470501" lon="40.533754">
        <ele>902.672292</ele>
        <time>2025-04-15T14:20:59.268Z</time>
      </trkpt>
      <trkpt lat="43.470261" lon="40.533816">
        <ele>902.719708</ele>
        <time>2025-04-15T14:21:02.281Z</time>
      </trkpt>
      <trkpt lat="43.470061" lon="40.533957">
        <ele>902.763332</ele>
        <time>2025-04-15T14:21:05.050Z</time>
      </trkpt>
      <trkpt lat="43.469692" lon="40.534638">
        <ele>903.179770</ele>
        <time>2025-04-15T14:21:14.600Z</time>
      </trkpt>
      <trkpt lat="43.469575" lon="40.534798">
        <ele>903.441043</ele>
        <time>2025-04-15T14:21:17.697Z</time>
      </trkpt>
      <trkpt lat="43.469162" lon="40.535155">
        <ele>904.213799</ele>
        <time>2025-04-15T14:21:27.336Z</time>
      </trkpt>
      <trkpt lat="43.469053" lon="40.535291">
        <ele>904.446870</ele>
        <time>2025-04-15T14:21:30.290Z</time>
      </trkpt>
      <trkpt lat="43.468717" lon="40.535847">
        <ele>905.279143</ele>
        <time>2025-04-15T14:21:39.969Z</time>
      </trkpt>
      <trkpt lat="43.468312" lon="40.536337">
        <ele>905.109074</ele>
        <time>2025-04-15T14:21:47.783Z</time>
      </trkpt>
      <trkpt lat="43.468166" lon="40.536450">
        <ele>904.757810</ele>
        <time>2025-04-15T14:21:49.762Z</time>
      </trkpt>
      <trkpt lat="43.467867" lon="40.536521">
        <ele>904.121371</ele>
        <time>2025-04-15T14:21:53.036Z</time>
      </trkpt>
      <trkpt lat="43.467498" lon="40.536525">
        <ele>903.347319</ele>
        <time>2025-04-15T14:21:56.744Z</time>
      </trkpt>
      <trkpt lat="43.467147" lon="40.536450">
        <ele>902.602247</ele>
        <time>2025-04-15T14:22:00.304Z</time>
      </trkpt>
      <trkpt lat="43.466645" lon="40.536204">
        <ele>900.310905</ele>
        <time>2025-04-15T14:22:05.341Z</time>
      </trkpt>
      <trkpt lat="43.466287" lon="40.536020">
        <ele>897.346910</ele>
        <time>2025-04-15T14:22:08.767Z</time>
      </trkpt>
      <trkpt lat="43.465564" lon="40.535855">
        <ele>891.662049</ele>
        <time>2025-04-15T14:22:14.866Z</time>
      </trkpt>
      <trkpt lat="43.465241" lon="40.535935">
        <ele>889.116316</ele>
        <time>2025-04-15T14:22:17.523Z</time>
      </trkpt>
      <trkpt lat="43.465103" lon="40.536014">
        <ele>887.953908</ele>
        <time>2025-04-15T14:22:18.729Z</time>
      </trkpt>
      <trkpt lat="43.464994" lon="40.536102">
        <ele>886.664918</ele>
        <time>2025-04-15T14:22:19.751Z</time>
      </trkpt>
      <trkpt lat="43.464895" lon="40.536235">
        <ele>885.254126</ele>
        <time>2025-04-15T14:22:20.871Z</time>
      </trkpt>
      <trkpt lat="43.464846" lon="40.536429">
        <ele>883.732991</ele>
        <time>2025-04-15T14:22:22.087Z</time>
      </trkpt>
      <trkpt lat="43.464833" lon="40.536566">
        <ele>882.709830</ele>
        <time>2025-04-15T14:22:22.901Z</time>
      </trkpt>
      <trkpt lat="43.464856" lon="40.536751">
        <ele>881.319895</ele>
        <time>2025-04-15T14:22:24.014Z</time>
      </trkpt>
      <trkpt lat="43.464925" lon="40.536974">
        <ele>879.524709</ele>
        <time>2025-04-15T14:22:25.451Z</time>
      </trkpt>
      <trkpt lat="43.465141" lon="40.537294">
        <ele>876.288602</ele>
        <time>2025-04-15T14:22:28.045Z</time>
      </trkpt>
      <trkpt lat="43.465476" lon="40.537659">
        <ele>871.931018</ele>
        <time>2025-04-15T14:22:31.530Z</time>
      </trkpt>
      <trkpt lat="43.465523" lon="40.537761">
        <ele>871.036318</ele>
        <time>2025-04-15T14:22:32.245Z</time>
      </trkpt>
      <trkpt lat="43.465548" lon="40.537894">
        <ele>870.018928</ele>
        <time>2025-04-15T14:22:33.054Z</time>
      </trkpt>
      <trkpt lat="43.465518" lon="40.538061">
        <ele>868.881517</ele>
        <time>2025-04-15T14:22:34.068Z</time>
      </trkpt>
      <trkpt lat="43.465469" lon="40.538170">
        <ele>868.080990</ele>
        <time>2025-04-15T14:22:34.825Z</time>
      </trkpt>
      <trkpt lat="43.465136" lon="40.538497">
        <ele>864.563215</ele>
        <time>2025-04-15T14:22:38.116Z</time>
      </trkpt>
      <trkpt lat="43.465025" lon="40.538705">
        <ele>862.951259</ele>
        <time>2025-04-15T14:22:39.627Z</time>
      </trkpt>
      <trkpt lat="43.465008" lon="40.538817">
        <ele>862.236836</ele>
        <time>2025-04-15T14:22:40.298Z</time>
      </trkpt>
      <trkpt lat="43.465021" lon="40.539025">
        <ele>860.933339</ele>
        <time>2025-04-15T14:22:41.529Z</time>
      </trkpt>
      <trkpt lat="43.465164" lon="40.539604">
        <ele>857.114665</ele>
        <time>2025-04-15T14:22:45.258Z</time>
      </trkpt>
      <trkpt lat="43.465239" lon="40.539819">
        <ele>855.625272</ele>
        <time>2025-04-15T14:22:46.793Z</time>
      </trkpt>
      <trkpt lat="43.465367" lon="40.539965">
        <ele>854.195775</ele>
        <time>2025-04-15T14:22:48.336Z</time>
      </trkpt>
      <trkpt lat="43.465538" lon="40.540033">
        <ele>853.052869</ele>
        <time>2025-04-15T14:22:50.019Z</time>
      </trkpt>
      <trkpt lat="43.466033" lon="40.540113">
        <ele>849.891457</ele>
        <time>2025-04-15T14:22:54.852Z</time>
      </trkpt>
      <trkpt lat="43.466233" lon="40.540190">
        <ele>848.574221</ele>
        <time>2025-04-15T14:22:56.813Z</time>
      </trkpt>
      <trkpt lat="43.466268" lon="40.540325">
        <ele>847.914249</ele>
        <time>2025-04-15T14:22:57.770Z</time>
      </trkpt>
      <trkpt lat="43.466227" lon="40.540418">
        <ele>847.413300</ele>
        <time>2025-04-15T14:22:58.487Z</time>
      </trkpt>
      <trkpt lat="43.465683" lon="40.540470">
        <ele>843.954304</ele>
        <time>2025-04-15T14:23:03.159Z</time>
      </trkpt>
      <trkpt lat="43.465256" lon="40.540642">
        <ele>839.501138</ele>
        <time>2025-04-15T14:23:06.752Z</time>
      </trkpt>
      <trkpt lat="43.465079" lon="40.540637">
        <ele>837.234065</ele>
        <time>2025-04-15T14:23:08.158Z</time>
      </trkpt>
      <trkpt lat="43.465013" lon="40.540608">
        <ele>836.346956</ele>
        <time>2025-04-15T14:23:08.710Z</time>
      </trkpt>
      <trkpt lat="43.463877" lon="40.539672">
        <ele>819.514151</ele>
        <time>2025-04-15T14:23:19.090Z</time>
      </trkpt>
      <trkpt lat="43.463625" lon="40.539619">
        <ele>817.508980</ele>
        <time>2025-04-15T14:23:21.083Z</time>
      </trkpt>
      <trkpt lat="43.463505" lon="40.539678">
        <ele>816.506769</ele>
        <time>2025-04-15T14:23:22.090Z</time>
      </trkpt>
      <trkpt lat="43.463327" lon="40.539818">
        <ele>814.894556</ele>
        <time>2025-04-15T14:23:23.726Z</time>
      </trkpt>
      <trkpt lat="43.462847" lon="40.540335">
        <ele>810.102086</ele>
        <time>2025-04-15T14:23:28.787Z</time>
      </trkpt>
      <trkpt lat="43.462743" lon="40.540574">
        <ele>808.511143</ele>
        <time>2025-04-15T14:23:30.618Z</time>
      </trkpt>
      <trkpt lat="43.462708" lon="40.540754">
        <ele>807.447239</ele>
        <time>2025-04-15T14:23:31.937Z</time>
      </trkpt>
      <trkpt lat="43.462745" lon="40.540894">
        <ele>806.596606</ele>
        <time>2025-04-15T14:23:33.085Z</time>
      </trkpt>
      <trkpt lat="43.462829" lon="40.541010">
        <ele>805.661097</ele>
        <time>2025-04-15T14:23:34.570Z</time>
      </trkpt>
      <trkpt lat="43.464112" lon="40.541820">
        <ele>805.336537</ele>
        <time>2025-04-15T14:24:01.058Z</time>
      </trkpt>
      <trkpt lat="43.464261" lon="40.541888">
        <ele>805.312248</ele>
        <time>2025-04-15T14:24:02.846Z</time>
      </trkpt>
      <trkpt lat="43.464414" lon="40.541912">
        <ele>805.288419</ele>
        <time>2025-04-15T14:24:04.419Z</time>
      </trkpt>
      <trkpt lat="43.464938" lon="40.541883">
        <ele>802.145369</ele>
        <time>2025-04-15T14:24:09.102Z</time>
      </trkpt>
      <trkpt lat="43.465104" lon="40.541981">
        <ele>800.844022</ele>
        <time>2025-04-15T14:24:10.611Z</time>
      </trkpt>
      <trkpt lat="43.465139" lon="40.542086">
        <ele>800.239733</ele>
        <time>2025-04-15T14:24:11.311Z</time>
      </trkpt>
      <trkpt lat="43.465157" lon="40.542265">
        <ele>799.294633</ele>
        <time>2025-04-15T14:24:12.384Z</time>
      </trkpt>
      <trkpt lat="43.465121" lon="40.542822">
        <ele>796.370032</ele>
        <time>2025-04-15T14:24:15.720Z</time>
      </trkpt>
      <trkpt lat="43.465143" lon="40.543185">
        <ele>794.464958</ele>
        <time>2025-04-15T14:24:17.913Z</time>
      </trkpt>
      <trkpt lat="43.465195" lon="40.543401">
        <ele>793.274771</ele>
        <time>2025-04-15T14:24:19.296Z</time>
      </trkpt>
      <trkpt lat="43.465257" lon="40.543540">
        <ele>792.421504</ele>
        <time>2025-04-15T14:24:20.297Z</time>
      </trkpt>
      <trkpt lat="43.465225" lon="40.543647">
        <ele>791.834111</ele>
        <time>2025-04-15T14:24:21.013Z</time>
      </trkpt>
      <trkpt lat="43.465166" lon="40.543667">
        <ele>791.412001</ele>
        <time>2025-04-15T14:24:21.536Z</time>
      </trkpt>
      <trkpt lat="43.465090" lon="40.543618">
        <ele>790.829064</ele>
        <time>2025-04-15T14:24:22.260Z</time>
      </trkpt>
      <trkpt lat="43.465051" lon="40.543526">
        <ele>790.291849</ele>
        <time>2025-04-15T14:24:22.930Z</time>
      </trkpt>
      <trkpt lat="43.464919" lon="40.542960">
        <ele>787.294217</ele>
        <time>2025-04-15T14:24:26.698Z</time>
      </trkpt>
      <trkpt lat="43.464824" lon="40.542716">
        <ele>785.898061</ele>
        <time>2025-04-15T14:24:28.478Z</time>
      </trkpt>
      <trkpt lat="43.464772" lon="40.542652">
        <ele>785.413660</ele>
        <time>2025-04-15T14:24:29.099Z</time>
      </trkpt>
      <trkpt lat="43.464688" lon="40.542631">
        <ele>784.820564</ele>
        <time>2025-04-15T14:24:29.858Z</time>
      </trkpt>
      <trkpt lat="43.464514" lon="40.542679">
        <ele>783.587756</ele>
        <time>2025-04-15T14:24:31.425Z</time>
      </trkpt>
      <trkpt lat="43.463905" lon="40.543241">
        <ele>778.215418</ele>
        <time>2025-04-15T14:24:37.681Z</time>
      </trkpt>
      <trkpt lat="43.463529" lon="40.543473">
        <ele>774.747067</ele>
        <time>2025-04-15T14:24:41.091Z</time>
      </trkpt>
      <trkpt lat="43.463123" lon="40.543690">
        <ele>771.080907</ele>
        <time>2025-04-15T14:24:44.690Z</time>
      </trkpt>
      <trkpt lat="43.462617" lon="40.543813">
        <ele>766.755268</ele>
        <time>2025-04-15T14:24:48.985Z</time>
      </trkpt>
      <trkpt lat="43.461573" lon="40.544263">
        <ele>757.830048</ele>
        <time>2025-04-15T14:24:58.132Z</time>
      </trkpt>
      <trkpt lat="43.461432" lon="40.544362">
        <ele>756.550816</ele>
        <time>2025-04-15T14:24:59.442Z</time>
      </trkpt>
      <trkpt lat="43.461249" lon="40.544556">
        <ele>754.684322</ele>
        <time>2025-04-15T14:25:01.353Z</time>
      </trkpt>
      <trkpt lat="43.461168" lon="40.544713">
        <ele>753.554175</ele>
        <time>2025-04-15T14:25:02.512Z</time>
      </trkpt>
      <trkpt lat="43.460705" lon="40.545918">
        <ele>750.219412</ele>
        <time>2025-04-15T14:25:11.017Z</time>
      </trkpt>
      <trkpt lat="43.460629" lon="40.546072">
        <ele>750.239083</ele>
        <time>2025-04-15T14:25:12.295Z</time>
      </trkpt>
      <trkpt lat="43.460436" lon="40.546266">
        <ele>750.273853</ele>
        <time>2025-04-15T14:25:14.683Z</time>
      </trkpt>
      <trkpt lat="43.459026" lon="40.546918">
        <ele>755.671458</ele>
        <time>2025-04-15T14:25:57.274Z</time>
      </trkpt>
      <trkpt lat="43.458863" lon="40.547029">
        <ele>757.194175</ele>
        <time>2025-04-15T14:26:06.308Z</time>
      </trkpt>
      <trkpt lat="43.458540" lon="40.547392">
        <ele>760.685042</ele>
        <time>2025-04-15T14:26:22.700Z</time>
      </trkpt>
      <trkpt lat="43.458428" lon="40.547486">
        <ele>761.783345</ele>
        <time>2025-04-15T14:26:27.451Z</time>
      </trkpt>
      <trkpt lat="43.458268" lon="40.547523">
        <ele>763.142023</ele>
        <time>2025-04-15T14:26:33.232Z</time>
      </trkpt>
      <trkpt lat="43.458109" lon="40.547497">
        <ele>764.482928</ele>
        <time>2025-04-15T14:26:38.879Z</time>
      </trkpt>
      <trkpt lat="43.457922" lon="40.547417">
        <ele>764.757749</ele>
        <time>2025-04-15T14:26:45.605Z</time>
      </trkpt>
      <trkpt lat="43.457751" lon="40.547286">
        <ele>763.013594</ele>
        <time>2025-04-15T14:26:51.455Z</time>
      </trkpt>
      <trkpt lat="43.457553" lon="40.547077">
        <ele>760.790051</ele>
        <time>2025-04-15T14:26:57.122Z</time>
      </trkpt>
      <trkpt lat="43.457440" lon="40.547057">
        <ele>759.774470</ele>
        <time>2025-04-15T14:26:58.548Z</time>
      </trkpt>
      <trkpt lat="43.456618" lon="40.547213">
        <ele>752.377815</ele>
        <time>2025-04-15T14:27:05.026Z</time>
      </trkpt>
      <trkpt lat="43.456491" lon="40.547179">
        <ele>751.224536</ele>
        <time>2025-04-15T14:27:06.006Z</time>
      </trkpt>
      <trkpt lat="43.456341" lon="40.547123">
        <ele>749.839179</ele>
        <time>2025-04-15T14:27:07.179Z</time>
      </trkpt>
      <trkpt lat="43.455494" lon="40.546467">
        <ele>737.420546</ele>
        <time>2025-04-15T14:27:14.544Z</time>
      </trkpt>
      <trkpt lat="43.455278" lon="40.546473">
        <ele>734.617775</ele>
        <time>2025-04-15T14:27:16.226Z</time>
      </trkpt>
      <trkpt lat="43.455111" lon="40.546581">
        <ele>732.224401</ele>
        <time>2025-04-15T14:27:17.731Z</time>
      </trkpt>
      <trkpt lat="43.454756" lon="40.547061">
        <ele>726.078515</ele>
        <time>2025-04-15T14:27:23.257Z</time>
      </trkpt>
      <trkpt lat="43.454458" lon="40.547380">
        <ele>725.842949</ele>
        <time>2025-04-15T14:27:34.709Z</time>
      </trkpt>
      <trkpt lat="43.453948" lon="40.547696">
        <ele>725.493894</ele>
        <time>2025-04-15T14:27:50.212Z</time>
      </trkpt>
      <trkpt lat="43.453767" lon="40.547764">
        <ele>725.376790</ele>
        <time>2025-04-15T14:27:52.963Z</time>
      </trkpt>
      <trkpt lat="43.453456" lon="40.547803">
        <ele>725.181865</ele>
        <time>2025-04-15T14:27:56.001Z</time>
      </trkpt>
      <trkpt lat="43.452730" lon="40.547812">
        <ele>721.390867</ele>
        <time>2025-04-15T14:28:01.976Z</time>
      </trkpt>
      <trkpt lat="43.452578" lon="40.547837">
        <ele>719.981073</ele>
        <time>2025-04-15T14:28:03.193Z</time>
      </trkpt>
      <trkpt lat="43.451660" lon="40.548296">
        <ele>710.987005</ele>
        <time>2025-04-15T14:28:11.103Z</time>
      </trkpt>
      <trkpt lat="43.450912" lon="40.548811">
        <ele>704.623483</ele>
        <time>2025-04-15T14:28:18.342Z</time>
      </trkpt>
      <trkpt lat="43.450483" lon="40.549035">
        <ele>701.502047</ele>
        <time>2025-04-15T14:28:22.373Z</time>
      </trkpt>
      <trkpt lat="43.449975" lon="40.549236">
        <ele>697.906016</ele>
        <time>2025-04-15T14:28:26.979Z</time>
      </trkpt>
      <trkpt lat="43.449692" lon="40.549308">
        <ele>695.918435</ele>
        <time>2025-04-15T14:28:29.449Z</time>
      </trkpt>
      <trkpt lat="43.449455" lon="40.549329">
        <ele>694.086682</ele>
        <time>2025-04-15T14:28:31.481Z</time>
      </trkpt>
      <trkpt lat="43.449190" lon="40.549299">
        <ele>692.035853</ele>
        <time>2025-04-15T14:28:33.737Z</time>
      </trkpt>
      <trkpt lat="43.448544" lon="40.549101">
        <ele>686.931409</ele>
        <time>2025-04-15T14:28:39.327Z</time>
      </trkpt>
      <trkpt lat="43.448006" lon="40.548877">
        <ele>682.596400</ele>
        <time>2025-04-15T14:28:44.052Z</time>
      </trkpt>
      <trkpt lat="43.447562" lon="40.548632">
        <ele>678.991625</ele>
        <time>2025-04-15T14:28:48.061Z</time>
      </trkpt>
      <trkpt lat="43.447048" lon="40.548249">
        <ele>674.596427</ele>
        <time>2025-04-15T14:28:52.947Z</time>
      </trkpt>
      <trkpt lat="43.446892" lon="40.548096">
        <ele>673.156111</ele>
        <time>2025-04-15T14:28:54.559Z</time>
      </trkpt>
      <trkpt lat="43.446800" lon="40.547963">
        <ele>672.153032</ele>
        <time>2025-04-15T14:28:55.707Z</time>
      </trkpt>
      <trkpt lat="43.446796" lon="40.547806">
        <ele>671.295233</ele>
        <time>2025-04-15T14:28:56.691Z</time>
      </trkpt>
      <trkpt lat="43.446819" lon="40.547666">
        <ele>670.511459</ele>
        <time>2025-04-15T14:28:57.603Z</time>
      </trkpt>
      <trkpt lat="43.446928" lon="40.547570">
        <ele>669.538409</ele>
        <time>2025-04-15T14:28:58.733Z</time>
      </trkpt>
      <trkpt lat="43.447043" lon="40.547537">
        <ele>668.658077</ele>
        <time>2025-04-15T14:28:59.778Z</time>
      </trkpt>
      <trkpt lat="43.447164" lon="40.547559">
        <ele>667.765536</ele>
        <time>2025-04-15T14:29:00.868Z</time>
      </trkpt>
      <trkpt lat="43.447337" lon="40.547643">
        <ele>666.424094</ele>
        <time>2025-04-15T14:29:02.530Z</time>
      </trkpt>
      <trkpt lat="43.448231" lon="40.548301">
        <ele>659.011498</ele>
        <time>2025-04-15T14:29:11.416Z</time>
      </trkpt>
      <trkpt lat="43.448485" lon="40.548364">
        <ele>657.124138</ele>
        <time>2025-04-15T14:29:13.548Z</time>
      </trkpt>
      <trkpt lat="43.448613" lon="40.548329">
        <ele>656.169817</ele>
        <time>2025-04-15T14:29:14.613Z</time>
      </trkpt>
      <trkpt lat="43.448748" lon="40.548216">
        <ele>654.789914</ele>
        <time>2025-04-15T14:29:15.883Z</time>
      </trkpt>
      <trkpt lat="43.449181" lon="40.547391">
        <ele>647.364432</ele>
        <time>2025-04-15T14:29:21.813Z</time>
      </trkpt>
      <trkpt lat="43.449295" lon="40.547281">
        <ele>645.965991</ele>
        <time>2025-04-15T14:29:22.935Z</time>
      </trkpt>
      <trkpt lat="43.449480" lon="40.547224">
        <ele>644.061341</ele>
        <time>2025-04-15T14:29:24.471Z</time>
      </trkpt>
      <trkpt lat="43.450202" lon="40.547309">
        <ele>636.672885</ele>
        <time>2025-04-15T14:29:30.474Z</time>
      </trkpt>
      <trkpt lat="43.450463" lon="40.547397">
        <ele>633.591301</ele>
        <time>2025-04-15T14:29:32.736Z</time>
      </trkpt>
      <trkpt lat="43.450617" lon="40.547399">
        <ele>631.825108</ele>
        <time>2025-04-15T14:29:34.016Z</time>
      </trkpt>
      <trkpt lat="43.450767" lon="40.547341">
        <ele>630.038376</ele>
        <time>2025-04-15T14:29:35.300Z</time>
      </trkpt>
      <trkpt lat="43.450917" lon="40.547220">
        <ele>628.044868</ele>
        <time>2025-04-15T14:29:36.711Z</time>
      </trkpt>
      <trkpt lat="43.451003" lon="40.547013">
        <ele>626.059219</ele>
        <time>2025-04-15T14:29:38.097Z</time>
      </trkpt>
      <trkpt lat="43.451221" lon="40.545546">
        <ele>614.259592</ele>
        <time>2025-04-15T14:29:46.623Z</time>
      </trkpt>
      <trkpt lat="43.451318" lon="40.545331">
        <ele>612.575040</ele>
        <time>2025-04-15T14:29:48.069Z</time>
      </trkpt>
      <trkpt lat="43.451444" lon="40.545173">
        <ele>611.013123</ele>
        <time>2025-04-15T14:29:49.418Z</time>
      </trkpt>
      <trkpt lat="43.451636" lon="40.545071">
        <ele>609.126748</ele>
        <time>2025-04-15T14:29:51.082Z</time>
      </trkpt>
      <trkpt lat="43.452002" lon="40.544985">
        <ele>605.723247</ele>
        <time>2025-04-15T14:29:54.190Z</time>
      </trkpt>
      <trkpt lat="43.452196" lon="40.545006">
        <ele>603.939411</ele>
        <time>2025-04-15T14:29:55.917Z</time>
      </trkpt>
      <trkpt lat="43.452403" lon="40.545058">
        <ele>602.010594</ele>
        <time>2025-04-15T14:29:57.867Z</time>
      </trkpt>
      <trkpt lat="43.452616" lon="40.545152">
        <ele>600.190362</ele>
        <time>2025-04-15T14:29:59.999Z</time>
      </trkpt>
      <trkpt lat="43.453204" lon="40.545463">
        <ele>597.249479</ele>
        <time>2025-04-15T14:30:06.060Z</time>
      </trkpt>
      <trkpt lat="43.453350" lon="40.545465">
        <ele>596.567748</ele>
        <time>2025-04-15T14:30:07.444Z</time>
      </trkpt>
      <trkpt lat="43.453479" lon="40.545426">
        <ele>595.951091</ele>
        <time>2025-04-15T14:30:08.708Z</time>
      </trkpt>
      <trkpt lat="43.453534" lon="40.545341">
        <ele>595.565146</ele>
        <time>2025-04-15T14:30:09.496Z</time>
      </trkpt>
      <trkpt lat="43.453545" lon="40.545206">
        <ele>595.104691</ele>
        <time>2025-04-15T14:30:10.424Z</time>
      </trkpt>
      <trkpt lat="43.453519" lon="40.545093">
        <ele>594.702900</ele>
        <time>2025-04-15T14:30:11.229Z</time>
      </trkpt>
      <trkpt lat="43.453450" lon="40.545029">
        <ele>594.314502</ele>
        <time>2025-04-15T14:30:12.006Z</time>
      </trkpt>
      <trkpt lat="43.453027" lon="40.545017">
        <ele>592.339030</ele>
        <time>2025-04-15T14:30:15.767Z</time>
      </trkpt>
      <trkpt lat="43.452869" lon="40.544970">
        <ele>591.319374</ele>
        <time>2025-04-15T14:30:17.163Z</time>
      </trkpt>
      <trkpt lat="43.452703" lon="40.544883">
        <ele>589.998305</ele>
        <time>2025-04-15T14:30:18.680Z</time>
      </trkpt>
      <trkpt lat="43.452569" lon="40.544759">
        <ele>588.797588</ele>
        <time>2025-04-15T14:30:20.055Z</time>
      </trkpt>
      <trkpt lat="43.451692" lon="40.543314">
        <ele>578.629042</ele>
        <time>2025-04-15T14:30:31.604Z</time>
      </trkpt>
      <trkpt lat="43.451520" lon="40.543106">
        <ele>577.034577</ele>
        <time>2025-04-15T14:30:33.505Z</time>
      </trkpt>
      <trkpt lat="43.450053" lon="40.541725">
        <ele>565.716871</ele>
        <time>2025-04-15T14:30:48.681Z</time>
      </trkpt>
      <trkpt lat="43.449129" lon="40.541172">
        <ele>563.775894</ele>
        <time>2025-04-15T14:31:00.260Z</time>
      </trkpt>
      <trkpt lat="43.448788" lon="40.540901">
        <ele>563.017408</ele>
        <time>2025-04-15T14:31:05.228Z</time>
      </trkpt>
      <trkpt lat="43.448637" lon="40.540737">
        <ele>562.676596</ele>
        <time>2025-04-15T14:31:07.705Z</time>
      </trkpt>
      <trkpt lat="43.448489" lon="40.540506">
        <ele>563.509906</ele>
        <time>2025-04-15T14:31:10.605Z</time>
      </trkpt>
      <trkpt lat="43.448412" lon="40.540241">
        <ele>564.281946</ele>
        <time>2025-04-15T14:31:13.392Z</time>
      </trkpt>
      <trkpt lat="43.448386" lon="40.539882">
        <ele>565.257777</ele>
        <time>2025-04-15T14:31:17.531Z</time>
      </trkpt>
      <trkpt lat="43.448363" lon="40.539747">
        <ele>565.632841</ele>
        <time>2025-04-15T14:31:19.391Z</time>
      </trkpt>
      <trkpt lat="43.448307" lon="40.539659">
        <ele>565.949356</ele>
        <time>2025-04-15T14:31:21.050Z</time>
      </trkpt>
      <trkpt lat="43.447835" lon="40.539182">
        <ele>568.130376</ele>
        <time>2025-04-15T14:31:36.049Z</time>
      </trkpt>
      <trkpt lat="43.447494" lon="40.538867">
        <ele>569.844714</ele>
        <time>2025-04-15T14:31:50.096Z</time>
      </trkpt>
      <trkpt lat="43.447164" lon="40.538633">
        <ele>572.073101</ele>
        <time>2025-04-15T14:32:03.184Z</time>
      </trkpt>
      <trkpt lat="43.446834" lon="40.538450">
        <ele>574.208905</ele>
        <time>2025-04-15T14:32:14.602Z</time>
      </trkpt>
      <trkpt lat="43.446478" lon="40.537920">
        <ele>577.356175</ele>
        <time>2025-04-15T14:32:29.086Z</time>
      </trkpt>
      <trkpt lat="43.446037" lon="40.537710">
        <ele>580.157856</ele>
        <time>2025-04-15T14:32:38.629Z</time>
      </trkpt>
      <trkpt lat="43.445104" lon="40.536770">
        <ele>589.064064</ele>
        <time>2025-04-15T14:33:01.328Z</time>
      </trkpt>
      <trkpt lat="43.444852" lon="40.536461">
        <ele>591.663543</ele>
        <time>2025-04-15T14:33:16.138Z</time>
      </trkpt>
      <trkpt lat="43.444353" lon="40.536234">
        <ele>595.851620</ele>
        <time>2025-04-15T14:33:46.878Z</time>
      </trkpt>
      <trkpt lat="43.443565" lon="40.536061">
        <ele>602.503603</ele>
        <time>2025-04-15T14:34:31.197Z</time>
      </trkpt>
      <trkpt lat="43.443066" lon="40.535737">
        <ele>607.102524</ele>
        <time>2025-04-15T14:34:45.065Z</time>
      </trkpt>
      <trkpt lat="43.442887" lon="40.535529">
        <ele>608.968967</ele>
        <time>2025-04-15T14:34:47.104Z</time>
      </trkpt>
      <trkpt lat="43.442221" lon="40.535097">
        <ele>603.678094</ele>
        <time>2025-04-15T14:34:52.789Z</time>
      </trkpt>
      <trkpt lat="43.441908" lon="40.534835">
        <ele>601.045654</ele>
        <time>2025-04-15T14:34:55.609Z</time>
      </trkpt>
      <trkpt lat="43.441174" lon="40.534596">
        <ele>596.656907</ele>
        <time>2025-04-15T14:35:03.187Z</time>
      </trkpt>
      <trkpt lat="43.440570" lon="40.534480">
        <ele>602.175104</ele>
        <time>2025-04-15T14:35:34.831Z</time>
      </trkpt>
      <trkpt lat="43.439926" lon="40.534889">
        <ele>608.592092</ele>
        <time>2025-04-15T14:36:19.723Z</time>
      </trkpt>
      <trkpt lat="43.439064" lon="40.534804">
        <ele>601.292953</ele>
        <time>2025-04-15T14:36:28.528Z</time>
      </trkpt>
      <trkpt lat="43.438717" lon="40.534488">
        <ele>591.022676</ele>
        <time>2025-04-15T14:36:31.726Z</time>
      </trkpt>
      <trkpt lat="43.438493" lon="40.534179">
        <ele>583.195437</ele>
        <time>2025-04-15T14:36:34.218Z</time>
      </trkpt>
      <trkpt lat="43.438202" lon="40.533401">
        <ele>567.642171</ele>
        <time>2025-04-15T14:36:39.226Z</time>
      </trkpt>
      <trkpt lat="43.437846" lon="40.533132">
        <ele>560.663701</ele>
        <time>2025-04-15T14:36:42.339Z</time>
      </trkpt>
      <trkpt lat="43.436446" lon="40.532612">
        <ele>535.747923</ele>
        <time>2025-04-15T14:36:54.186Z</time>
      </trkpt>
      <trkpt lat="43.436059" lon="40.532291">
        <ele>528.006711</ele>
        <time>2025-04-15T14:36:57.731Z</time>
      </trkpt>
      <trkpt lat="43.435352" lon="40.531257">
        <ele>510.335076</ele>
        <time>2025-04-15T14:37:05.557Z</time>
      </trkpt>
      <trkpt lat="43.434902" lon="40.530668">
        <ele>503.104872</ele>
        <time>2025-04-15T14:37:10.349Z</time>
      </trkpt>
      <trkpt lat="43.434288" lon="40.530240">
        <ele>497.472552</ele>
        <time>2025-04-15T14:37:16.055Z</time>
      </trkpt>
      <trkpt lat="43.433180" lon="40.530018">
        <ele>493.159571</ele>
        <time>2025-04-15T14:37:27.841Z</time>
      </trkpt>
      <trkpt lat="43.432958" lon="40.529877">
        <ele>494.199994</ele>
        <time>2025-04-15T14:37:32.283Z</time>
      </trkpt>
      <trkpt lat="43.432523" lon="40.529468">
        <ele>496.441603</ele>
        <time>2025-04-15T14:37:45.134Z</time>
      </trkpt>
      <trkpt lat="43.432364" lon="40.529211">
        <ele>497.485013</ele>
        <time>2025-04-15T14:37:52.927Z</time>
      </trkpt>
      <trkpt lat="43.432172" lon="40.528999">
        <ele>498.532353</ele>
        <time>2025-04-15T14:38:01.675Z</time>
      </trkpt>
      <trkpt lat="43.431958" lon="40.528939">
        <ele>499.583555</ele>
        <time>2025-04-15T14:38:09.746Z</time>
      </trkpt>
      <trkpt lat="43.431607" lon="40.528750">
        <ele>501.823583</ele>
        <time>2025-04-15T14:38:24.529Z</time>
      </trkpt>
      <trkpt lat="43.431305" lon="40.528312">
        <ele>504.430485</ele>
        <time>2025-04-15T14:38:40.702Z</time>
      </trkpt>
      <trkpt lat="43.431064" lon="40.527822">
        <ele>506.984865</ele>
        <time>2025-04-15T14:38:52.484Z</time>
      </trkpt>
      <trkpt lat="43.430888" lon="40.527595">
        <ele>508.418136</ele>
        <time>2025-04-15T14:38:56.968Z</time>
      </trkpt>
      <trkpt lat="43.430607" lon="40.527387">
        <ele>510.128996</ele>
        <time>2025-04-15T14:39:00.982Z</time>
      </trkpt>
      <trkpt lat="43.430077" lon="40.527073">
        <ele>512.203890</ele>
        <time>2025-04-15T14:39:06.563Z</time>
      </trkpt>
      <trkpt lat="43.429215" lon="40.526503">
        <ele>515.642693</ele>
        <time>2025-04-15T14:39:26.751Z</time>
      </trkpt>
      <trkpt lat="43.428750" lon="40.526083">
        <ele>519.143312</ele>
        <time>2025-04-15T14:39:54.151Z</time>
      </trkpt>
      <trkpt lat="43.428207" lon="40.525426">
        <ele>524.677739</ele>
        <time>2025-04-15T14:40:29.355Z</time>
      </trkpt>
      <trkpt lat="43.427298" lon="40.522919">
        <ele>528.302735</ele>
        <time>2025-04-15T14:40:53.481Z</time>
      </trkpt>
      <trkpt lat="43.426929" lon="40.522258">
        <ele>527.651813</ele>
        <time>2025-04-15T14:40:58.942Z</time>
      </trkpt>
      <trkpt lat="43.426568" lon="40.521719">
        <ele>527.569680</ele>
        <time>2025-04-15T14:41:08.319Z</time>
      </trkpt>
      <trkpt lat="43.426249" lon="40.521576">
        <ele>527.517935</ele>
        <time>2025-04-15T14:41:15.671Z</time>
      </trkpt>
      <trkpt lat="43.425538" lon="40.521256">
        <ele>527.402560</ele>
        <time>2025-04-15T14:41:24.300Z</time>
      </trkpt>
      <trkpt lat="43.425305" lon="40.520905">
        <ele>528.979285</ele>
        <time>2025-04-15T14:41:28.011Z</time>
      </trkpt>
      <trkpt lat="43.424822" lon="40.520061">
        <ele>533.122291</ele>
        <time>2025-04-15T14:41:39.419Z</time>
      </trkpt>
      <trkpt lat="43.424562" lon="40.519699">
        <ele>535.085281</ele>
        <time>2025-04-15T14:41:51.863Z</time>
      </trkpt>
      <trkpt lat="43.424015" lon="40.518487">
        <ele>530.232789</ele>
        <time>2025-04-15T14:42:49.145Z</time>
      </trkpt>
      <trkpt lat="43.423807" lon="40.518176">
        <ele>527.229952</ele>
        <time>2025-04-15T14:42:51.808Z</time>
      </trkpt>
      <trkpt lat="43.423637" lon="40.517788">
        <ele>524.011473</ele>
        <time>2025-04-15T14:42:54.305Z</time>
      </trkpt>
      <trkpt lat="43.423618" lon="40.517610">
        <ele>522.733610</ele>
        <time>2025-04-15T14:42:55.302Z</time>
      </trkpt>
      <trkpt lat="43.423638" lon="40.517412">
        <ele>521.313737</ele>
        <time>2025-04-15T14:42:56.427Z</time>
      </trkpt>
      <trkpt lat="43.423733" lon="40.517071">
        <ele>516.834893</ele>
        <time>2025-04-15T14:42:58.523Z</time>
      </trkpt>
      <trkpt lat="43.423805" lon="40.516564">
        <ele>502.268443</ele>
        <time>2025-04-15T14:43:01.540Z</time>
      </trkpt>
      <trkpt lat="43.423793" lon="40.516417">
        <ele>498.097429</ele>
        <time>2025-04-15T14:43:02.415Z</time>
      </trkpt>
      <trkpt lat="43.423645" lon="40.515838">
        <ele>480.789928</ele>
        <time>2025-04-15T14:43:06.063Z</time>
      </trkpt>
      <trkpt lat="43.423475" lon="40.515339">
        <ele>465.248708</ele>
        <time>2025-04-15T14:43:09.196Z</time>
      </trkpt>
      <trkpt lat="43.423430" lon="40.514951">
        <ele>454.169715</ele>
        <time>2025-04-15T14:43:11.379Z</time>
      </trkpt>
      <trkpt lat="43.423388" lon="40.514235">
        <ele>441.385391</ele>
        <time>2025-04-15T14:43:15.332Z</time>
      </trkpt>
      <trkpt lat="43.423301" lon="40.513859">
        <ele>435.583138</ele>
        <time>2025-04-15T14:43:17.504Z</time>
      </trkpt>
      <trkpt lat="43.423072" lon="40.513256">
        <ele>425.578074</ele>
        <time>2025-04-15T14:43:21.274Z</time>
      </trkpt>
      <trkpt lat="43.422770" lon="40.512318">
        <ele>411.660526</ele>
        <time>2025-04-15T14:43:27.024Z</time>
      </trkpt>
      <trkpt lat="43.422264" lon="40.510167">
        <ele>393.237662</ele>
        <time>2025-04-15T14:43:40.201Z</time>
      </trkpt>
      <trkpt lat="43.422074" lon="40.509791">
        <ele>392.324098</ele>
        <time>2025-04-15T14:43:43.329Z</time>
      </trkpt>
      <trkpt lat="43.421849" lon="40.509266">
        <ele>391.439342</ele>
        <time>2025-04-15T14:43:48.178Z</time>
      </trkpt>
      <trkpt lat="43.421663" lon="40.508732">
        <ele>390.579768</ele>
        <time>2025-04-15T14:43:55.060Z</time>
      </trkpt>
      <trkpt lat="43.421625" lon="40.508452">
        <ele>390.166337</ele>
        <time>2025-04-15T14:43:58.790Z</time>
      </trkpt>
      <trkpt lat="43.421560" lon="40.507002">
        <ele>387.435582</ele>
        <time>2025-04-15T14:44:10.713Z</time>
      </trkpt>
      <trkpt lat="43.421487" lon="40.506741">
        <ele>386.832775</ele>
        <time>2025-04-15T14:44:12.614Z</time>
      </trkpt>
      <trkpt lat="43.421353" lon="40.506397">
        <ele>385.991443</ele>
        <time>2025-04-15T14:44:15.207Z</time>
      </trkpt>
      <trkpt lat="43.421268" lon="40.505879">
        <ele>384.846844</ele>
        <time>2025-04-15T14:44:18.672Z</time>
      </trkpt>
      <trkpt lat="43.421248" lon="40.504496">
        <ele>382.533487</ele>
        <time>2025-04-15T14:44:28.693Z</time>
      </trkpt>
      <trkpt lat="43.421272" lon="40.504177">
        <ele>382.058258</ele>
        <time>2025-04-15T14:44:32.029Z</time>
      </trkpt>
      <trkpt lat="43.421354" lon="40.503893">
        <ele>381.605389</ele>
        <time>2025-04-15T14:44:35.237Z</time>
      </trkpt>
      <trkpt lat="43.421471" lon="40.503664">
        <ele>381.190509</ele>
        <time>2025-04-15T14:44:37.889Z</time>
      </trkpt>
      <trkpt lat="43.421971" lon="40.502946">
        <ele>378.347036</ele>
        <time>2025-04-15T14:44:45.404Z</time>
      </trkpt>
      <trkpt lat="43.422071" lon="40.502700">
        <ele>377.002386</ele>
        <time>2025-04-15T14:44:47.232Z</time>
      </trkpt>
      <trkpt lat="43.422578" lon="40.500715">
        <ele>368.426528</ele>
        <time>2025-04-15T14:44:59.921Z</time>
      </trkpt>
      <trkpt lat="43.422711" lon="40.500334">
        <ele>368.303130</ele>
        <time>2025-04-15T14:45:02.703Z</time>
      </trkpt>
      <trkpt lat="43.423755" lon="40.497965">
        <ele>374.960226</ele>
        <time>2025-04-15T14:45:43.336Z</time>
      </trkpt>
      <trkpt lat="43.423944" lon="40.497393">
        <ele>379.273181</ele>
        <time>2025-04-15T14:46:01.367Z</time>
      </trkpt>
      <trkpt lat="43.424097" lon="40.496813">
        <ele>383.508292</ele>
        <time>2025-04-15T14:46:23.034Z</time>
      </trkpt>
      <trkpt lat="43.424197" lon="40.496331">
        <ele>387.550752</ele>
        <time>2025-04-15T14:46:43.866Z</time>
      </trkpt>
      <trkpt lat="43.424252" lon="40.495470">
        <ele>395.141547</ele>
        <time>2025-04-15T14:47:22.618Z</time>
      </trkpt>
      <trkpt lat="43.424298" lon="40.494880">
        <ele>400.352900</ele>
        <time>2025-04-15T14:47:45.047Z</time>
      </trkpt>
      <trkpt lat="43.424370" lon="40.494355">
        <ele>405.045107</ele>
        <time>2025-04-15T14:47:57.382Z</time>
      </trkpt>
      <trkpt lat="43.424544" lon="40.493738">
        <ele>400.733080</ele>
        <time>2025-04-15T14:48:02.367Z</time>
      </trkpt>
      <trkpt lat="43.425507" lon="40.491397">
        <ele>371.144000</ele>
        <time>2025-04-15T14:48:17.161Z</time>
      </trkpt>
      <trkpt lat="43.425549" lon="40.491133">
        <ele>368.808830</ele>
        <time>2025-04-15T14:48:18.666Z</time>
      </trkpt>
      <trkpt lat="43.425547" lon="40.490779">
        <ele>365.750013</ele>
        <time>2025-04-15T14:48:20.685Z</time>
      </trkpt>
      <trkpt lat="43.425451" lon="40.490159">
        <ele>360.272526</ele>
        <time>2025-04-15T14:48:24.521Z</time>
      </trkpt>
      <trkpt lat="43.425266" lon="40.488953">
        <ele>358.279893</ele>
        <time>2025-04-15T14:48:38.987Z</time>
      </trkpt>
      <trkpt lat="43.425039" lon="40.487984">
        <ele>361.738222</ele>
        <time>2025-04-15T14:48:58.811Z</time>
      </trkpt>
      <trkpt lat="43.424832" lon="40.487238">
        <ele>364.662674</ele>
        <time>2025-04-15T14:49:17.023Z</time>
      </trkpt>
      <trkpt lat="43.424498" lon="40.486517">
        <ele>370.614958</ele>
        <time>2025-04-15T14:49:40.171Z</time>
      </trkpt>
      <trkpt lat="43.424193" lon="40.485977">
        <ele>375.376325</ele>
        <time>2025-04-15T14:49:59.858Z</time>
      </trkpt>
      <trkpt lat="43.423773" lon="40.485475">
        <ele>380.706421</ele>
        <time>2025-04-15T14:50:21.482Z</time>
      </trkpt>
      <trkpt lat="43.421836" lon="40.483732">
        <ele>393.434346</ele>
        <time>2025-04-15T14:51:33.196Z</time>
      </trkpt>
      <trkpt lat="43.421623" lon="40.483457">
        <ele>392.412974</ele>
        <time>2025-04-15T14:51:38.265Z</time>
      </trkpt>
      <trkpt lat="43.421406" lon="40.482934">
        <ele>390.882745</ele>
        <time>2025-04-15T14:51:43.473Z</time>
      </trkpt>
      <trkpt lat="43.420794" lon="40.481003">
        <ele>368.449925</ele>
        <time>2025-04-15T14:51:55.372Z</time>
      </trkpt>
      <trkpt lat="43.420770" lon="40.480904">
        <ele>366.738197</ele>
        <time>2025-04-15T14:51:55.953Z</time>
      </trkpt>
      <trkpt lat="43.420779" lon="40.480395">
        <ele>358.387732</ele>
        <time>2025-04-15T14:51:58.792Z</time>
      </trkpt>
      <trkpt lat="43.420772" lon="40.480070">
        <ele>353.055139</ele>
        <time>2025-04-15T14:52:00.610Z</time>
      </trkpt>
      <trkpt lat="43.420692" lon="40.479456">
        <ele>343.511158</ele>
        <time>2025-04-15T14:52:04.100Z</time>
      </trkpt>
      <trkpt lat="43.420521" lon="40.478800">
        <ele>333.583659</ele>
        <time>2025-04-15T14:52:07.968Z</time>
      </trkpt>
      <trkpt lat="43.419755" lon="40.476163">
        <ele>306.060211</ele>
        <time>2025-04-15T14:52:24.323Z</time>
      </trkpt>
      <trkpt lat="43.419002" lon="40.474812">
        <ele>302.528917</ele>
        <time>2025-04-15T14:52:41.916Z</time>
      </trkpt>
      <trkpt lat="43.417387" lon="40.473340">
        <ele>306.539393</ele>
        <time>2025-04-15T14:53:34.829Z</time>
      </trkpt>
      <trkpt lat="43.417253" lon="40.472634">
        <ele>305.091404</ele>
        <time>2025-04-15T14:53:39.646Z</time>
      </trkpt>
      <trkpt lat="43.417277" lon="40.471392">
        <ele>302.880932</ele>
        <time>2025-04-15T14:53:47.067Z</time>
      </trkpt>
      <trkpt lat="43.417159" lon="40.470799">
        <ele>302.197887</ele>
        <time>2025-04-15T14:53:51.014Z</time>
      </trkpt>
      <trkpt lat="43.416930" lon="40.470174">
        <ele>301.420230</ele>
        <time>2025-04-15T14:53:57.654Z</time>
      </trkpt>
      <trkpt lat="43.416342" lon="40.469429">
        <ele>302.364015</ele>
        <time>2025-04-15T14:54:14.794Z</time>
      </trkpt>
      <trkpt lat="43.416223" lon="40.469050">
        <ele>305.781679</ele>
        <time>2025-04-15T14:54:20.585Z</time>
      </trkpt>
      <trkpt lat="43.416286" lon="40.467476">
        <ele>318.830035</ele>
        <time>2025-04-15T14:55:02.057Z</time>
      </trkpt>
      <trkpt lat="43.416208" lon="40.467253">
        <ele>320.878747</ele>
        <time>2025-04-15T14:55:14.427Z</time>
      </trkpt>
      <trkpt lat="43.416034" lon="40.467154">
        <ele>324.173556</ele>
        <time>2025-04-15T14:55:27.466Z</time>
      </trkpt>
      <trkpt lat="43.415590" lon="40.467000">
        <ele>332.283216</ele>
        <time>2025-04-15T14:55:59.214Z</time>
      </trkpt>
      <trkpt lat="43.415296" lon="40.466786">
        <ele>338.173458</ele>
        <time>2025-04-15T14:56:22.157Z</time>
      </trkpt>
      <trkpt lat="43.415053" lon="40.466390">
        <ele>344.842790</ele>
        <time>2025-04-15T14:56:48.044Z</time>
      </trkpt>
      <trkpt lat="43.414384" lon="40.464781">
        <ele>342.831893</ele>
        <time>2025-04-15T14:56:59.699Z</time>
      </trkpt>
      <trkpt lat="43.414134" lon="40.464333">
        <ele>338.268319</ele>
        <time>2025-04-15T14:57:02.813Z</time>
      </trkpt>
      <trkpt lat="43.413897" lon="40.464123">
        <ele>335.133979</ele>
        <time>2025-04-15T14:57:04.967Z</time>
      </trkpt>
      <trkpt lat="43.413557" lon="40.463928">
        <ele>331.989638</ele>
        <time>2025-04-15T14:57:07.821Z</time>
      </trkpt>
      <trkpt lat="43.413163" lon="40.463778">
        <ele>329.891626</ele>
        <time>2025-04-15T14:57:11.112Z</time>
      </trkpt>
      <trkpt lat="43.410845" lon="40.463166">
        <ele>323.081904</ele>
        <time>2025-04-15T14:57:40.146Z</time>
      </trkpt>
      <trkpt lat="43.410713" lon="40.463118">
        <ele>323.022392</ele>
        <time>2025-04-15T14:57:41.747Z</time>
      </trkpt>
      <trkpt lat="43.409585" lon="40.462708">
        <ele>321.509275</ele>
        <time>2025-04-15T14:57:56.735Z</time>
      </trkpt>
      <trkpt lat="43.409481" lon="40.462663">
        <ele>321.288979</ele>
        <time>2025-04-15T14:57:58.580Z</time>
      </trkpt>
      <trkpt lat="43.408292" lon="40.462385">
        <ele>318.114210</ele>
        <time>2025-04-15T14:58:11.057Z</time>
      </trkpt>
      <trkpt lat="43.407094" lon="40.461488">
        <ele>308.663309</ele>
        <time>2025-04-15T14:58:22.186Z</time>
      </trkpt>
      <trkpt lat="43.406876" lon="40.461375">
        <ele>307.049001</ele>
        <time>2025-04-15T14:58:24.313Z</time>
      </trkpt>
      <trkpt lat="43.406670" lon="40.461371">
        <ele>306.754172</ele>
        <time>2025-04-15T14:58:26.420Z</time>
      </trkpt>
      <trkpt lat="43.406041" lon="40.461460">
        <ele>307.013177</ele>
        <time>2025-04-15T14:58:36.047Z</time>
      </trkpt>
      <trkpt lat="43.405903" lon="40.461454">
        <ele>307.069732</ele>
        <time>2025-04-15T14:58:39.119Z</time>
      </trkpt>
      <trkpt lat="43.405631" lon="40.461384">
        <ele>307.183078</ele>
        <time>2025-04-15T14:58:45.169Z</time>
      </trkpt>
      <trkpt lat="43.404671" lon="40.460993">
        <ele>307.885014</ele>
        <time>2025-04-15T14:59:01.167Z</time>
      </trkpt>
      <trkpt lat="43.403820" lon="40.460485">
        <ele>308.935138</ele>
        <time>2025-04-15T14:59:17.054Z</time>
      </trkpt>
      <trkpt lat="43.402291" lon="40.459301">
        <ele>301.917879</ele>
        <time>2025-04-15T14:59:41.837Z</time>
      </trkpt>
      <trkpt lat="43.402054" lon="40.459009">
        <ele>300.053244</ele>
        <time>2025-04-15T14:59:44.300Z</time>
      </trkpt>
      <trkpt lat="43.401838" lon="40.458383">
        <ele>293.350812</ele>
        <time>2025-04-15T14:59:48.121Z</time>
      </trkpt>
      <trkpt lat="43.401714" lon="40.458126">
        <ele>289.326660</ele>
        <time>2025-04-15T14:59:49.825Z</time>
      </trkpt>
      <trkpt lat="43.401551" lon="40.457933">
        <ele>285.466433</ele>
        <time>2025-04-15T14:59:51.471Z</time>
      </trkpt>
      <trkpt lat="43.400722" lon="40.457319">
        <ele>268.565130</ele>
        <time>2025-04-15T14:59:58.650Z</time>
      </trkpt>
      <trkpt lat="43.400386" lon="40.457154">
        <ele>264.991273</ele>
        <time>2025-04-15T15:00:01.845Z</time>
      </trkpt>
      <trkpt lat="43.400189" lon="40.457133">
        <ele>263.691271</ele>
        <time>2025-04-15T15:00:04.129Z</time>
      </trkpt>
      <trkpt lat="43.399127" lon="40.457479">
        <ele>256.510963</ele>
        <time>2025-04-15T15:00:14.486Z</time>
      </trkpt>
      <trkpt lat="43.398904" lon="40.457384">
        <ele>254.975102</ele>
        <time>2025-04-15T15:00:16.458Z</time>
      </trkpt>
      <trkpt lat="43.398286" lon="40.456899">
        <ele>249.323460</ele>
        <time>2025-04-15T15:00:22.188Z</time>
      </trkpt>
      <trkpt lat="43.398105" lon="40.456790">
        <ele>247.743130</ele>
        <time>2025-04-15T15:00:23.733Z</time>
      </trkpt>
      <trkpt lat="43.397915" lon="40.456750">
        <ele>246.205665</ele>
        <time>2025-04-15T15:00:25.236Z</time>
      </trkpt>
      <trkpt lat="43.395754" lon="40.456760">
        <ele>237.185741</ele>
        <time>2025-04-15T15:00:46.159Z</time>
      </trkpt>
      <trkpt lat="43.395045" lon="40.456875">
        <ele>235.654812</ele>
        <time>2025-04-15T15:00:58.641Z</time>
      </trkpt>
      <trkpt lat="43.394773" lon="40.456960">
        <ele>235.085183</ele>
        <time>2025-04-15T15:01:02.902Z</time>
      </trkpt>
      <trkpt lat="43.394571" lon="40.457132">
        <ele>234.600074</ele>
        <time>2025-04-15T15:01:06.200Z</time>
      </trkpt>
      <trkpt lat="43.393761" lon="40.458541">
        <ele>230.552307</ele>
        <time>2025-04-15T15:01:18.316Z</time>
      </trkpt>
      <trkpt lat="43.393636" lon="40.458648">
        <ele>229.708994</ele>
        <time>2025-04-15T15:01:19.597Z</time>
      </trkpt>
      <trkpt lat="43.392632" lon="40.459136">
        <ele>223.609174</ele>
        <time>2025-04-15T15:01:28.906Z</time>
      </trkpt>
      <trkpt lat="43.391783" lon="40.459494">
        <ele>218.667884</ele>
        <time>2025-04-15T15:01:36.693Z</time>
      </trkpt>
      <trkpt lat="43.391611" lon="40.459540">
        <ele>217.701841</ele>
        <time>2025-04-15T15:01:38.229Z</time>
      </trkpt>
      <trkpt lat="43.390129" lon="40.459603">
        <ele>211.232348</ele>
        <time>2025-04-15T15:01:51.655Z</time>
      </trkpt>
      <trkpt lat="43.389780" lon="40.459646">
        <ele>210.416535</ele>
        <time>2025-04-15T15:01:55.106Z</time>
      </trkpt>
      <trkpt lat="43.389094" lon="40.459884">
        <ele>208.769369</ele>
        <time>2025-04-15T15:02:02.899Z</time>
      </trkpt>
      <trkpt lat="43.388213" lon="40.460137">
        <ele>209.446289</ele>
        <time>2025-04-15T15:02:18.094Z</time>
      </trkpt>
      <trkpt lat="43.387506" lon="40.460392">
        <ele>210.661838</ele>
        <time>2025-04-15T15:02:32.221Z</time>
      </trkpt>
      <trkpt lat="43.387373" lon="40.460503">
        <ele>210.920538</ele>
        <time>2025-04-15T15:02:34.995Z</time>
      </trkpt>
      <trkpt lat="43.387270" lon="40.460665">
        <ele>211.180695</ele>
        <time>2025-04-15T15:02:37.678Z</time>
      </trkpt>
      <trkpt lat="43.387122" lon="40.460953">
        <ele>211.782800</ele>
        <time>2025-04-15T15:02:42.042Z</time>
      </trkpt>
      <trkpt lat="43.386707" lon="40.461911">
        <ele>213.860936</ele>
        <time>2025-04-15T15:02:56.594Z</time>
      </trkpt>
      <trkpt lat="43.386616" lon="40.462058">
        <ele>214.220749</ele>
        <time>2025-04-15T15:02:59.493Z</time>
      </trkpt>
      <trkpt lat="43.386382" lon="40.462284">
        <ele>214.953757</ele>
        <time>2025-04-15T15:03:05.832Z</time>
      </trkpt>
      <trkpt lat="43.385931" lon="40.462574">
        <ele>215.515628</ele>
        <time>2025-04-15T15:03:17.488Z</time>
      </trkpt>
      <trkpt lat="43.385562" lon="40.462883">
        <ele>214.267754</ele>
        <time>2025-04-15T15:03:25.954Z</time>
      </trkpt>
      <trkpt lat="43.385241" lon="40.463288">
        <ele>213.009612</ele>
        <time>2025-04-15T15:03:31.299Z</time>
      </trkpt>
      <trkpt lat="43.385134" lon="40.463500">
        <ele>212.467714</ele>
        <time>2025-04-15T15:03:33.105Z</time>
      </trkpt>
      <trkpt lat="43.384655" lon="40.465076">
        <ele>206.956580</ele>
        <time>2025-04-15T15:03:43.238Z</time>
      </trkpt>
      <trkpt lat="43.384570" lon="40.465226">
        <ele>206.134223</ele>
        <time>2025-04-15T15:03:44.347Z</time>
      </trkpt>
      <trkpt lat="43.384271" lon="40.465556">
        <ele>203.853976</ele>
        <time>2025-04-15T15:03:47.499Z</time>
      </trkpt>
      <trkpt lat="43.383958" lon="40.465826">
        <ele>201.656288</ele>
        <time>2025-04-15T15:03:50.844Z</time>
      </trkpt>
      <trkpt lat="43.383397" lon="40.466181">
        <ele>202.956661</ele>
        <time>2025-04-15T15:04:03.479Z</time>
      </trkpt>
      <trkpt lat="43.383032" lon="40.466311">
        <ele>206.249626</ele>
        <time>2025-04-15T15:04:18.187Z</time>
      </trkpt>
      <trkpt lat="43.382415" lon="40.466254">
        <ele>211.650613</ele>
        <time>2025-04-15T15:04:46.562Z</time>
      </trkpt>
      <trkpt lat="43.382123" lon="40.466222">
        <ele>214.209007</ele>
        <time>2025-04-15T15:04:58.940Z</time>
      </trkpt>
      <trkpt lat="43.381536" lon="40.466158">
        <ele>217.899711</ele>
        <time>2025-04-15T15:05:18.243Z</time>
      </trkpt>
      <trkpt lat="43.381453" lon="40.466150">
        <ele>218.336849</ele>
        <time>2025-04-15T15:05:20.208Z</time>
      </trkpt>
      <trkpt lat="43.381378" lon="40.466087">
        <ele>218.798517</ele>
        <time>2025-04-15T15:05:21.942Z</time>
      </trkpt>
      <trkpt lat="43.380137" lon="40.465185">
        <ele>224.984019</ele>
        <time>2025-04-15T15:05:51.438Z</time>
      </trkpt>
      <trkpt lat="43.379405" lon="40.464819">
        <ele>224.286217</ele>
        <time>2025-04-15T15:06:16.841Z</time>
      </trkpt>
      <trkpt lat="43.379187" lon="40.464658">
        <ele>224.064539</ele>
        <time>2025-04-15T15:06:21.166Z</time>
      </trkpt>
      <trkpt lat="43.379019" lon="40.464481">
        <ele>223.874956</ele>
        <time>2025-04-15T15:06:23.402Z</time>
      </trkpt>
      <trkpt lat="43.378836" lon="40.464213">
        <ele>223.635497</ele>
        <time>2025-04-15T15:06:25.598Z</time>
      </trkpt>
      <trkpt lat="43.378422" lon="40.463229">
        <ele>210.083676</ele>
        <time>2025-04-15T15:06:31.855Z</time>
      </trkpt>
      <trkpt lat="43.378267" lon="40.462909">
        <ele>204.901687</ele>
        <time>2025-04-15T15:06:33.984Z</time>
      </trkpt>
      <trkpt lat="43.378159" lon="40.462768">
        <ele>202.141341</ele>
        <time>2025-04-15T15:06:35.117Z</time>
      </trkpt>
      <trkpt lat="43.377840" lon="40.462467">
        <ele>194.969798</ele>
        <time>2025-04-15T15:06:38.058Z</time>
      </trkpt>
      <trkpt lat="43.377677" lon="40.462386">
        <ele>191.756687</ele>
        <time>2025-04-15T15:06:39.406Z</time>
      </trkpt>
      <trkpt lat="43.377455" lon="40.462350">
        <ele>190.343684</ele>
        <time>2025-04-15T15:06:41.194Z</time>
      </trkpt>
      <trkpt lat="43.377180" lon="40.462364">
        <ele>190.629605</ele>
        <time>2025-04-15T15:06:43.643Z</time>
      </trkpt>
      <trkpt lat="43.376600" lon="40.462427">
        <ele>191.234101</ele>
        <time>2025-04-15T15:06:54.761Z</time>
      </trkpt>
      <trkpt lat="43.376260" lon="40.462512">
        <ele>191.593146</ele>
        <time>2025-04-15T15:07:05.785Z</time>
      </trkpt>
      <trkpt lat="43.375535" lon="40.462740">
        <ele>193.450854</ele>
        <time>2025-04-15T15:07:31.445Z</time>
      </trkpt>
      <trkpt lat="43.375116" lon="40.462938">
        <ele>195.585311</ele>
        <time>2025-04-15T15:07:44.337Z</time>
      </trkpt>
      <trkpt lat="43.374546" lon="40.462777">
        <ele>198.388785</ele>
        <time>2025-04-15T15:07:58.851Z</time>
      </trkpt>
      <trkpt lat="43.374296" lon="40.462665">
        <ele>199.655510</ele>
        <time>2025-04-15T15:08:04.204Z</time>
      </trkpt>
      <trkpt lat="43.373415" lon="40.462211">
        <ele>200.099650</ele>
        <time>2025-04-15T15:08:16.564Z</time>
      </trkpt>
      <trkpt lat="43.373043" lon="40.461988">
        <ele>199.741157</ele>
        <time>2025-04-15T15:08:22.820Z</time>
      </trkpt>
      <trkpt lat="43.371471" lon="40.460711">
        <ele>188.179074</ele>
        <time>2025-04-15T15:08:40.469Z</time>
      </trkpt>
      <trkpt lat="43.369962" lon="40.459440">
        <ele>160.624256</ele>
        <time>2025-04-15T15:08:53.944Z</time>
      </trkpt>
      <trkpt lat="43.369656" lon="40.459237">
        <ele>154.146253</ele>
        <time>2025-04-15T15:08:56.530Z</time>
      </trkpt>
      <trkpt lat="43.369496" lon="40.459055">
        <ele>150.187357</ele>
        <time>2025-04-15T15:08:58.114Z</time>
      </trkpt>
      <trkpt lat="43.369266" lon="40.458509">
        <ele>144.853745</ele>
        <time>2025-04-15T15:09:01.667Z</time>
      </trkpt>
      <trkpt lat="43.369052" lon="40.458103">
        <ele>141.696212</ele>
        <time>2025-04-15T15:09:04.577Z</time>
      </trkpt>
      <trkpt lat="43.368957" lon="40.457967">
        <ele>140.508667</ele>
        <time>2025-04-15T15:09:05.710Z</time>
      </trkpt>
      <trkpt lat="43.368436" lon="40.457506">
        <ele>135.143247</ele>
        <time>2025-04-15T15:09:11.290Z</time>
      </trkpt>
      <trkpt lat="43.368226" lon="40.457046">
        <ele>132.102588</ele>
        <time>2025-04-15T15:09:15.276Z</time>
      </trkpt>
      <trkpt lat="43.367995" lon="40.456791">
        <ele>132.013074</ele>
        <time>2025-04-15T15:09:18.498Z</time>
      </trkpt>
      <trkpt lat="43.367818" lon="40.456650">
        <ele>131.951258</ele>
        <time>2025-04-15T15:09:20.892Z</time>
      </trkpt>
      <trkpt lat="43.367715" lon="40.456610">
        <ele>131.918912</ele>
        <time>2025-04-15T15:09:22.209Z</time>
      </trkpt>
      <trkpt lat="43.367595" lon="40.456599">
        <ele>131.882564</ele>
        <time>2025-04-15T15:09:23.742Z</time>
      </trkpt>
      <trkpt lat="43.367484" lon="40.456627">
        <ele>131.848458</ele>
        <time>2025-04-15T15:09:25.257Z</time>
      </trkpt>
      <trkpt lat="43.367336" lon="40.456593">
        <ele>131.803109</ele>
        <time>2025-04-15T15:09:27.381Z</time>
      </trkpt>
      <trkpt lat="43.366844" lon="40.456219">
        <ele>131.633221</ele>
        <time>2025-04-15T15:09:36.148Z</time>
      </trkpt>
      <trkpt lat="43.366406" lon="40.455772">
        <ele>131.563748</ele>
        <time>2025-04-15T15:09:45.339Z</time>
      </trkpt>
      <trkpt lat="43.365802" lon="40.455036">
        <ele>131.542794</ele>
        <time>2025-04-15T15:09:56.626Z</time>
      </trkpt>
      <trkpt lat="43.365674" lon="40.454748">
        <ele>131.536422</ele>
        <time>2025-04-15T15:09:59.466Z</time>
      </trkpt>
      <trkpt lat="43.365613" lon="40.454481">
        <ele>131.531138</ele>
        <time>2025-04-15T15:10:01.721Z</time>
      </trkpt>
      <trkpt lat="43.365575" lon="40.454189">
        <ele>131.532600</ele>
        <time>2025-04-15T15:10:04.104Z</time>
      </trkpt>
      <trkpt lat="43.365657" lon="40.453125">
        <ele>131.818358</ele>
        <time>2025-04-15T15:10:12.904Z</time>
      </trkpt>
      <trkpt lat="43.365592" lon="40.452500">
        <ele>131.986979</ele>
        <time>2025-04-15T15:10:19.243Z</time>
      </trkpt>
      <trkpt lat="43.365503" lon="40.452160">
        <ele>132.083491</ele>
        <time>2025-04-15T15:10:23.589Z</time>
      </trkpt>
      <trkpt lat="43.364911" lon="40.450406">
        <ele>136.112059</ele>
        <time>2025-04-15T15:10:53.655Z</time>
      </trkpt>
      <trkpt lat="43.364710" lon="40.449615">
        <ele>138.238060</ele>
        <time>2025-04-15T15:11:07.477Z</time>
      </trkpt>
      <trkpt lat="43.364629" lon="40.449108">
        <ele>139.352829</ele>
        <time>2025-04-15T15:11:16.366Z</time>
      </trkpt>
      <trkpt lat="43.364458" lon="40.448378">
        <ele>140.937983</ele>
        <time>2025-04-15T15:11:29.869Z</time>
      </trkpt>
      <trkpt lat="43.364132" lon="40.447461">
        <ele>143.047720</ele>
        <time>2025-04-15T15:11:45.214Z</time>
      </trkpt>
      <trkpt lat="43.363918" lon="40.446973">
        <ele>142.742016</ele>
        <time>2025-04-15T15:11:50.615Z</time>
      </trkpt>
      <trkpt lat="43.363798" lon="40.446506">
        <ele>141.422551</ele>
        <time>2025-04-15T15:11:54.240Z</time>
      </trkpt>
      <trkpt lat="43.363717" lon="40.445487">
        <ele>138.691845</ele>
        <time>2025-04-15T15:12:00.781Z</time>
      </trkpt>
      <trkpt lat="43.363604" lon="40.444819">
        <ele>137.294206</ele>
        <time>2025-04-15T15:12:05.071Z</time>
      </trkpt>
      <trkpt lat="43.363507" lon="40.444401">
        <ele>140.238582</ele>
        <time>2025-04-15T15:12:08.093Z</time>
      </trkpt>
      <trkpt lat="43.363240" lon="40.443532">
        <ele>146.569322</ele>
        <time>2025-04-15T15:12:25.425Z</time>
      </trkpt>
      <trkpt lat="43.363097" lon="40.443233">
        <ele>148.970967</ele>
        <time>2025-04-15T15:12:38.259Z</time>
      </trkpt>
      <trkpt lat="43.362850" lon="40.443028">
        <ele>151.633688</ele>
        <time>2025-04-15T15:12:56.290Z</time>
      </trkpt>
      <trkpt lat="43.362563" lon="40.442869">
        <ele>155.228809</ele>
        <time>2025-04-15T15:13:17.427Z</time>
      </trkpt>
      <trkpt lat="43.362304" lon="40.442674">
        <ele>160.190240</ele>
        <time>2025-04-15T15:13:37.677Z</time>
      </trkpt>
      <trkpt lat="43.362012" lon="40.442228">
        <ele>167.522511</ele>
        <time>2025-04-15T15:14:07.489Z</time>
      </trkpt>
      <trkpt lat="43.361883" lon="40.441961">
        <ele>171.438930</ele>
        <time>2025-04-15T15:14:22.647Z</time>
      </trkpt>
      <trkpt lat="43.361676" lon="40.441382">
        <ele>179.321350</ele>
        <time>2025-04-15T15:14:45.261Z</time>
      </trkpt>
      <trkpt lat="43.361514" lon="40.440518">
        <ele>181.594304</ele>
        <time>2025-04-15T15:14:57.983Z</time>
      </trkpt>
      <trkpt lat="43.361057" lon="40.437533">
        <ele>164.550357</ele>
        <time>2025-04-15T15:15:16.163Z</time>
      </trkpt>
      <trkpt lat="43.360814" lon="40.436218">
        <ele>153.701651</ele>
        <time>2025-04-15T15:15:24.036Z</time>
      </trkpt>
      <trkpt lat="43.360571" lon="40.435499">
        <ele>147.173894</ele>
        <time>2025-04-15T15:15:28.617Z</time>
      </trkpt>
      <trkpt lat="43.360433" lon="40.435243">
        <ele>144.548599</ele>
        <time>2025-04-15T15:15:30.459Z</time>
      </trkpt>
      <trkpt lat="43.360299" lon="40.434909">
        <ele>141.406071</ele>
        <time>2025-04-15T15:15:32.666Z</time>
      </trkpt>
      <trkpt lat="43.359806" lon="40.433321">
        <ele>130.935495</ele>
        <time>2025-04-15T15:15:42.854Z</time>
      </trkpt>
      <trkpt lat="43.358593" lon="40.430287">
        <ele>125.278056</ele>
        <time>2025-04-15T15:16:10.910Z</time>
      </trkpt>
      <trkpt lat="43.358424" lon="40.429819">
        <ele>125.199257</ele>
        <time>2025-04-15T15:16:16.790Z</time>
      </trkpt>
      <trkpt lat="43.357467" lon="40.427468">
        <ele>130.789187</ele>
        <time>2025-04-15T15:16:58.270Z</time>
      </trkpt>
      <trkpt lat="43.357384" lon="40.427014">
        <ele>131.772427</ele>
        <time>2025-04-15T15:17:06.361Z</time>
      </trkpt>
      <trkpt lat="43.357289" lon="40.426220">
        <ele>133.458579</ele>
        <time>2025-04-15T15:17:19.391Z</time>
      </trkpt>
      <trkpt lat="43.357033" lon="40.425256">
        <ele>135.609103</ele>
        <time>2025-04-15T15:17:33.722Z</time>
      </trkpt>
      <trkpt lat="43.356831" lon="40.424797">
        <ele>136.347922</ele>
        <time>2025-04-15T15:17:39.949Z</time>
      </trkpt>
      <trkpt lat="43.355904" lon="40.423509">
        <ele>138.148077</ele>
        <time>2025-04-15T15:18:01.964Z</time>
      </trkpt>
      <trkpt lat="43.355696" lon="40.423163">
        <ele>138.259649</ele>
        <time>2025-04-15T15:18:07.669Z</time>
      </trkpt>
      <trkpt lat="43.355362" lon="40.422415">
        <ele>136.992779</ele>
        <time>2025-04-15T15:18:16.546Z</time>
      </trkpt>
      <trkpt lat="43.355105" lon="40.421743">
        <ele>135.896932</ele>
        <time>2025-04-15T15:18:22.119Z</time>
      </trkpt>
      <trkpt lat="43.355020" lon="40.421601">
        <ele>135.631474</ele>
        <time>2025-04-15T15:18:23.355Z</time>
      </trkpt>
      <trkpt lat="43.354810" lon="40.421374">
        <ele>135.101297</ele>
        <time>2025-04-15T15:18:25.790Z</time>
      </trkpt>
      <trkpt lat="43.354334" lon="40.421059">
        <ele>133.380383</ele>
        <time>2025-04-15T15:18:30.486Z</time>
      </trkpt>
      <trkpt lat="43.354162" lon="40.420886">
        <ele>132.616708</ele>
        <time>2025-04-15T15:18:32.382Z</time>
      </trkpt>
      <trkpt lat="43.353394" lon="40.419943">
        <ele>128.926986</ele>
        <time>2025-04-15T15:18:42.500Z</time>
      </trkpt>
      <trkpt lat="43.353271" lon="40.419726">
        <ele>128.267870</ele>
        <time>2025-04-15T15:18:44.794Z</time>
      </trkpt>
      <trkpt lat="43.353058" lon="40.419117">
        <ele>126.946991</ele>
        <time>2025-04-15T15:18:50.302Z</time>
      </trkpt>
      <trkpt lat="43.352971" lon="40.418624">
        <ele>125.955411</ele>
        <time>2025-04-15T15:18:54.282Z</time>
      </trkpt>
      <trkpt lat="43.352727" lon="40.416087">
        <ele>120.122916</ele>
        <time>2025-04-15T15:19:12.058Z</time>
      </trkpt>
      <trkpt lat="43.352708" lon="40.415867">
        <ele>119.554337</ele>
        <time>2025-04-15T15:19:13.531Z</time>
      </trkpt>
      <trkpt lat="43.352665" lon="40.415374">
        <ele>118.280026</ele>
        <time>2025-04-15T15:19:16.919Z</time>
      </trkpt>
      <trkpt lat="43.352613" lon="40.415148">
        <ele>117.671671</ele>
        <time>2025-04-15T15:19:18.582Z</time>
      </trkpt>
      <trkpt lat="43.352476" lon="40.414836">
        <ele>117.233385</ele>
        <time>2025-04-15T15:19:21.249Z</time>
      </trkpt>
      <trkpt lat="43.352307" lon="40.414538">
        <ele>117.186760</ele>
        <time>2025-04-15T15:19:24.172Z</time>
      </trkpt>
      <trkpt lat="43.351978" lon="40.414074">
        <ele>117.106802</ele>
        <time>2025-04-15T15:19:30.011Z</time>
      </trkpt>
      <trkpt lat="43.351281" lon="40.413059">
        <ele>117.157317</ele>
        <time>2025-04-15T15:19:46.750Z</time>
      </trkpt>
      <trkpt lat="43.351123" lon="40.412687">
        <ele>117.735543</ele>
        <time>2025-04-15T15:19:52.262Z</time>
      </trkpt>
      <trkpt lat="43.350951" lon="40.412442">
        <ele>118.192626</ele>
        <time>2025-04-15T15:19:56.543Z</time>
      </trkpt>
      <trkpt lat="43.350789" lon="40.412255">
        <ele>118.583021</ele>
        <time>2025-04-15T15:20:00.196Z</time>
      </trkpt>
      <trkpt lat="43.350712" lon="40.412193">
        <ele>118.747717</ele>
        <time>2025-04-15T15:20:01.675Z</time>
      </trkpt>
      <trkpt lat="43.350633" lon="40.412185">
        <ele>118.893929</ele>
        <time>2025-04-15T15:20:03.026Z</time>
      </trkpt>
      <trkpt lat="43.349948" lon="40.412098">
        <ele>120.163679</ele>
        <time>2025-04-15T15:20:15.601Z</time>
      </trkpt>
      <trkpt lat="43.349601" lon="40.412050">
        <ele>120.854374</ele>
        <time>2025-04-15T15:20:22.728Z</time>
      </trkpt>
      <trkpt lat="43.347946" lon="40.412088">
        <ele>123.710578</ele>
        <time>2025-04-15T15:20:53.677Z</time>
      </trkpt>
      <trkpt lat="43.347776" lon="40.412135">
        <ele>123.503273</ele>
        <time>2025-04-15T15:20:55.925Z</time>
      </trkpt>
      <trkpt lat="43.347647" lon="40.412216">
        <ele>123.333735</ele>
        <time>2025-04-15T15:20:57.578Z</time>
      </trkpt>
      <trkpt lat="43.347588" lon="40.412301">
        <ele>123.231577</ele>
        <time>2025-04-15T15:20:58.498Z</time>
      </trkpt>
      <trkpt lat="43.347418" lon="40.412413">
        <ele>123.006218</ele>
        <time>2025-04-15T15:21:00.558Z</time>
      </trkpt>
      <trkpt lat="43.347142" lon="40.412657">
        <ele>122.613949</ele>
        <time>2025-04-15T15:21:03.819Z</time>
      </trkpt>
      <trkpt lat="43.346956" lon="40.412767">
        <ele>122.371891</ele>
        <time>2025-04-15T15:21:05.752Z</time>
      </trkpt>
      <trkpt lat="43.346787" lon="40.412819">
        <ele>122.164852</ele>
        <time>2025-04-15T15:21:07.407Z</time>
      </trkpt>
      <trkpt lat="43.346168" lon="40.412810">
        <ele>121.867853</ele>
        <time>2025-04-15T15:21:14.384Z</time>
      </trkpt>
      <trkpt lat="43.345496" lon="40.412737">
        <ele>122.213748</ele>
        <time>2025-04-15T15:21:24.244Z</time>
      </trkpt>
      <trkpt lat="43.344697" lon="40.412402">
        <ele>122.642370</ele>
        <time>2025-04-15T15:21:39.691Z</time>
      </trkpt>
      <trkpt lat="43.344486" lon="40.412402">
        <ele>121.965550</ele>
        <time>2025-04-15T15:21:42.986Z</time>
      </trkpt>
      <trkpt lat="43.344354" lon="40.412445">
        <ele>121.447005</ele>
        <time>2025-04-15T15:21:44.878Z</time>
      </trkpt>
      <trkpt lat="43.343936" lon="40.412694">
        <ele>119.705677</ele>
        <time>2025-04-15T15:21:49.761Z</time>
      </trkpt>
      <trkpt lat="43.343474" lon="40.412921">
        <ele>117.830290</ele>
        <time>2025-04-15T15:21:54.159Z</time>
      </trkpt>
      <trkpt lat="43.343122" lon="40.413232">
        <ele>116.230922</ele>
        <time>2025-04-15T15:21:57.687Z</time>
      </trkpt>
      <trkpt lat="43.342240" lon="40.413295">
        <ele>113.458397</ele>
        <time>2025-04-15T15:22:05.204Z</time>
      </trkpt>
      <trkpt lat="43.341892" lon="40.413212">
        <ele>112.386624</ele>
        <time>2025-04-15T15:22:08.604Z</time>
      </trkpt>
      <trkpt lat="43.341722" lon="40.413162">
        <ele>111.859090</ele>
        <time>2025-04-15T15:22:10.563Z</time>
      </trkpt>
      <trkpt lat="43.341601" lon="40.413088">
        <ele>111.457236</ele>
        <time>2025-04-15T15:22:12.354Z</time>
      </trkpt>
      <trkpt lat="43.341313" lon="40.412911">
        <ele>110.499975</ele>
        <time>2025-04-15T15:22:17.785Z</time>
      </trkpt>
      <trkpt lat="43.340637" lon="40.412429">
        <ele>113.230828</ele>
        <time>2025-04-15T15:22:36.904Z</time>
      </trkpt>
      <trkpt lat="43.340496" lon="40.412362">
        <ele>113.847091</ele>
        <time>2025-04-15T15:22:40.833Z</time>
      </trkpt>
      <trkpt lat="43.340323" lon="40.412350">
        <ele>114.562651</ele>
        <time>2025-04-15T15:22:45.501Z</time>
      </trkpt>
      <trkpt lat="43.339628" lon="40.412453">
        <ele>117.450277</ele>
        <time>2025-04-15T15:23:03.201Z</time>
      </trkpt>
      <trkpt lat="43.337942" lon="40.412874">
        <ele>120.853513</ele>
        <time>2025-04-15T15:23:33.954Z</time>
      </trkpt>
      <trkpt lat="43.337740" lon="40.412892">
        <ele>121.119700</ele>
        <time>2025-04-15T15:23:36.778Z</time>
      </trkpt>
      <trkpt lat="43.337417" lon="40.412874">
        <ele>120.870781</ele>
        <time>2025-04-15T15:23:41.076Z</time>
      </trkpt>
      <trkpt lat="43.336976" lon="40.412719">
        <ele>120.520283</ele>
        <time>2025-04-15T15:23:46.651Z</time>
      </trkpt>
      <trkpt lat="43.336297" lon="40.412489">
        <ele>119.981808</ele>
        <time>2025-04-15T15:23:54.431Z</time>
      </trkpt>
      <trkpt lat="43.336075" lon="40.412455">
        <ele>119.809807</ele>
        <time>2025-04-15T15:23:56.869Z</time>
      </trkpt>
      <trkpt lat="43.335261" lon="40.412439">
        <ele>118.557031</ele>
        <time>2025-04-15T15:24:05.611Z</time>
      </trkpt>
      <trkpt lat="43.332986" lon="40.412479">
        <ele>114.628855</ele>
        <time>2025-04-15T15:24:30.614Z</time>
      </trkpt>
      <trkpt lat="43.332333" lon="40.412559">
        <ele>113.301814</ele>
        <time>2025-04-15T15:24:37.475Z</time>
      </trkpt>
      <trkpt lat="43.332154" lon="40.412625">
        <ele>112.720438</ele>
        <time>2025-04-15T15:24:39.316Z</time>
      </trkpt>
      <trkpt lat="43.331823" lon="40.412782">
        <ele>111.622012</ele>
        <time>2025-04-15T15:24:42.712Z</time>
      </trkpt>
      <trkpt lat="43.331258" lon="40.413128">
        <ele>109.681686</ele>
        <time>2025-04-15T15:24:48.592Z</time>
      </trkpt>
      <trkpt lat="43.330916" lon="40.413254">
        <ele>108.570959</ele>
        <time>2025-04-15T15:24:51.951Z</time>
      </trkpt>
      <trkpt lat="43.330741" lon="40.413295">
        <ele>108.014061</ele>
        <time>2025-04-15T15:24:53.682Z</time>
      </trkpt>
      <trkpt lat="43.330317" lon="40.413321">
        <ele>107.702038</ele>
        <time>2025-04-15T15:24:58.033Z</time>
      </trkpt>
      <trkpt lat="43.329956" lon="40.413271">
        <ele>107.476737</ele>
        <time>2025-04-15T15:25:02.144Z</time>
      </trkpt>
      <trkpt lat="43.329274" lon="40.412911">
        <ele>107.023096</ele>
        <time>2025-04-15T15:25:12.176Z</time>
      </trkpt>
      <trkpt lat="43.328288" lon="40.412247">
        <ele>108.906059</ele>
        <time>2025-04-15T15:25:30.432Z</time>
      </trkpt>
      <trkpt lat="43.327979" lon="40.411992">
        <ele>109.840819</ele>
        <time>2025-04-15T15:25:37.613Z</time>
      </trkpt>
      <trkpt lat="43.327705" lon="40.411720">
        <ele>110.717405</ele>
        <time>2025-04-15T15:25:45.127Z</time>
      </trkpt>
      <trkpt lat="43.327271" lon="40.411230">
        <ele>112.019754</ele>
        <time>2025-04-15T15:25:58.610Z</time>
      </trkpt>
      <trkpt lat="43.326878" lon="40.410979">
        <ele>112.885745</ele>
        <time>2025-04-15T15:26:08.966Z</time>
      </trkpt>
      <trkpt lat="43.326456" lon="40.410826">
        <ele>113.757901</ele>
        <time>2025-04-15T15:26:18.023Z</time>
      </trkpt>
      <trkpt lat="43.326031" lon="40.410776">
        <ele>114.610319</ele>
        <time>2025-04-15T15:26:24.929Z</time>
      </trkpt>
      <trkpt lat="43.324212" lon="40.410824">
        <ele>111.211313</ele>
        <time>2025-04-15T15:26:43.054Z</time>
      </trkpt>
      <trkpt lat="43.324046" lon="40.410796">
        <ele>110.799105</ele>
        <time>2025-04-15T15:26:44.727Z</time>
      </trkpt>
      <trkpt lat="43.323876" lon="40.410739">
        <ele>110.462404</ele>
        <time>2025-04-15T15:26:46.510Z</time>
      </trkpt>
      <trkpt lat="43.323568" lon="40.410560">
        <ele>109.902236</ele>
        <time>2025-04-15T15:26:50.014Z</time>
      </trkpt>
      <trkpt lat="43.322795" lon="40.409803">
        <ele>108.312323</ele>
        <time>2025-04-15T15:27:00.516Z</time>
      </trkpt>
      <trkpt lat="43.321728" lon="40.409101">
        <ele>106.184555</ele>
        <time>2025-04-15T15:27:13.911Z</time>
      </trkpt>
      <trkpt lat="43.321532" lon="40.409014">
        <ele>105.801301</ele>
        <time>2025-04-15T15:27:16.139Z</time>
      </trkpt>
      <trkpt lat="43.321197" lon="40.408984">
        <ele>105.176624</ele>
        <time>2025-04-15T15:27:19.721Z</time>
      </trkpt>
      <trkpt lat="43.319734" lon="40.409165">
        <ele>101.019109</ele>
        <time>2025-04-15T15:27:34.326Z</time>
      </trkpt>
      <trkpt lat="43.319244" lon="40.409151">
        <ele>99.408796</ele>
        <time>2025-04-15T15:27:39.033Z</time>
      </trkpt>
      <trkpt lat="43.319023" lon="40.409117">
        <ele>98.678135</ele>
        <time>2025-04-15T15:27:41.113Z</time>
      </trkpt>
      <trkpt lat="43.318904" lon="40.409061">
        <ele>98.278229</ele>
        <time>2025-04-15T15:27:42.284Z</time>
      </trkpt>
      <trkpt lat="43.318438" lon="40.408664">
        <ele>96.664010</ele>
        <time>2025-04-15T15:27:47.405Z</time>
      </trkpt>
      <trkpt lat="43.318248" lon="40.408579">
        <ele>96.075708</ele>
        <time>2025-04-15T15:27:49.301Z</time>
      </trkpt>
      <trkpt lat="43.317959" lon="40.408511">
        <ele>95.212430</ele>
        <time>2025-04-15T15:27:52.183Z</time>
      </trkpt>
      <trkpt lat="43.317270" lon="40.408396">
        <ele>93.168912</ele>
        <time>2025-04-15T15:27:59.354Z</time>
      </trkpt>
      <trkpt lat="43.316325" lon="40.408288">
        <ele>93.344491</ele>
        <time>2025-04-15T15:28:11.076Z</time>
      </trkpt>
      <trkpt lat="43.315707" lon="40.408176">
        <ele>93.510898</ele>
        <time>2025-04-15T15:28:19.804Z</time>
      </trkpt>
      <trkpt lat="43.313822" lon="40.407783">
        <ele>100.783839</ele>
        <time>2025-04-15T15:29:00.018Z</time>
      </trkpt>
      <trkpt lat="43.313265" lon="40.407705">
        <ele>104.088727</ele>
        <time>2025-04-15T15:29:22.291Z</time>
      </trkpt>
      <trkpt lat="43.312993" lon="40.407784">
        <ele>105.877913</ele>
        <time>2025-04-15T15:29:33.523Z</time>
      </trkpt>
      <trkpt lat="43.312851" lon="40.407873">
        <ele>106.882335</ele>
        <time>2025-04-15T15:29:39.895Z</time>
      </trkpt>
      <trkpt lat="43.312526" lon="40.408147">
        <ele>109.336142</ele>
        <time>2025-04-15T15:29:54.011Z</time>
      </trkpt>
      <trkpt lat="43.311989" lon="40.408842">
        <ele>112.026126</ele>
        <time>2025-04-15T15:30:07.020Z</time>
      </trkpt>
      <trkpt lat="43.311694" lon="40.409336">
        <ele>109.423244</ele>
        <time>2025-04-15T15:30:11.143Z</time>
      </trkpt>
      <trkpt lat="43.311230" lon="40.410293">
        <ele>104.739349</ele>
        <time>2025-04-15T15:30:18.145Z</time>
      </trkpt>
      <trkpt lat="43.311117" lon="40.410456">
        <ele>103.822373</ele>
        <time>2025-04-15T15:30:19.514Z</time>
      </trkpt>
      <trkpt lat="43.311006" lon="40.410564">
        <ele>103.061095</ele>
        <time>2025-04-15T15:30:20.670Z</time>
      </trkpt>
      <trkpt lat="43.310754" lon="40.410699">
        <ele>101.496214</ele>
        <time>2025-04-15T15:30:22.980Z</time>
      </trkpt>
      <trkpt lat="43.309647" lon="40.411045">
        <ele>94.904964</ele>
        <time>2025-04-15T15:30:33.114Z</time>
      </trkpt>
      <trkpt lat="43.309193" lon="40.411091">
        <ele>92.335296</ele>
        <time>2025-04-15T15:30:37.255Z</time>
      </trkpt>
      <trkpt lat="43.308857" lon="40.411046">
        <ele>91.058547</ele>
        <time>2025-04-15T15:30:40.310Z</time>
      </trkpt>
      <trkpt lat="43.308639" lon="40.410960">
        <ele>90.200790</ele>
        <time>2025-04-15T15:30:42.364Z</time>
      </trkpt>
      <trkpt lat="43.308427" lon="40.410778">
        <ele>89.255433</ele>
        <time>2025-04-15T15:30:44.646Z</time>
      </trkpt>
      <trkpt lat="43.308212" lon="40.410500">
        <ele>88.138979</ele>
        <time>2025-04-15T15:30:47.447Z</time>
      </trkpt>
      <trkpt lat="43.307803" lon="40.409810">
        <ele>85.689811</ele>
        <time>2025-04-15T15:30:54.028Z</time>
      </trkpt>
      <trkpt lat="43.307578" lon="40.409252">
        <ele>84.969396</ele>
        <time>2025-04-15T15:30:59.071Z</time>
      </trkpt>
      <trkpt lat="43.307218" lon="40.407749">
        <ele>83.211750</ele>
        <time>2025-04-15T15:31:12.046Z</time>
      </trkpt>
      <trkpt lat="43.307074" lon="40.407439">
        <ele>82.829171</ele>
        <time>2025-04-15T15:31:14.989Z</time>
      </trkpt>
      <trkpt lat="43.305788" lon="40.405822">
        <ele>80.780973</ele>
        <time>2025-04-15T15:31:34.421Z</time>
      </trkpt>
      <trkpt lat="43.305069" lon="40.405021">
        <ele>81.339614</ele>
        <time>2025-04-15T15:31:46.522Z</time>
      </trkpt>
      <trkpt lat="43.304670" lon="40.404468">
        <ele>81.681644</ele>
        <time>2025-04-15T15:31:55.166Z</time>
      </trkpt>
      <trkpt lat="43.303592" lon="40.402319">
        <ele>88.048948</ele>
        <time>2025-04-15T15:32:33.924Z</time>
      </trkpt>
      <trkpt lat="43.303258" lon="40.401933">
        <ele>89.984037</ele>
        <time>2025-04-15T15:32:48.862Z</time>
      </trkpt>
      <trkpt lat="43.302586" lon="40.401621">
        <ele>93.433574</ele>
        <time>2025-04-15T15:33:12.278Z</time>
      </trkpt>
      <trkpt lat="43.302359" lon="40.401638">
        <ele>94.539146</ele>
        <time>2025-04-15T15:33:18.472Z</time>
      </trkpt>
      <trkpt lat="43.302136" lon="40.401747">
        <ele>95.690196</ele>
        <time>2025-04-15T15:33:24.017Z</time>
      </trkpt>
      <trkpt lat="43.301492" lon="40.402704">
        <ele>96.928138</ele>
        <time>2025-04-15T15:33:35.293Z</time>
      </trkpt>
      <trkpt lat="43.301339" lon="40.402863">
        <ele>96.740854</ele>
        <time>2025-04-15T15:33:37.156Z</time>
      </trkpt>
      <trkpt lat="43.301112" lon="40.402948">
        <ele>96.511150</ele>
        <time>2025-04-15T15:33:39.510Z</time>
      </trkpt>
      <trkpt lat="43.300939" lon="40.402976">
        <ele>96.341082</ele>
        <time>2025-04-15T15:33:41.376Z</time>
      </trkpt>
      <trkpt lat="43.300716" lon="40.402931">
        <ele>96.121030</ele>
        <time>2025-04-15T15:33:43.980Z</time>
      </trkpt>
      <trkpt lat="43.300249" lon="40.402697">
        <ele>95.693207</ele>
        <time>2025-04-15T15:33:50.284Z</time>
      </trkpt>
      <trkpt lat="43.299743" lon="40.402520">
        <ele>95.474502</ele>
        <time>2025-04-15T15:33:57.458Z</time>
      </trkpt>
      <trkpt lat="43.299537" lon="40.402500">
        <ele>95.388001</ele>
        <time>2025-04-15T15:34:00.159Z</time>
      </trkpt>
      <trkpt lat="43.299364" lon="40.402545">
        <ele>95.314250</ele>
        <time>2025-04-15T15:34:02.391Z</time>
      </trkpt>
      <trkpt lat="43.298981" lon="40.402535">
        <ele>95.153797</ele>
        <time>2025-04-15T15:34:06.991Z</time>
      </trkpt>
      <trkpt lat="43.298726" lon="40.402496">
        <ele>95.046327</ele>
        <time>2025-04-15T15:34:09.985Z</time>
      </trkpt>
      <trkpt lat="43.298441" lon="40.402371">
        <ele>94.817177</ele>
        <time>2025-04-15T15:34:13.471Z</time>
      </trkpt>
      <trkpt lat="43.297536" lon="40.402181">
        <ele>93.791417</ele>
        <time>2025-04-15T15:34:24.720Z</time>
      </trkpt>
      <trkpt lat="43.297229" lon="40.402204">
        <ele>93.446933</ele>
        <time>2025-04-15T15:34:28.466Z</time>
      </trkpt>
      <trkpt lat="43.296059" lon="40.402655">
        <ele>90.640712</ele>
        <time>2025-04-15T15:34:40.957Z</time>
      </trkpt>
      <trkpt lat="43.295854" lon="40.402692">
        <ele>90.029737</ele>
        <time>2025-04-15T15:34:42.930Z</time>
      </trkpt>
      <trkpt lat="43.294960" lon="40.402350">
        <ele>87.322290</ele>
        <time>2025-04-15T15:34:51.796Z</time>
      </trkpt>
      <trkpt lat="43.294570" lon="40.402280">
        <ele>86.270743</ele>
        <time>2025-04-15T15:34:55.620Z</time>
      </trkpt>
      <trkpt lat="43.292402" lon="40.402287">
        <ele>80.486141</ele>
        <time>2025-04-15T15:35:18.054Z</time>
      </trkpt>
      <trkpt lat="43.292061" lon="40.402196">
        <ele>79.561998</ele>
        <time>2025-04-15T15:35:21.538Z</time>
      </trkpt>
      <trkpt lat="43.290408" lon="40.401824">
        <ele>75.597545</ele>
        <time>2025-04-15T15:35:37.897Z</time>
      </trkpt>
      <trkpt lat="43.284253" lon="40.400142">
        <ele>70.340724</ele>
        <time>2025-04-15T15:36:53.479Z</time>
      </trkpt>
      <trkpt lat="43.284048" lon="40.400036">
        <ele>70.250873</ele>
        <time>2025-04-15T15:36:56.104Z</time>
      </trkpt>
      <trkpt lat="43.283908" lon="40.399912">
        <ele>70.182542</ele>
        <time>2025-04-15T15:36:58.119Z</time>
      </trkpt>
      <trkpt lat="43.283754" lon="40.399721">
        <ele>70.097433</ele>
        <time>2025-04-15T15:37:00.643Z</time>
      </trkpt>
      <trkpt lat="43.282872" lon="40.398222">
        <ele>69.592482</ele>
        <time>2025-04-15T15:37:18.663Z</time>
      </trkpt>
      <trkpt lat="43.281551" lon="40.395987">
        <ele>69.436536</ele>
        <time>2025-04-15T15:37:45.563Z</time>
      </trkpt>
      <trkpt lat="43.281110" lon="40.395237">
        <ele>69.606718</ele>
        <time>2025-04-15T15:37:55.357Z</time>
      </trkpt>
      <trkpt lat="43.280771" lon="40.394747">
        <ele>69.974378</ele>
        <time>2025-04-15T15:38:02.577Z</time>
      </trkpt>
      <trkpt lat="43.280600" lon="40.394579">
        <ele>70.669061</ele>
        <time>2025-04-15T15:38:05.745Z</time>
      </trkpt>
      <trkpt lat="43.280390" lon="40.394397">
        <ele>71.489533</ele>
        <time>2025-04-15T15:38:09.891Z</time>
      </trkpt>
      <trkpt lat="43.279667" lon="40.394081">
        <ele>73.996556</ele>
        <time>2025-04-15T15:38:27.394Z</time>
      </trkpt>
      <trkpt lat="43.279470" lon="40.394041">
        <ele>74.654575</ele>
        <time>2025-04-15T15:38:32.406Z</time>
      </trkpt>
      <trkpt lat="43.279204" lon="40.393986">
        <ele>75.543418</ele>
        <time>2025-04-15T15:38:39.291Z</time>
      </trkpt>
      <trkpt lat="43.279004" lon="40.394048">
        <ele>76.079601</ele>
        <time>2025-04-15T15:38:44.490Z</time>
      </trkpt>
      <trkpt lat="43.278475" lon="40.394337">
        <ele>77.495485</ele>
        <time>2025-04-15T15:38:58.925Z</time>
      </trkpt>
      <trkpt lat="43.278176" lon="40.394409">
        <ele>78.250450</ele>
        <time>2025-04-15T15:39:06.120Z</time>
      </trkpt>
      <trkpt lat="43.277954" lon="40.394402">
        <ele>78.802717</ele>
        <time>2025-04-15T15:39:10.274Z</time>
      </trkpt>
      <trkpt lat="43.277232" lon="40.394163">
        <ele>79.273981</ele>
        <time>2025-04-15T15:39:19.141Z</time>
      </trkpt>
      <trkpt lat="43.276949" lon="40.394130">
        <ele>78.135836</ele>
        <time>2025-04-15T15:39:21.809Z</time>
      </trkpt>
      <trkpt lat="43.276680" lon="40.394149">
        <ele>77.056448</ele>
        <time>2025-04-15T15:39:24.248Z</time>
      </trkpt>
      <trkpt lat="43.276501" lon="40.394194">
        <ele>76.327225</ele>
        <time>2025-04-15T15:39:25.861Z</time>
      </trkpt>
      <trkpt lat="43.276002" lon="40.394444">
        <ele>74.198711</ele>
        <time>2025-04-15T15:39:30.582Z</time>
      </trkpt>
      <trkpt lat="43.275466" lon="40.394668">
        <ele>72.428859</ele>
        <time>2025-04-15T15:39:35.724Z</time>
      </trkpt>
      <trkpt lat="43.275286" lon="40.394702">
        <ele>72.060621</ele>
        <time>2025-04-15T15:39:37.444Z</time>
      </trkpt>
      <trkpt lat="43.274568" lon="40.394600">
        <ele>70.597695</ele>
        <time>2025-04-15T15:39:45.056Z</time>
      </trkpt>
      <trkpt lat="43.274347" lon="40.394612">
        <ele>70.149446</ele>
        <time>2025-04-15T15:39:47.628Z</time>
      </trkpt>
      <trkpt lat="43.273623" lon="40.394832">
        <ele>70.327105</ele>
        <time>2025-04-15T15:39:56.868Z</time>
      </trkpt>
      <trkpt lat="43.273372" lon="40.394767">
        <ele>71.205171</ele>
        <time>2025-04-15T15:40:01.559Z</time>
      </trkpt>
      <trkpt lat="43.272769" lon="40.394468">
        <ele>73.409061</ele>
        <time>2025-04-15T15:40:16.264Z</time>
      </trkpt>
      <trkpt lat="43.272373" lon="40.394208">
        <ele>74.917944</ele>
        <time>2025-04-15T15:40:28.177Z</time>
      </trkpt>
      <trkpt lat="43.271887" lon="40.394010">
        <ele>77.063512</ele>
        <time>2025-04-15T15:40:42.864Z</time>
      </trkpt>
      <trkpt lat="43.271067" lon="40.393908">
        <ele>80.838346</ele>
        <time>2025-04-15T15:41:03.719Z</time>
      </trkpt>
      <trkpt lat="43.270653" lon="40.393945">
        <ele>82.740422</ele>
        <time>2025-04-15T15:41:12.234Z</time>
      </trkpt>
      <trkpt lat="43.270273" lon="40.394127">
        <ele>84.291248</ele>
        <time>2025-04-15T15:41:20.643Z</time>
      </trkpt>
      <trkpt lat="43.269292" lon="40.394402">
        <ele>87.357354</ele>
        <time>2025-04-15T15:41:42.231Z</time>
      </trkpt>
      <trkpt lat="43.268852" lon="40.394711">
        <ele>88.870734</ele>
        <time>2025-04-15T15:41:52.530Z</time>
      </trkpt>
      <trkpt lat="43.267633" lon="40.395147">
        <ele>90.207462</ele>
        <time>2025-04-15T15:42:14.500Z</time>
      </trkpt>
      <trkpt lat="43.267389" lon="40.395187">
        <ele>90.421208</ele>
        <time>2025-04-15T15:42:17.743Z</time>
      </trkpt>
      <trkpt lat="43.266780" lon="40.395147">
        <ele>90.128393</ele>
        <time>2025-04-15T15:42:24.798Z</time>
      </trkpt>
      <trkpt lat="43.266637" lon="40.395130">
        <ele>89.681124</ele>
        <time>2025-04-15T15:42:26.369Z</time>
      </trkpt>
      <trkpt lat="43.266182" lon="40.394965">
        <ele>88.214696</ele>
        <time>2025-04-15T15:42:31.266Z</time>
      </trkpt>
      <trkpt lat="43.265984" lon="40.394923">
        <ele>87.590391</ele>
        <time>2025-04-15T15:42:33.222Z</time>
      </trkpt>
      <trkpt lat="43.265634" lon="40.394911">
        <ele>86.499414</ele>
        <time>2025-04-15T15:42:36.500Z</time>
      </trkpt>
      <trkpt lat="43.265322" lon="40.394940">
        <ele>85.524965</ele>
        <time>2025-04-15T15:42:39.349Z</time>
      </trkpt>
      <trkpt lat="43.263970" lon="40.395107">
        <ele>79.798106</ele>
        <time>2025-04-15T15:42:51.524Z</time>
      </trkpt>
      <trkpt lat="43.262221" lon="40.394950">
        <ele>76.051193</ele>
        <time>2025-04-15T15:43:09.366Z</time>
      </trkpt>
      <trkpt lat="43.261095" lon="40.394995">
        <ele>76.596269</ele>
        <time>2025-04-15T15:43:28.515Z</time>
      </trkpt>
      <trkpt lat="43.260111" lon="40.395094">
        <ele>78.893524</ele>
        <time>2025-04-15T15:43:49.500Z</time>
      </trkpt>
      <trkpt lat="43.259225" lon="40.395226">
        <ele>79.522687</ele>
        <time>2025-04-15T15:44:05.456Z</time>
      </trkpt>
      <trkpt lat="43.258962" lon="40.395292">
        <ele>79.504915</ele>
        <time>2025-04-15T15:44:08.963Z</time>
      </trkpt>
      <trkpt lat="43.258695" lon="40.395397">
        <ele>79.486453</ele>
        <time>2025-04-15T15:44:12.268Z</time>
      </trkpt>
      <trkpt lat="43.257024" lon="40.396267">
        <ele>77.469752</ele>
        <time>2025-04-15T15:44:31.292Z</time>
      </trkpt>
      <trkpt lat="43.256587" lon="40.396525">
        <ele>76.644307</ele>
        <time>2025-04-15T15:44:36.470Z</time>
      </trkpt>
      <trkpt lat="43.255457" lon="40.397294">
        <ele>74.003239</ele>
        <time>2025-04-15T15:44:50.354Z</time>
      </trkpt>
      <trkpt lat="43.254113" lon="40.398596">
        <ele>68.138708</ele>
        <time>2025-04-15T15:45:06.529Z</time>
      </trkpt>
      <trkpt lat="43.252873" lon="40.399742">
        <ele>61.191986</ele>
        <time>2025-04-15T15:45:19.566Z</time>
      </trkpt>
      <trkpt lat="43.252651" lon="40.399897">
        <ele>60.042877</ele>
        <time>2025-04-15T15:45:21.779Z</time>
      </trkpt>
      <trkpt lat="43.252458" lon="40.399979">
        <ele>59.110740</ele>
        <time>2025-04-15T15:45:23.607Z</time>
      </trkpt>
      <trkpt lat="43.252218" lon="40.400031">
        <ele>57.989709</ele>
        <time>2025-04-15T15:45:25.869Z</time>
      </trkpt>
      <trkpt lat="43.251912" lon="40.400003">
        <ele>56.574734</ele>
        <time>2025-04-15T15:45:28.861Z</time>
      </trkpt>
      <trkpt lat="43.251753" lon="40.399908">
        <ele>55.774675</ele>
        <time>2025-04-15T15:45:30.634Z</time>
      </trkpt>
      <trkpt lat="43.251530" lon="40.399669">
        <ele>56.034754</ele>
        <time>2025-04-15T15:45:33.713Z</time>
      </trkpt>
      <trkpt lat="43.250913" lon="40.398889">
        <ele>56.918237</ele>
        <time>2025-04-15T15:45:44.835Z</time>
      </trkpt>
      <trkpt lat="43.250236" lon="40.398180">
        <ele>58.591539</ele>
        <time>2025-04-15T15:46:03.416Z</time>
      </trkpt>
      <trkpt lat="43.249057" lon="40.397250">
        <ele>66.316790</ele>
        <time>2025-04-15T15:46:43.638Z</time>
      </trkpt>
      <trkpt lat="43.248855" lon="40.397159">
        <ele>67.524640</ele>
        <time>2025-04-15T15:46:49.417Z</time>
      </trkpt>
      <trkpt lat="43.248661" lon="40.397142">
        <ele>67.870772</ele>
        <time>2025-04-15T15:46:54.299Z</time>
      </trkpt>
      <trkpt lat="43.248196" lon="40.397215">
        <ele>67.917257</ele>
        <time>2025-04-15T15:47:04.373Z</time>
      </trkpt>
      <trkpt lat="43.247872" lon="40.397349">
        <ele>67.950866</ele>
        <time>2025-04-15T15:47:09.794Z</time>
      </trkpt>
      <trkpt lat="43.247373" lon="40.397659">
        <ele>68.005265</ele>
        <time>2025-04-15T15:47:15.829Z</time>
      </trkpt>
      <trkpt lat="43.246556" lon="40.397987">
        <ele>64.918353</ele>
        <time>2025-04-15T15:47:23.390Z</time>
      </trkpt>
      <trkpt lat="43.246211" lon="40.398270">
        <ele>62.608987</ele>
        <time>2025-04-15T15:47:26.777Z</time>
      </trkpt>
      <trkpt lat="43.246079" lon="40.398333">
        <ele>61.805959</ele>
        <time>2025-04-15T15:47:27.965Z</time>
      </trkpt>
      <trkpt lat="43.245383" lon="40.398445">
        <ele>57.779223</ele>
        <time>2025-04-15T15:47:34.084Z</time>
      </trkpt>
      <trkpt lat="43.244978" lon="40.398410">
        <ele>57.462405</ele>
        <time>2025-04-15T15:47:37.986Z</time>
      </trkpt>
      <trkpt lat="43.243969" lon="40.398105">
        <ele>56.834893</ele>
        <time>2025-04-15T15:47:54.371Z</time>
      </trkpt>
      <trkpt lat="43.243497" lon="40.397804">
        <ele>56.449828</ele>
        <time>2025-04-15T15:48:02.797Z</time>
      </trkpt>
      <trkpt lat="43.243382" lon="40.397762">
        <ele>56.321753</ele>
        <time>2025-04-15T15:48:04.438Z</time>
      </trkpt>
      <trkpt lat="43.243095" lon="40.397769">
        <ele>56.012817</ele>
        <time>2025-04-15T15:48:07.960Z</time>
      </trkpt>
      <trkpt lat="43.241886" lon="40.398057">
        <ele>54.692172</ele>
        <time>2025-04-15T15:48:21.184Z</time>
      </trkpt>
      <trkpt lat="43.241576" lon="40.398052">
        <ele>54.194222</ele>
        <time>2025-04-15T15:48:24.388Z</time>
      </trkpt>
      <trkpt lat="43.241244" lon="40.397974">
        <ele>53.641923</ele>
        <time>2025-04-15T15:48:27.971Z</time>
      </trkpt>
      <trkpt lat="43.239912" lon="40.397351">
        <ele>51.421488</ele>
        <time>2025-04-15T15:48:43.572Z</time>
      </trkpt>
      <trkpt lat="43.239720" lon="40.397263">
        <ele>51.163862</ele>
        <time>2025-04-15T15:48:45.762Z</time>
      </trkpt>
      <trkpt lat="43.239636" lon="40.397193">
        <ele>51.038795</ele>
        <time>2025-04-15T15:48:46.821Z</time>
      </trkpt>
      <trkpt lat="43.239562" lon="40.396908">
        <ele>50.758266</ele>
        <time>2025-04-15T15:48:49.244Z</time>
      </trkpt>
      <trkpt lat="43.239600" lon="40.395602">
        <ele>49.546405</ele>
        <time>2025-04-15T15:49:00.169Z</time>
      </trkpt>
      <trkpt lat="43.239571" lon="40.394996">
        <ele>48.982910</ele>
        <time>2025-04-15T15:49:05.149Z</time>
      </trkpt>
      <trkpt lat="43.239488" lon="40.394563">
        <ele>48.567395</ele>
        <time>2025-04-15T15:49:08.811Z</time>
      </trkpt>
      <trkpt lat="43.238463" lon="40.391616">
        <ele>45.610940</ele>
        <time>2025-04-15T15:49:35.552Z</time>
      </trkpt>
      <trkpt lat="43.238042" lon="40.390300">
        <ele>44.581333</ele>
        <time>2025-04-15T15:49:47.624Z</time>
      </trkpt>
      <trkpt lat="43.237855" lon="40.389601">
        <ele>44.180795</ele>
        <time>2025-04-15T15:49:56.309Z</time>
      </trkpt>
      <trkpt lat="43.237587" lon="40.388826">
        <ele>43.719345</ele>
        <time>2025-04-15T15:50:06.482Z</time>
      </trkpt>
      <trkpt lat="43.237207" lon="40.387959">
        <ele>43.459071</ele>
        <time>2025-04-15T15:50:18.911Z</time>
      </trkpt>
      <trkpt lat="43.236629" lon="40.386733">
        <ele>43.164847</ele>
        <time>2025-04-15T15:50:36.996Z</time>
      </trkpt>
      <trkpt lat="43.236393" lon="40.386228">
        <ele>43.034176</ele>
        <time>2025-04-15T15:50:44.596Z</time>
      </trkpt>
      <trkpt lat="43.236297" lon="40.386017">
        <ele>42.978464</ele>
        <time>2025-04-15T15:50:47.682Z</time>
      </trkpt>
      <trkpt lat="43.235995" lon="40.385368">
        <ele>42.805997</ele>
        <time>2025-04-15T15:50:57.157Z</time>
      </trkpt>
      <trkpt lat="43.235563" lon="40.384437">
        <ele>42.544277</ele>
        <time>2025-04-15T15:51:10.742Z</time>
      </trkpt>
      <trkpt lat="43.234611" lon="40.382323">
        <ele>41.602680</ele>
        <time>2025-04-15T15:51:48.660Z</time>
      </trkpt>
      <trkpt lat="43.234568" lon="40.382229">
        <ele>41.579556</ele>
        <time>2025-04-15T15:51:50.346Z</time>
      </trkpt>
      <trkpt lat="43.233229" lon="40.379288">
        <ele>40.839736</ele>
        <time>2025-04-15T15:52:45.139Z</time>
      </trkpt>
      <trkpt lat="43.232543" lon="40.377922">
        <ele>40.388564</ele>
        <time>2025-04-15T15:53:11.096Z</time>
      </trkpt>
      <trkpt lat="43.231926" lon="40.376594">
        <ele>39.720502</ele>
        <time>2025-04-15T15:53:34.969Z</time>
      </trkpt>
      <trkpt lat="43.231579" lon="40.375751">
        <ele>39.335831</ele>
        <time>2025-04-15T15:53:49.818Z</time>
      </trkpt>
      <trkpt lat="43.231049" lon="40.374970">
        <ele>38.940856</ele>
        <time>2025-04-15T15:54:06.369Z</time>
      </trkpt>
      <trkpt lat="43.230848" lon="40.374817">
        <ele>38.824112</ele>
        <time>2025-04-15T15:54:11.245Z</time>
      </trkpt>
      <trkpt lat="43.230583" lon="40.374331">
        <ele>38.599519</ele>
        <time>2025-04-15T15:54:16.712Z</time>
      </trkpt>
      <trkpt lat="43.230307" lon="40.373825">
        <ele>38.381717</ele>
        <time>2025-04-15T15:54:22.406Z</time>
      </trkpt>
      <trkpt lat="43.230090" lon="40.373394">
        <ele>38.201195</ele>
        <time>2025-04-15T15:54:27.146Z</time>
      </trkpt>
      <trkpt lat="43.229804" lon="40.372718">
        <ele>37.931836</ele>
        <time>2025-04-15T15:54:34.250Z</time>
      </trkpt>
      <trkpt lat="43.229613" lon="40.372186">
        <ele>37.709932</ele>
        <time>2025-04-15T15:54:39.547Z</time>
      </trkpt>
      <trkpt lat="43.229377" lon="40.371528">
        <ele>37.256997</ele>
        <time>2025-04-15T15:54:45.936Z</time>
      </trkpt>
      <trkpt lat="43.228727" lon="40.369751">
        <ele>36.040511</ele>
        <time>2025-04-15T15:55:02.754Z</time>
      </trkpt>
      <trkpt lat="43.228472" lon="40.369133">
        <ele>35.627609</ele>
        <time>2025-04-15T15:55:08.875Z</time>
      </trkpt>
      <trkpt lat="43.228208" lon="40.368465">
        <ele>35.185798</ele>
        <time>2025-04-15T15:55:15.464Z</time>
      </trkpt>
      <trkpt lat="43.227697" lon="40.367127">
        <ele>34.443869</ele>
        <time>2025-04-15T15:55:28.790Z</time>
      </trkpt>
      <trkpt lat="43.227062" lon="40.365418">
        <ele>33.706161</ele>
        <time>2025-04-15T15:55:45.773Z</time>
      </trkpt>
      <trkpt lat="43.226898" lon="40.364871">
        <ele>33.591435</ele>
        <time>2025-04-15T15:55:51.297Z</time>
      </trkpt>
      <trkpt lat="43.226803" lon="40.364481">
        <ele>33.511677</ele>
        <time>2025-04-15T15:55:55.273Z</time>
      </trkpt>
      <trkpt lat="43.226397" lon="40.362420">
        <ele>32.884196</ele>
        <time>2025-04-15T15:56:15.432Z</time>
      </trkpt>
      <trkpt lat="43.226003" lon="40.362553">
        <ele>32.650966</ele>
        <time>2025-04-15T15:56:20.463Z</time>
      </trkpt>
      <trkpt lat="43.225482" lon="40.362790">
        <ele>32.335461</ele>
        <time>2025-04-15T15:56:27.137Z</time>
      </trkpt>
      <trkpt lat="43.225190" lon="40.362866">
        <ele>32.189549</ele>
        <time>2025-04-15T15:56:30.692Z</time>
      </trkpt>
      <trkpt lat="43.225097" lon="40.362789">
        <ele>32.145846</ele>
        <time>2025-04-15T15:56:32.030Z</time>
      </trkpt>
      <trkpt lat="43.225155" lon="40.357713">
        <ele>30.986231</ele>
        <time>2025-04-15T15:57:21.435Z</time>
      </trkpt>
      <trkpt lat="43.225222" lon="40.353828">
        <ele>30.200186</ele>
        <time>2025-04-15T15:57:58.967Z</time>
      </trkpt>
      <trkpt lat="43.225225" lon="40.353153">
        <ele>30.073199</ele>
        <time>2025-04-15T15:58:05.550Z</time>
      </trkpt>
      <trkpt lat="43.225273" lon="40.350003">
        <ele>29.646966</ele>
        <time>2025-04-15T15:58:37.002Z</time>
      </trkpt>
      <trkpt lat="43.225283" lon="40.346712">
        <ele>28.701728</ele>
        <time>2025-04-15T15:59:07.932Z</time>
      </trkpt>
      <trkpt lat="43.225301" lon="40.345189">
        <ele>28.176652</ele>
        <time>2025-04-15T15:59:22.380Z</time>
      </trkpt>
      <trkpt lat="43.225384" lon="40.342755">
        <ele>27.251946</ele>
        <time>2025-04-15T15:59:45.222Z</time>
      </trkpt>
      <trkpt lat="43.225358" lon="40.342584">
        <ele>27.175774</ele>
        <time>2025-04-15T15:59:46.851Z</time>
      </trkpt>
      <trkpt lat="43.225309" lon="40.342561">
        <ele>27.144784</ele>
        <time>2025-04-15T15:59:47.513Z</time>
      </trkpt>
      <trkpt lat="43.225298" lon="40.342125">
        <ele>26.954551</ele>
        <time>2025-04-15T15:59:51.566Z</time>
      </trkpt>
      <trkpt lat="43.225441" lon="40.337504">
        <ele>25.031450</ele>
        <time>2025-04-15T16:00:34.034Z</time>
      </trkpt>
      <trkpt lat="43.225584" lon="40.332256">
        <ele>24.301925</ele>
        <time>2025-04-15T16:01:24.953Z</time>
      </trkpt>
      <trkpt lat="43.225560" lon="40.331868">
        <ele>24.375314</ele>
        <time>2025-04-15T16:01:29.388Z</time>
      </trkpt>
      <trkpt lat="43.226134" lon="40.331833">
        <ele>24.565644</ele>
        <time>2025-04-15T16:01:43.236Z</time>
      </trkpt>
      <trkpt lat="43.226250" lon="40.331759">
        <ele>24.812591</ele>
        <time>2025-04-15T16:01:46.394Z</time>
      </trkpt>
      <trkpt lat="43.226297" lon="40.331589">
        <ele>25.068356</ele>
        <time>2025-04-15T16:01:49.730Z</time>
      </trkpt>
      <trkpt lat="43.226180" lon="40.331323">
        <ele>25.505413</ele>
        <time>2025-04-15T16:01:55.534Z</time>
      </trkpt>
      <trkpt lat="43.226119" lon="40.330973">
        <ele>26.011631</ele>
        <time>2025-04-15T16:02:02.426Z</time>
      </trkpt>
      <trkpt lat="43.226236" lon="40.330636">
        <ele>26.536733</ele>
        <time>2025-04-15T16:02:09.627Z</time>
      </trkpt>
      <trkpt lat="43.226427" lon="40.330470">
        <ele>26.973173</ele>
        <time>2025-04-15T16:02:15.671Z</time>
      </trkpt>
      <trkpt lat="43.226633" lon="40.330293">
        <ele>27.442362</ele>
        <time>2025-04-15T16:02:22.412Z</time>
      </trkpt>
      <trkpt lat="43.226889" lon="40.330187">
        <ele>27.958568</ele>
        <time>2025-04-15T16:02:30.241Z</time>
      </trkpt>
      <trkpt lat="43.227525" lon="40.330170">
        <ele>29.996668</ele>
        <time>2025-04-15T16:02:49.850Z</time>
      </trkpt>
      <trkpt lat="43.227662" lon="40.330108">
        <ele>30.463640</ele>
        <time>2025-04-15T16:02:54.371Z</time>
      </trkpt>
      <trkpt lat="43.227790" lon="40.329994">
        <ele>30.957588</ele>
        <time>2025-04-15T16:02:59.177Z</time>
      </trkpt>
      <trkpt lat="43.228604" lon="40.328871">
        <ele>34.147175</ele>
        <time>2025-04-15T16:03:33.824Z</time>
      </trkpt>
      <trkpt lat="43.228778" lon="40.328731">
        <ele>34.395308</ele>
        <time>2025-04-15T16:03:39.297Z</time>
      </trkpt>
      <trkpt lat="43.228823" lon="40.328701">
        <ele>34.456853</ele>
        <time>2025-04-15T16:03:40.618Z</time>
      </trkpt>
      <trkpt lat="43.229236" lon="40.328962">
        <ele>35.016212</ele>
        <time>2025-04-15T16:03:52.084Z</time>
      </trkpt>
      <trkpt lat="43.229587" lon="40.327945">
        <ele>36.024859</ele>
        <time>2025-04-15T16:04:03.511Z</time>
      </trkpt>
      <trkpt lat="43.229709" lon="40.327567">
        <ele>36.136835</ele>
        <time>2025-04-15T16:04:07.415Z</time>
      </trkpt>
      <trkpt lat="43.229864" lon="40.327023">
        <ele>36.295043</ele>
        <time>2025-04-15T16:04:12.994Z</time>
      </trkpt>
      <trkpt lat="43.230017" lon="40.326294">
        <ele>36.500520</ele>
        <time>2025-04-15T16:04:20.806Z</time>
      </trkpt>
      <trkpt lat="43.230090" lon="40.325808">
        <ele>36.634920</ele>
        <time>2025-04-15T16:04:26.441Z</time>
      </trkpt>
      <trkpt lat="43.230110" lon="40.325629">
        <ele>36.683969</ele>
        <time>2025-04-15T16:04:28.528Z</time>
      </trkpt>
      <trkpt lat="43.230162" lon="40.324267">
        <ele>37.333208</ele>
        <time>2025-04-15T16:04:43.855Z</time>
      </trkpt>
      <trkpt lat="43.230173" lon="40.323370">
        <ele>37.765114</ele>
        <time>2025-04-15T16:04:53.237Z</time>
      </trkpt>
      <trkpt lat="43.230196" lon="40.321591">
        <ele>38.953935</ele>
        <time>2025-04-15T16:05:12.028Z</time>
      </trkpt>
      <trkpt lat="43.230205" lon="40.320833">
        <ele>39.482806</ele>
        <time>2025-04-15T16:05:21.257Z</time>
      </trkpt>
      <trkpt lat="43.230212" lon="40.320284">
        <ele>40.341219</ele>
        <time>2025-04-15T16:05:28.457Z</time>
      </trkpt>
      <trkpt lat="43.230319" lon="40.319560">
        <ele>41.792418</ele>
        <time>2025-04-15T16:05:38.808Z</time>
      </trkpt>
      <trkpt lat="43.230538" lon="40.318934">
        <ele>43.156545</ele>
        <time>2025-04-15T16:05:48.958Z</time>
      </trkpt>
      <trkpt lat="43.230874" lon="40.318420">
        <ele>44.545859</ele>
        <time>2025-04-15T16:05:59.687Z</time>
      </trkpt>
      <trkpt lat="43.231388" lon="40.317801">
        <ele>47.403580</ele>
        <time>2025-04-15T16:06:15.168Z</time>
      </trkpt>
      <trkpt lat="43.232002" lon="40.317026">
        <ele>50.889651</ele>
        <time>2025-04-15T16:06:35.258Z</time>
      </trkpt>
      <trkpt lat="43.232200" lon="40.316781">
        <ele>52.003675</ele>
        <time>2025-04-15T16:06:41.745Z</time>
      </trkpt>
      <trkpt lat="43.232770" lon="40.316172">
        <ele>55.016831</ele>
        <time>2025-04-15T16:06:59.245Z</time>
      </trkpt>
      <trkpt lat="43.233489" lon="40.315635">
        <ele>58.431339</ele>
        <time>2025-04-15T16:07:18.607Z</time>
      </trkpt>
      <trkpt lat="43.234669" lon="40.314753">
        <ele>62.317772</ele>
        <time>2025-04-15T16:07:47.051Z</time>
      </trkpt>
      <trkpt lat="43.237254" lon="40.312749">
        <ele>66.403156</ele>
        <time>2025-04-15T16:08:37.363Z</time>
      </trkpt>
      <trkpt lat="43.237394" lon="40.312640">
        <ele>66.255206</ele>
        <time>2025-04-15T16:08:39.769Z</time>
      </trkpt>
      <trkpt lat="43.237816" lon="40.312187">
        <ele>65.762766</ele>
        <time>2025-04-15T16:08:46.674Z</time>
      </trkpt>
      <trkpt lat="43.239096" lon="40.309391">
        <ele>58.648541</ele>
        <time>2025-04-15T16:09:09.642Z</time>
      </trkpt>
      <trkpt lat="43.239249" lon="40.309045">
        <ele>57.756406</ele>
        <time>2025-04-15T16:09:12.378Z</time>
      </trkpt>
      <trkpt lat="43.239447" lon="40.308285">
        <ele>56.020796</ele>
        <time>2025-04-15T16:09:17.980Z</time>
      </trkpt>
      <trkpt lat="43.239759" lon="40.305623">
        <ele>51.317628</ele>
        <time>2025-04-15T16:09:38.470Z</time>
      </trkpt>
      <trkpt lat="43.240081" lon="40.304693">
        <ele>49.909295</ele>
        <time>2025-04-15T16:09:46.499Z</time>
      </trkpt>
      <trkpt lat="43.240515" lon="40.303848">
        <ele>49.575630</ele>
        <time>2025-04-15T16:09:55.335Z</time>
      </trkpt>
      <trkpt lat="43.240734" lon="40.303474">
        <ele>49.441280</ele>
        <time>2025-04-15T16:10:00.197Z</time>
      </trkpt>
      <trkpt lat="43.240982" lon="40.303128">
        <ele>49.305375</ele>
        <time>2025-04-15T16:10:05.324Z</time>
      </trkpt>
      <trkpt lat="43.241279" lon="40.302799">
        <ele>49.145049</ele>
        <time>2025-04-15T16:10:10.715Z</time>
      </trkpt>
      <trkpt lat="43.241626" lon="40.302510">
        <ele>48.421019</ele>
        <time>2025-04-15T16:10:16.153Z</time>
      </trkpt>
      <trkpt lat="43.243122" lon="40.301382">
        <ele>44.935181</ele>
        <time>2025-04-15T16:10:33.665Z</time>
      </trkpt>
      <trkpt lat="43.243898" lon="40.300605">
        <ele>41.913407</ele>
        <time>2025-04-15T16:10:42.815Z</time>
      </trkpt>
      <trkpt lat="43.244088" lon="40.300372">
        <ele>41.111882</ele>
        <time>2025-04-15T16:10:45.279Z</time>
      </trkpt>
      <trkpt lat="43.244885" lon="40.299420">
        <ele>38.348506</ele>
        <time>2025-04-15T16:10:56.000Z</time>
      </trkpt>
      <trkpt lat="43.245225" lon="40.299036">
        <ele>37.272958</ele>
        <time>2025-04-15T16:11:00.645Z</time>
      </trkpt>
      <trkpt lat="43.246244" lon="40.298422">
        <ele>34.346998</ele>
        <time>2025-04-15T16:11:12.034Z</time>
      </trkpt>
      <trkpt lat="43.246471" lon="40.298214">
        <ele>33.577609</ele>
        <time>2025-04-15T16:11:14.755Z</time>
      </trkpt>
      <trkpt lat="43.247116" lon="40.297549">
        <ele>31.303608</ele>
        <time>2025-04-15T16:11:22.733Z</time>
      </trkpt>
      <trkpt lat="43.248044" lon="40.296462">
        <ele>27.538791</ele>
        <time>2025-04-15T16:11:34.674Z</time>
      </trkpt>
      <trkpt lat="43.248504" lon="40.295962">
        <ele>25.703046</ele>
        <time>2025-04-15T16:11:40.427Z</time>
      </trkpt>
      <trkpt lat="43.248983" lon="40.295378">
        <ele>23.940925</ele>
        <time>2025-04-15T16:11:46.753Z</time>
      </trkpt>
      <trkpt lat="43.249232" lon="40.295140">
        <ele>23.144501</ele>
        <time>2025-04-15T16:11:49.768Z</time>
      </trkpt>
      <trkpt lat="43.249529" lon="40.294971">
        <ele>22.300574</ele>
        <time>2025-04-15T16:11:52.997Z</time>
      </trkpt>
      <trkpt lat="43.249881" lon="40.294848">
        <ele>21.347124</ele>
        <time>2025-04-15T16:11:56.663Z</time>
      </trkpt>
      <trkpt lat="43.250905" lon="40.294640">
        <ele>19.564487</ele>
        <time>2025-04-15T16:12:07.724Z</time>
      </trkpt>
      <trkpt lat="43.251426" lon="40.294582">
        <ele>18.884906</ele>
        <time>2025-04-15T16:12:13.691Z</time>
      </trkpt>
      <trkpt lat="43.251539" lon="40.294579">
        <ele>18.737966</ele>
        <time>2025-04-15T16:12:14.995Z</time>
      </trkpt>
      <trkpt lat="43.252288" lon="40.294584">
        <ele>18.122587</ele>
        <time>2025-04-15T16:12:23.995Z</time>
      </trkpt>
      <trkpt lat="43.252651" lon="40.294595">
        <ele>18.096930</ele>
        <time>2025-04-15T16:12:28.581Z</time>
      </trkpt>
      <trkpt lat="43.253495" lon="40.294833">
        <ele>18.036044</ele>
        <time>2025-04-15T16:12:41.026Z</time>
      </trkpt>
      <trkpt lat="43.253693" lon="40.294949">
        <ele>18.020832</ele>
        <time>2025-04-15T16:12:44.200Z</time>
      </trkpt>
      <trkpt lat="43.254107" lon="40.295210">
        <ele>17.547978</ele>
        <time>2025-04-15T16:12:49.939Z</time>
      </trkpt>
      <trkpt lat="43.254461" lon="40.295480">
        <ele>17.059941</ele>
        <time>2025-04-15T16:12:54.591Z</time>
      </trkpt>
      <trkpt lat="43.254547" lon="40.295518">
        <ele>16.951061</ele>
        <time>2025-04-15T16:12:55.607Z</time>
      </trkpt>
      <trkpt lat="43.254712" lon="40.295539">
        <ele>16.751354</ele>
        <time>2025-04-15T16:12:57.399Z</time>
      </trkpt>
      <trkpt lat="43.255044" lon="40.295453">
        <ele>16.344178</ele>
        <time>2025-04-15T16:13:00.953Z</time>
      </trkpt>
      <trkpt lat="43.255741" lon="40.295182">
        <ele>15.789976</ele>
        <time>2025-04-15T16:13:08.484Z</time>
      </trkpt>
      <trkpt lat="43.256010" lon="40.295073">
        <ele>15.737624</ele>
        <time>2025-04-15T16:13:11.791Z</time>
      </trkpt>
      <trkpt lat="43.256377" lon="40.294803">
        <ele>15.659905</ele>
        <time>2025-04-15T16:13:17.587Z</time>
      </trkpt>
      <trkpt lat="43.256637" lon="40.294566">
        <ele>15.601653</ele>
        <time>2025-04-15T16:13:22.310Z</time>
      </trkpt>
      <trkpt lat="43.257023" lon="40.294015">
        <ele>15.561067</ele>
        <time>2025-04-15T16:13:31.238Z</time>
      </trkpt>
      <trkpt lat="43.257752" lon="40.292686">
        <ele>16.293124</ele>
        <time>2025-04-15T16:13:48.558Z</time>
      </trkpt>
      <trkpt lat="43.258452" lon="40.291834">
        <ele>17.534878</ele>
        <time>2025-04-15T16:14:02.493Z</time>
      </trkpt>
      <trkpt lat="43.258839" lon="40.291458">
        <ele>18.569725</ele>
        <time>2025-04-15T16:14:10.867Z</time>
      </trkpt>
      <trkpt lat="43.259370" lon="40.291094">
        <ele>19.865232</ele>
        <time>2025-04-15T16:14:22.837Z</time>
      </trkpt>
      <trkpt lat="43.260036" lon="40.290672">
        <ele>21.867312</ele>
        <time>2025-04-15T16:14:39.219Z</time>
      </trkpt>
      <trkpt lat="43.260898" lon="40.289923">
        <ele>25.043026</ele>
        <time>2025-04-15T16:15:01.304Z</time>
      </trkpt>
      <trkpt lat="43.261311" lon="40.289486">
        <ele>26.097415</ele>
        <time>2025-04-15T16:15:11.249Z</time>
      </trkpt>
      <trkpt lat="43.261635" lon="40.289060">
        <ele>26.026152</ele>
        <time>2025-04-15T16:15:18.467Z</time>
      </trkpt>
      <trkpt lat="43.262036" lon="40.288345">
        <ele>25.921746</ele>
        <time>2025-04-15T16:15:26.668Z</time>
      </trkpt>
      <trkpt lat="43.262316" lon="40.287847">
        <ele>25.848958</ele>
        <time>2025-04-15T16:15:31.568Z</time>
      </trkpt>
      <trkpt lat="43.262539" lon="40.287352">
        <ele>24.706520</ele>
        <time>2025-04-15T16:15:35.839Z</time>
      </trkpt>
      <trkpt lat="43.262570" lon="40.287306">
        <ele>24.564095</ele>
        <time>2025-04-15T16:15:36.299Z</time>
      </trkpt>
      <trkpt lat="43.262764" lon="40.286886">
        <ele>23.433872</ele>
        <time>2025-04-15T16:15:39.843Z</time>
      </trkpt>
      <trkpt lat="43.262898" lon="40.286532">
        <ele>22.527246</ele>
        <time>2025-04-15T16:15:42.648Z</time>
      </trkpt>
      <trkpt lat="43.263067" lon="40.286028">
        <ele>21.266363</ele>
        <time>2025-04-15T16:15:46.540Z</time>
      </trkpt>
      <trkpt lat="43.263136" lon="40.285838">
        <ele>20.783894</ele>
        <time>2025-04-15T16:15:48.026Z</time>
      </trkpt>
      <trkpt lat="43.263279" lon="40.285348">
        <ele>19.648802</ele>
        <time>2025-04-15T16:15:51.700Z</time>
      </trkpt>
      <trkpt lat="43.263358" lon="40.285102">
        <ele>19.099180</ele>
        <time>2025-04-15T16:15:53.588Z</time>
      </trkpt>
      <trkpt lat="43.263529" lon="40.284560">
        <ele>17.891665</ele>
        <time>2025-04-15T16:15:57.737Z</time>
      </trkpt>
      <trkpt lat="43.263732" lon="40.284097">
        <ele>16.786854</ele>
        <time>2025-04-15T16:16:01.623Z</time>
      </trkpt>
      <trkpt lat="43.264087" lon="40.283498">
        <ele>15.208061</ele>
        <time>2025-04-15T16:16:07.561Z</time>
      </trkpt>
      <trkpt lat="43.264284" lon="40.283212">
        <ele>14.813257</ele>
        <time>2025-04-15T16:16:10.701Z</time>
      </trkpt>
      <trkpt lat="43.264643" lon="40.282604">
        <ele>14.060633</ele>
        <time>2025-04-15T16:16:17.275Z</time>
      </trkpt>
      <trkpt lat="43.265097" lon="40.281866">
        <ele>13.131733</ele>
        <time>2025-04-15T16:16:25.853Z</time>
      </trkpt>
      <trkpt lat="43.265764" lon="40.280930">
        <ele>11.115677</ele>
        <time>2025-04-15T16:16:35.779Z</time>
      </trkpt>
      <trkpt lat="43.265717" lon="40.280904">
        <ele>10.994316</ele>
        <time>2025-04-15T16:16:36.272Z</time>
      </trkpt>
      <trkpt lat="43.265600" lon="40.280908">
        <ele>10.714000</ele>
        <time>2025-04-15T16:16:37.433Z</time>
      </trkpt>
      <trkpt lat="43.265530" lon="40.280982">
        <ele>10.502419</ele>
        <time>2025-04-15T16:16:38.307Z</time>
      </trkpt>
      <trkpt lat="43.265432" lon="40.281031">
        <ele>10.252623</ele>
        <time>2025-04-15T16:16:39.344Z</time>
      </trkpt>
      <trkpt lat="43.265309" lon="40.280869">
        <ele>9.844432</ele>
        <time>2025-04-15T16:16:41.038Z</time>
      </trkpt>
      <trkpt lat="43.265141" lon="40.280594">
        <ele>9.218371</ele>
        <time>2025-04-15T16:16:45.726Z</time>
      </trkpt>
      <trkpt lat="43.265082" lon="40.280495">
        <ele>8.995250</ele>
        <time>2025-04-15T16:16:47.409Z</time>
      </trkpt>
      <trkpt lat="43.265473" lon="40.280038">
        <ele>8.322899</ele>
        <time>2025-04-15T16:16:56.861Z</time>
      </trkpt>
      <trkpt lat="43.265768" lon="40.279582">
        <ele>8.072540</ele>
        <time>2025-04-15T16:17:05.524Z</time>
      </trkpt>
      <trkpt lat="43.266308" lon="40.279129">
        <ele>7.715865</ele>
        <time>2025-04-15T16:17:19.755Z</time>
      </trkpt>
      <trkpt lat="43.267043" lon="40.278622">
        <ele>8.109402</ele>
        <time>2025-04-15T16:17:39.863Z</time>
      </trkpt>
      <trkpt lat="43.267650" lon="40.278182">
        <ele>9.174577</ele>
        <time>2025-04-15T16:17:58.344Z</time>
      </trkpt>
      <trkpt lat="43.267854" lon="40.278718">
        <ele>9.858021</ele>
        <time>2025-04-15T16:18:06.588Z</time>
      </trkpt>
      <trkpt lat="43.267888" lon="40.278738">
        <ele>9.915423</ele>
        <time>2025-04-15T16:18:07.275Z</time>
      </trkpt>
      <trkpt lat="43.267954" lon="40.278701">
        <ele>10.026053</ele>
        <time>2025-04-15T16:18:08.582Z</time>
      </trkpt>
      <trkpt lat="43.268616" lon="40.278275">
        <ele>10.286761</ele>
        <time>2025-04-15T16:18:21.251Z</time>
      </trkpt>
      <trkpt lat="43.269347" lon="40.277750">
        <ele>10.308108</ele>
        <time>2025-04-15T16:18:32.176Z</time>
      </trkpt>
      <trkpt lat="43.270214" lon="40.276868">
        <ele>9.325322</ele>
        <time>2025-04-15T16:18:44.671Z</time>
      </trkpt>
      <trkpt lat="43.271480" lon="40.275530">
        <ele>7.683178</ele>
        <time>2025-04-15T16:19:02.967Z</time>
      </trkpt>
      <trkpt lat="43.272060" lon="40.274909">
        <ele>7.683178</ele>
        <time>2025-04-15T16:19:12.141Z</time>
      </trkpt>
      <trkpt lat="43.272387" lon="40.274408">
        <ele>7.683178</ele>
        <time>2025-04-15T16:19:18.685Z</time>
      </trkpt>
      <trkpt lat="43.272683" lon="40.274094">
        <ele>7.683178</ele>
        <time>2025-04-15T16:19:23.824Z</time>
      </trkpt>
      <trkpt lat="43.272714" lon="40.274060">
        <ele>7.683178</ele>
        <time>2025-04-15T16:19:24.380Z</time>
      </trkpt>
      <trkpt lat="43.272639" lon="40.273900">
        <ele>7.683178</ele>
        <time>2025-04-15T16:19:27.460Z</time>
      </trkpt>
    </trkseg>
  </trk>
</gpx>